Pred Date,Target Date,0,1,2,3,4,5,6,7,8,9
1990-01-06,1990-04-06,0.007269012402351181,0.002309395094071682,0.0011122596111082436,7.318086987639509,0.004085560608461336,-0.0010818322892301466,-0.019490740740740746,3.459953703703704,0.11337962962962964,0.009106705382744036
1990-01-12,1990-04-12,0.007269012402351181,0.002309395094071682,0.0011122596111082436,7.318086987639509,0.004085560608461336,-0.0010818322892301466,-0.019490740740740746,3.459953703703704,0.11337962962962964,0.009102309900045876
1990-01-18,1990-04-18,0.007269012402351181,0.002309395094071682,0.0011122596111082436,7.318086987639509,0.004085560608461336,-0.0010818322892301466,-0.019490740740740746,3.459953703703704,0.11337962962962964,0.008425473298943982
1990-01-24,1990-04-24,0.007269012402351181,0.002330602160318434,0.001440280518179426,7.2657009669525445,0.003934530158589498,0.0011465577097237477,-0.030555634696306497,1.7360294752783663,0.09282444872344683,0.010179803502208677
1990-02-06,1990-05-06,0.007269012402351181,0.002309395094071682,0.0011122596111082436,7.318086987639509,0.004085560608461336,-0.0010818322892301466,-0.019490740740740746,3.459953703703704,0.11337962962962964,0.010295358695772578
1990-02-12,1990-05-12,0.007269012402351181,0.002309395094071682,0.0011122596111082436,7.318086987639509,0.004085560608461336,-0.0010818322892301466,-0.019490740740740746,3.459953703703704,0.11337962962962964,0.010207728515043821
1990-02-18,1990-05-18,0.007269012402351181,0.002309395094071682,0.0011122596111082436,7.318086987639509,0.004085560608461336,-0.0010818322892301466,-0.019490740740740746,3.459953703703704,0.11337962962962964,0.010180302564247288
1990-02-24,1990-05-24,0.007269012402351181,0.0017943615133076195,0.001094374468791593,7.256369713283114,0.0034931683917142544,0.001261009771076053,-0.061215537419414656,1.9846469833689158,0.05796895981531164,0.00966438412071397
1990-03-06,1990-06-06,0.007269012402351181,0.002309395094071682,0.0011122596111082436,7.318086987639509,0.004085560608461336,-0.0010818322892301466,-0.019490740740740746,3.459953703703704,0.11337962962962964,0.009177469624863297
1990-03-12,1990-06-12,0.007269012402351181,0.002309395094071682,0.0011122596111082436,7.318086987639509,0.004085560608461336,-0.0010818322892301466,-0.019490740740740746,3.459953703703704,0.11337962962962964,0.009189653182438955
1990-03-18,1990-06-18,0.007269012402351181,0.002309395094071682,0.0011122596111082436,7.318086987639509,0.004085560608461336,-0.0010818322892301466,-0.019490740740740746,3.459953703703704,0.11337962962962964,0.008697176113609643
1990-03-24,1990-06-24,0.0061516024137530595,0.0021854123676469037,0.0011873799852643756,7.218637937067939,0.003912990473353597,0.0011936383701087654,-0.057936058394379215,2.114873478725746,0.07961160345058436,0.008980043367215154
1990-04-06,1990-07-06,0.007269012402351181,0.002309395094071682,0.0011122596111082436,7.318086987639509,0.004085560608461336,-0.0010818322892301466,-0.019490740740740746,3.459953703703704,0.11337962962962964,0.00879641153960464
1990-04-12,1990-07-12,0.007269012402351181,0.002309395094071682,0.0011122596111082436,7.318086987639509,0.004085560608461336,-0.0010818322892301466,-0.019490740740740746,3.459953703703704,0.11337962962962964,0.008559513701001798
1990-04-18,1990-07-18,0.007269012402351181,0.002309395094071682,0.0011122596111082436,7.318086987639509,0.004085560608461336,-0.0010818322892301466,-0.019490740740740746,3.459953703703704,0.11337962962962964,0.008133029177795835
1990-04-24,1990-07-24,0.007269012402351181,0.0018934864416561225,0.0009056897689202483,7.167942265022614,0.003709134041345473,0.0015488605079327152,-0.09640478332693103,2.270133029730503,0.057663585444635325,0.008617374869184652
1990-05-06,1990-08-06,0.007269012402351181,0.002309395094071682,0.0011122596111082436,7.318086987639509,0.004085560608461336,-0.0010818322892301466,-0.019490740740740746,3.459953703703704,0.11337962962962964,0.008506173524699777
1990-05-12,1990-08-12,0.007269012402351181,0.002309395094071682,0.0011122596111082436,7.318086987639509,0.004085560608461336,-0.0010818322892301466,-0.019490740740740746,3.459953703703704,0.11337962962962964,0.008545839161497079
1990-05-18,1990-08-18,0.007269012402351181,0.002309395094071682,0.0011122596111082436,7.318086987639509,0.004085560608461336,-0.0010818322892301466,-0.019490740740740746,3.459953703703704,0.11337962962962964,0.008667227300869452
1990-05-24,1990-08-24,0.007269012402351181,0.0023096205722754693,0.0010149942110210136,7.128971350786431,0.003978349493910935,0.0016036459781868888,-0.09642573922563785,2.53843734827118,0.09293408819173773,0.008682177815427005
1990-06-06,1990-09-06,0.007269012402351181,0.002309395094071682,0.0011122596111082436,7.318086987639509,0.004085560608461336,-0.0010818322892301466,-0.019490740740740746,3.459953703703704,0.11337962962962964,0.00884670482262052
1990-06-12,1990-09-12,0.007269012402351181,0.002309395094071682,0.0011122596111082436,7.318086987639509,0.004085560608461336,-0.0010818322892301466,-0.019490740740740746,3.459953703703704,0.11337962962962964,0.008681321645034809
1990-06-18,1990-09-18,0.007269012402351181,0.002309395094071682,0.0011122596111082436,7.318086987639509,0.004085560608461336,-0.0010818322892301466,-0.019490740740740746,3.459953703703704,0.11337962962962964,0.008865094299686568
1990-06-24,1990-09-24,0.004843227399989907,0.0018585887941469856,0.0007902068856509364,7.096968497578806,0.0034947206363752743,0.0023735879251967065,-0.1349624257980481,2.320655628818034,0.06380745886803196,0.009383274328544867
1990-07-06,1990-10-06,0.007269012402351181,0.002309395094071682,0.0011122596111082436,7.318086987639509,0.004085560608461336,-0.0010818322892301466,-0.019490740740740746,3.459953703703704,0.11337962962962964,0.009145720755631335
1990-07-12,1990-10-12,0.007269012402351181,0.002309395094071682,0.0011122596111082436,7.318086987639509,0.004085560608461336,-0.0010818322892301466,-0.019490740740740746,3.459953703703704,0.11337962962962964,0.009182482256265698
1990-07-18,1990-10-18,0.007269012402351181,0.002309395094071682,0.0011122596111082436,7.318086987639509,0.004085560608461336,-0.0010818322892301466,-0.019490740740740746,3.459953703703704,0.11337962962962964,0.009029066384990653
1990-07-24,1990-10-24,0.007269012402351181,0.0011988476146128153,0.00035478227516138423,7.083220420875013,0.0030090976131719885,0.002438120759016992,-0.17516063708723165,2.5709466638469527,0.0184575072055191,0.008986380956791707
1990-08-06,1990-11-06,0.007269012402351181,0.002309395094071682,0.0011122596111082436,7.318086987639509,0.004085560608461336,-0.0010818322892301466,-0.019490740740740746,3.459953703703704,0.11337962962962964,0.008831896677198907
1990-08-12,1990-11-12,0.007269012402351181,0.002309395094071682,0.0011122596111082436,7.318086987639509,0.004085560608461336,-0.0010818322892301466,-0.019490740740740746,3.459953703703704,0.11337962962962964,0.010598584754161396
1990-08-18,1990-11-18,0.007269012402351181,0.002309395094071682,0.0011122596111082436,7.318086987639509,0.004085560608461336,-0.0010818322892301466,-0.019490740740740746,3.459953703703704,0.11337962962962964,0.010108667808534158
1990-08-24,1990-11-24,0.007269012402351181,0.00029607328144518096,-7.33141701406456e-05,7.050632420127601,0.0014282090470883269,0.003987469925724496,-0.25010957014604257,2.9111462073439016,0.006337722205063137,0.012350690828475393
1990-09-06,1990-12-06,0.007269012402351181,0.002309395094071682,0.0011122596111082436,7.318086987639509,0.004085560608461336,-0.0010818322892301466,-0.019490740740740746,3.459953703703704,0.11337962962962964,0.012239102188768954
1990-09-12,1990-12-12,0.007269012402351181,0.002309395094071682,0.0011122596111082436,7.318086987639509,0.004085560608461336,-0.0010818322892301466,-0.019490740740740746,3.459953703703704,0.11337962962962964,0.011075676646471149
1990-09-18,1990-12-18,0.007269012402351181,0.002309395094071682,0.0011122596111082436,7.318086987639509,0.004085560608461336,-0.0010818322892301466,-0.019490740740740746,3.459953703703704,0.11337962962962964,0.010236051435056827
1990-09-24,1990-12-24,0.0031962870182537942,0.00043295737135436987,-0.0001308893744888487,7.038605340205442,0.0018883582217191657,0.0033526684034448423,-0.24697260515728786,3.0573662956991883,-0.0001398907151153178,0.011152587409054313
1990-10-06,1991-01-06,0.007269012402351181,0.002309395094071682,0.0011122596111082436,7.318086987639509,0.004085560608461336,-0.0010818322892301466,-0.019490740740740746,3.459953703703704,0.11337962962962964,0.0116782245729485
1990-10-12,1991-01-12,0.007269012402351181,0.002309395094071682,0.0011122596111082436,7.318086987639509,0.004085560608461336,-0.0010818322892301466,-0.019490740740740746,3.459953703703704,0.11337962962962964,0.011473488004739133
1990-10-18,1991-01-18,0.007269012402351181,0.002309395094071682,0.0011122596111082436,7.318086987639509,0.004085560608461336,-0.0010818322892301466,-0.019490740740740746,3.459953703703704,0.11337962962962964,0.011562813839876286
1990-10-24,1991-01-24,0.007269012402351181,0.0001462974499187395,-0.0003811634382073505,6.992375131601224,0.0015748236311969553,0.0038290237343344014,-0.2845021030011016,3.2305090851368288,-0.015225057303960454,0.011207434980263845
1990-11-06,1991-02-06,0.007269012402351181,0.002309395094071682,0.0011122596111082436,7.318086987639509,0.004085560608461336,-0.0010818322892301466,-0.019490740740740746,3.459953703703704,0.11337962962962964,0.010958226613474524
1990-11-12,1991-02-12,0.007269012402351181,0.002309395094071682,0.0011122596111082436,7.318086987639509,0.004085560608461336,-0.0010818322892301466,-0.019490740740740746,3.459953703703704,0.11337962962962964,0.0109839777975063
1990-11-18,1991-02-18,0.007269012402351181,0.002309395094071682,0.0011122596111082436,7.318086987639509,0.004085560608461336,-0.0010818322892301466,-0.019490740740740746,3.459953703703704,0.11337962962962964,0.010638364559283135
1990-11-24,1991-02-24,0.007269012402351181,-5.0784091403978035e-05,-0.0005304950176404004,7.009358378020982,0.0019315709712420144,0.0031227875391395396,-0.27834416779399596,3.0692243652350135,-0.058886080459613466,0.009211291102910153
1990-12-06,1991-03-06,0.007269012402351181,0.002309395094071682,0.0011122596111082436,7.318086987639509,0.004085560608461336,-0.0010818322892301466,-0.019490740740740746,3.459953703703704,0.11337962962962964,0.009252639883632398
1990-12-12,1991-03-12,0.007269012402351181,0.002309395094071682,0.0011122596111082436,7.318086987639509,0.004085560608461336,-0.0010818322892301466,-0.019490740740740746,3.459953703703704,0.11337962962962964,0.009070383305664785
1990-12-18,1991-03-18,0.007269012402351181,0.002309395094071682,0.0011122596111082436,7.318086987639509,0.004085560608461336,-0.0010818322892301466,-0.019490740740740746,3.459953703703704,0.11337962962962964,0.008861903981814141
1990-12-24,1991-03-24,0.001701600349577624,0.0008515652644901898,-0.00026538818878833227,6.913308260279266,0.002794618483680002,0.003395044049226242,-0.2738063188954165,3.176573994726212,-0.007422837600599808,0.007925933808202161
1991-01-06,1991-04-06,0.007269012402351181,0.002309395094071682,0.0011122596111082436,7.318086987639509,0.004085560608461336,-0.0010818322892301466,-0.019490740740740746,3.459953703703704,0.11337962962962964,0.007971254446401555
1991-01-12,1991-04-12,0.007269012402351181,0.002309395094071682,0.0011122596111082436,7.318086987639509,0.004085560608461336,-0.0010818322892301466,-0.019490740740740746,3.459953703703704,0.11337962962962964,0.008804889479055562
1991-01-18,1991-04-18,0.007269012402351181,0.002309395094071682,0.0011122596111082436,7.318086987639509,0.004085560608461336,-0.0010818322892301466,-0.019490740740740746,3.459953703703704,0.11337962962962964,0.009959589552191592
1991-01-24,1991-04-24,0.007269012402351181,0.001286803005186069,-0.0002964821702269075,6.798020795076043,0.00255202321242073,0.004361088925900773,-0.31909195765521037,4.057771100984481,0.0640071488414691,0.009585287560546977
1991-02-06,1991-05-06,0.007269012402351181,0.002309395094071682,0.0011122596111082436,7.318086987639509,0.004085560608461336,-0.0010818322892301466,-0.019490740740740746,3.459953703703704,0.11337962962962964,0.00954361695728716
1991-02-12,1991-05-12,0.007269012402351181,0.002309395094071682,0.0011122596111082436,7.318086987639509,0.004085560608461336,-0.0010818322892301466,-0.019490740740740746,3.459953703703704,0.11337962962962964,0.009879350598801706
1991-02-18,1991-05-18,0.007269012402351181,0.002309395094071682,0.0011122596111082436,7.318086987639509,0.004085560608461336,-0.0010818322892301466,-0.019490740740740746,3.459953703703704,0.11337962962962964,0.010129938366439844
1991-02-24,1991-05-24,0.007269012402351181,0.0010142099156075592,-0.0004721664024558913,6.843057353426571,0.002630542473810218,0.0034163101292915797,-0.3108719409323933,4.2602471116317915,0.034932487864617404,0.00864866544998294
1991-03-06,1991-06-06,0.007269012402351181,0.002309395094071682,0.0011122596111082436,7.318086987639509,0.004085560608461336,-0.0010818322892301466,-0.019490740740740746,3.459953703703704,0.11337962962962964,0.008899254149177908
1991-03-12,1991-06-12,0.007269012402351181,0.002309395094071682,0.0011122596111082436,7.318086987639509,0.004085560608461336,-0.0010818322892301466,-0.019490740740740746,3.459953703703704,0.11337962962962964,0.008931057143010155
1991-03-18,1991-06-18,0.007269012402351181,0.002309395094071682,0.0011122596111082436,7.318086987639509,0.004085560608461336,-0.0010818322892301466,-0.019490740740740746,3.459953703703704,0.11337962962962964,0.008843394546107126
1991-03-24,1991-06-24,0.0023376957062923205,0.0015028368517421816,-0.00022365553412327958,6.836282289975811,0.0030331874950474654,0.0032838775166453204,-0.29096024238209905,4.225596094468995,0.0688295353031943,0.008924725078307124
1991-04-06,1991-07-06,0.007269012402351181,0.002309395094071682,0.0011122596111082436,7.318086987639509,0.004085560608461336,-0.0010818322892301466,-0.019490740740740746,3.459953703703704,0.11337962962962964,0.00909730509478313
1991-04-12,1991-07-12,0.007269012402351181,0.002309395094071682,0.0011122596111082436,7.318086987639509,0.004085560608461336,-0.0010818322892301466,-0.019490740740740746,3.459953703703704,0.11337962962962964,0.009376830817392675
1991-04-18,1991-07-18,0.007269012402351181,0.002309395094071682,0.0011122596111082436,7.318086987639509,0.004085560608461336,-0.0010818322892301466,-0.019490740740740746,3.459953703703704,0.11337962962962964,0.009405864973792666
1991-04-24,1991-07-24,0.007269012402351181,0.0016333267761020945,-0.00010346814978462178,6.8928468535096306,0.003109712199097488,0.0025683310444278825,-0.26162518574770083,4.4616634110867786,0.08651884498011848,0.00928595845414267
1991-05-06,1991-08-06,0.007269012402351181,0.002309395094071682,0.0011122596111082436,7.318086987639509,0.004085560608461336,-0.0010818322892301466,-0.019490740740740746,3.459953703703704,0.11337962962962964,0.009257682472167628
1991-05-12,1991-08-12,0.007269012402351181,0.002309395094071682,0.0011122596111082436,7.318086987639509,0.004085560608461336,-0.0010818322892301466,-0.019490740740740746,3.459953703703704,0.11337962962962964,0.009033078755184222
1991-05-18,1991-08-18,0.007269012402351181,0.002309395094071682,0.0011122596111082436,7.318086987639509,0.004085560608461336,-0.0010818322892301466,-0.019490740740740746,3.459953703703704,0.11337962962962964,0.009449281736350582
1991-05-24,1991-08-24,0.007269012402351181,0.0022601688969469042,0.00023672658680667794,6.903981662912929,0.003610594334065476,0.0022051396214733355,-0.22642348367328363,4.50749836920278,0.13230663721670038,0.009474842166031743
1991-06-06,1991-09-06,0.007269012402351181,0.002309395094071682,0.0011122596111082436,7.318086987639509,0.004085560608461336,-0.0010818322892301466,-0.019490740740740746,3.459953703703704,0.11337962962962964,0.009266414835253145
1991-06-12,1991-09-12,0.007269012402351181,0.002309395094071682,0.0011122596111082436,7.318086987639509,0.004085560608461336,-0.0010818322892301466,-0.019490740740740746,3.459953703703704,0.11337962962962964,0.008918428014160486
1991-06-18,1991-09-18,0.007269012402351181,0.002309395094071682,0.0011122596111082436,7.318086987639509,0.004085560608461336,-0.0010818322892301466,-0.019490740740740746,3.459953703703704,0.11337962962962964,0.008978218127280746
1991-06-24,1991-09-24,0.005703909056987335,0.0032538867695828403,0.0008722460870557414,6.932644990757698,0.004315704514418984,0.0019451357777043648,-0.16204530923448243,4.33680037807731,0.20444400438490296,0.009761147735597182
1991-07-06,1991-10-06,0.007269012402351181,0.002309395094071682,0.0011122596111082436,7.318086987639509,0.004085560608461336,-0.0010818322892301466,-0.019490740740740746,3.459953703703704,0.11337962962962964,0.009713671011471811
1991-07-12,1991-10-12,0.007269012402351181,0.002309395094071682,0.0011122596111082436,7.318086987639509,0.004085560608461336,-0.0010818322892301466,-0.019490740740740746,3.459953703703704,0.11337962962962964,0.009165292121133402
1991-07-18,1991-10-18,0.007269012402351181,0.002309395094071682,0.0011122596111082436,7.318086987639509,0.004085560608461336,-0.0010818322892301466,-0.019490740740740746,3.459953703703704,0.11337962962962964,0.008780509702577525
1991-07-24,1991-10-24,0.007269012402351181,0.0032256242252391557,0.0008656914470187998,6.971995542403541,0.0045887839079190315,0.001198374931388712,-0.14054792480579537,4.331276218830257,0.1875701080125971,0.008531814292268972
1991-08-06,1991-11-06,0.007269012402351181,0.002309395094071682,0.0011122596111082436,7.318086987639509,0.004085560608461336,-0.0010818322892301466,-0.019490740740740746,3.459953703703704,0.11337962962962964,0.008284858030432106
1991-08-12,1991-11-12,0.007269012402351181,0.002309395094071682,0.0011122596111082436,7.318086987639509,0.004085560608461336,-0.0010818322892301466,-0.019490740740740746,3.459953703703704,0.11337962962962964,0.008266914509791825
1991-08-18,1991-11-18,0.007269012402351181,0.002309395094071682,0.0011122596111082436,7.318086987639509,0.004085560608461336,-0.0010818322892301466,-0.019490740740740746,3.459953703703704,0.11337962962962964,0.008483500244447864
1991-08-24,1991-11-24,0.007269012402351181,0.0026410350698378837,0.000641319397193174,6.986381279158316,0.003746942130726664,0.0017616433569853163,-0.16834973961649313,4.421931027049226,0.16869812330752504,0.009947619589374224
1991-09-06,1991-12-06,0.007269012402351181,0.002309395094071682,0.0011122596111082436,7.318086987639509,0.004085560608461336,-0.0010818322892301466,-0.019490740740740746,3.459953703703704,0.11337962962962964,0.009064179997050129
1991-09-12,1991-12-12,0.007269012402351181,0.002309395094071682,0.0011122596111082436,7.318086987639509,0.004085560608461336,-0.0010818322892301466,-0.019490740740740746,3.459953703703704,0.11337962962962964,0.008652672721467592
1991-09-18,1991-12-18,0.007269012402351181,0.002309395094071682,0.0011122596111082436,7.318086987639509,0.004085560608461336,-0.0010818322892301466,-0.019490740740740746,3.459953703703704,0.11337962962962964,0.008571288480062273
1991-09-24,1991-12-24,0.005498173502855619,0.0032441247428101772,0.0008245226011817546,6.969144612346241,0.0046792255070393415,0.000966481446560638,-0.1419540394046932,4.460829498114297,0.1874084232891398,0.008351579466790465
1991-10-06,1992-01-06,0.007269012402351181,0.002309395094071682,0.0011122596111082436,7.318086987639509,0.004085560608461336,-0.0010818322892301466,-0.019490740740740746,3.459953703703704,0.11337962962962964,0.008161353786738159
1991-10-12,1992-01-12,0.007269012402351181,0.002309395094071682,0.0011122596111082436,7.318086987639509,0.004085560608461336,-0.0010818322892301466,-0.019490740740740746,3.459953703703704,0.11337962962962964,0.008434876110922569
1991-10-18,1992-01-18,0.007269012402351181,0.002309395094071682,0.0011122596111082436,7.318086987639509,0.004085560608461336,-0.0010818322892301466,-0.019490740740740746,3.459953703703704,0.11337962962962964,0.008537068645253082
1991-10-24,1992-01-24,0.007269012402351181,0.003053947859446777,0.0007118158177115601,6.999834003739369,0.004577741885399769,0.00046736483226675774,-0.1387577260164657,4.711881090703034,0.1769063221889855,0.008162072267485287
1991-11-06,1992-02-06,0.007269012402351181,0.002309395094071682,0.0011122596111082436,7.318086987639509,0.004085560608461336,-0.0010818322892301466,-0.019490740740740746,3.459953703703704,0.11337962962962964,0.008182424733378137
1991-11-12,1992-02-12,0.007269012402351181,0.002309395094071682,0.0011122596111082436,7.318086987639509,0.004085560608461336,-0.0010818322892301466,-0.019490740740740746,3.459953703703704,0.11337962962962964,0.007922198549234725
1991-11-18,1992-02-18,0.007269012402351181,0.002309395094071682,0.0011122596111082436,7.318086987639509,0.004085560608461336,-0.0010818322892301466,-0.019490740740740746,3.459953703703704,0.11337962962962964,0.009221592078419364
1991-11-24,1992-02-24,0.007269012402351181,0.0026398163660188716,0.0005265763104587106,7.019912404016463,0.003926011458625006,0.0006455231197244819,-0.15616736616464166,5.03807890686081,0.17095907572038777,0.009236456594826605
1991-12-06,1992-03-06,0.007269012402351181,0.002309395094071682,0.0011122596111082436,7.318086987639509,0.004085560608461336,-0.0010818322892301466,-0.019490740740740746,3.459953703703704,0.11337962962962964,0.008708742550515408
1991-12-12,1992-03-12,0.007269012402351181,0.002309395094071682,0.0011122596111082436,7.318086987639509,0.004085560608461336,-0.0010818322892301466,-0.019490740740740746,3.459953703703704,0.11337962962962964,0.008427978429851176
1991-12-18,1992-03-18,0.007269012402351181,0.002309395094071682,0.0011122596111082436,7.318086987639509,0.004085560608461336,-0.0010818322892301466,-0.019490740740740746,3.459953703703704,0.11337962962962964,0.008304064515367193
1991-12-24,1992-03-24,0.005402562602851807,0.002588424670399872,0.0004679317390442275,7.024856121692138,0.00401990482247401,0.0003645404997077769,-0.1555616125811028,5.0855217860886475,0.16136798342491562,0.0087788405138213
1992-01-06,1992-04-06,0.007269012402351181,0.002309395094071682,0.0011122596111082436,7.318086987639509,0.004085560608461336,-0.0010818322892301466,-0.019490740740740746,3.459953703703704,0.11337962962962964,0.008852468170551148
1992-01-12,1992-04-12,0.007269012402351181,0.002309395094071682,0.0011122596111082436,7.318086987639509,0.004085560608461336,-0.0010818322892301466,-0.019490740740740746,3.459953703703704,0.11337962962962964,0.008142896480373791
1992-01-18,1992-04-18,0.007269012402351181,0.002309395094071682,0.0011122596111082436,7.318086987639509,0.004085560608461336,-0.0010818322892301466,-0.019490740740740746,3.459953703703704,0.11337962962962964,0.00846209436715999
1992-01-24,1992-04-24,0.007269012402351181,0.0025204055323355687,0.0003738773129684076,7.103100294670463,0.004349042734313601,-0.0013526888608741145,-0.12441883138416326,5.580451673442753,0.14912530282477182,0.007739869113624729
1992-02-06,1992-05-06,0.007269012402351181,0.002309395094071682,0.0011122596111082436,7.318086987639509,0.004085560608461336,-0.0010818322892301466,-0.019490740740740746,3.459953703703704,0.11337962962962964,0.007856537323025556
1992-02-12,1992-05-12,0.007269012402351181,0.002309395094071682,0.0011122596111082436,7.318086987639509,0.004085560608461336,-0.0010818322892301466,-0.019490740740740746,3.459953703703704,0.11337962962962964,0.007795031424805739
1992-02-18,1992-05-18,0.007269012402351181,0.002309395094071682,0.0011122596111082436,7.318086987639509,0.004085560608461336,-0.0010818322892301466,-0.019490740740740746,3.459953703703704,0.11337962962962964,0.007871544341634808
1992-02-24,1992-05-24,0.007269012402351181,0.002649163787103767,0.0005573273162480346,7.143487969525824,0.004303727484534015,-0.0015135275797834886,-0.10441772891828793,5.477350222348969,0.16872491642117776,0.009151953897217716
1992-03-06,1992-06-06,0.007269012402351181,0.002309395094071682,0.0011122596111082436,7.318086987639509,0.004085560608461336,-0.0010818322892301466,-0.019490740740740746,3.459953703703704,0.11337962962962964,0.008837169357719686
1992-03-12,1992-06-12,0.007269012402351181,0.002309395094071682,0.0011122596111082436,7.318086987639509,0.004085560608461336,-0.0010818322892301466,-0.019490740740740746,3.459953703703704,0.11337962962962964,0.008469427842837511
1992-03-18,1992-06-18,0.007269012402351181,0.002309395094071682,0.0011122596111082436,7.318086987639509,0.004085560608461336,-0.0010818322892301466,-0.019490740740740746,3.459953703703704,0.11337962962962964,0.008115257090350407
1992-03-24,1992-06-24,0.007404838711204356,0.003529972150800924,0.0010678068147747066,7.166431444934578,0.005192399348218928,-0.0020803054380342393,-0.04418077218337016,5.297860503534654,0.21743130498884983,0.00824496300655048
1992-04-06,1992-07-06,0.007269012402351181,0.002309395094071682,0.0011122596111082436,7.318086987639509,0.004085560608461336,-0.0010818322892301466,-0.019490740740740746,3.459953703703704,0.11337962962962964,0.008048710492104434
1992-04-12,1992-07-12,0.007269012402351181,0.002309395094071682,0.0011122596111082436,7.318086987639509,0.004085560608461336,-0.0010818322892301466,-0.019490740740740746,3.459953703703704,0.11337962962962964,0.00900637992548925
1992-04-18,1992-07-18,0.007269012402351181,0.002309395094071682,0.0011122596111082436,7.318086987639509,0.004085560608461336,-0.0010818322892301466,-0.019490740740740746,3.459953703703704,0.11337962962962964,0.00920190495423336
1992-04-24,1992-07-24,0.007269012402351181,0.004274745529175427,0.001338034896612039,7.10614367844818,0.005584797905155755,-0.001735977294613487,-0.037427302782135664,5.619283886113749,0.28170976750446075,0.008386731871566062
1992-05-06,1992-08-06,0.007269012402351181,0.002309395094071682,0.0011122596111082436,7.318086987639509,0.004085560608461336,-0.0010818322892301466,-0.019490740740740746,3.459953703703704,0.11337962962962964,0.008369451939022379
1992-05-12,1992-08-12,0.007269012402351181,0.002309395094071682,0.0011122596111082436,7.318086987639509,0.004085560608461336,-0.0010818322892301466,-0.019490740740740746,3.459953703703704,0.11337962962962964,0.0081691039707317
1992-05-18,1992-08-18,0.007269012402351181,0.002309395094071682,0.0011122596111082436,7.318086987639509,0.004085560608461336,-0.0010818322892301466,-0.019490740740740746,3.459953703703704,0.11337962962962964,0.00811285207991719
1992-05-24,1992-08-24,0.007269012402351181,0.004160441196326665,0.0013132093002861237,7.138860836305728,0.005627117848074656,-0.0021773945472204925,-0.028112508549032016,5.561452867444953,0.2683727217558824,0.00834223303346288
1992-06-06,1992-09-06,0.007269012402351181,0.002309395094071682,0.0011122596111082436,7.318086987639509,0.004085560608461336,-0.0010818322892301466,-0.019490740740740746,3.459953703703704,0.11337962962962964,0.00841543907753723
1992-06-12,1992-09-12,0.007269012402351181,0.002309395094071682,0.0011122596111082436,7.318086987639509,0.004085560608461336,-0.0010818322892301466,-0.019490740740740746,3.459953703703704,0.11337962962962964,0.008184861668432979
1992-06-18,1992-09-18,0.007269012402351181,0.002309395094071682,0.0011122596111082436,7.318086987639509,0.004085560608461336,-0.0010818322892301466,-0.019490740740740746,3.459953703703704,0.11337962962962964,0.008205048626559878
1992-06-24,1992-09-24,0.007792099359221885,0.004124158166346494,0.001262451499451486,7.120714855763526,0.005638796614101906,-0.002020408242878481,-0.0363385685429041,5.533630060798366,0.2616137560968751,0.0079336531644443
1992-07-06,1992-10-06,0.007269012402351181,0.002309395094071682,0.0011122596111082436,7.318086987639509,0.004085560608461336,-0.0010818322892301466,-0.019490740740740746,3.459953703703704,0.11337962962962964,0.00816734280173537
1992-07-12,1992-10-12,0.007269012402351181,0.002309395094071682,0.0011122596111082436,7.318086987639509,0.004085560608461336,-0.0010818322892301466,-0.019490740740740746,3.459953703703704,0.11337962962962964,0.008218123952204549
1992-07-18,1992-10-18,0.007269012402351181,0.002309395094071682,0.0011122596111082436,7.318086987639509,0.004085560608461336,-0.0010818322892301466,-0.019490740740740746,3.459953703703704,0.11337962962962964,0.007903168306667978
1992-07-24,1992-10-24,0.007269012402351181,0.004258279222049089,0.0012306653647340838,7.1222490125825155,0.005793393059544898,-0.0025392489470646,-0.03163895256439294,5.98015756478161,0.27576906398801004,0.007574546182695501
1992-08-06,1992-11-06,0.007269012402351181,0.002309395094071682,0.0011122596111082436,7.318086987639509,0.004085560608461336,-0.0010818322892301466,-0.019490740740740746,3.459953703703704,0.11337962962962964,0.00789928819015807
1992-08-12,1992-11-12,0.007269012402351181,0.002309395094071682,0.0011122596111082436,7.318086987639509,0.004085560608461336,-0.0010818322892301466,-0.019490740740740746,3.459953703703704,0.11337962962962964,0.00751331709236346
1992-08-18,1992-11-18,0.007269012402351181,0.002309395094071682,0.0011122596111082436,7.318086987639509,0.004085560608461336,-0.0010818322892301466,-0.019490740740740746,3.459953703703704,0.11337962962962964,0.007352113533058001
1992-08-24,1992-11-24,0.007269012402351181,0.0037664126590212874,0.0010890530701172622,7.154633442146214,0.005517965881049632,-0.0024914218147401436,-0.03822674479860769,5.550531139027303,0.23041542450990815,0.007632849977347943
1992-09-06,1992-12-06,0.007269012402351181,0.002309395094071682,0.0011122596111082436,7.318086987639509,0.004085560608461336,-0.0010818322892301466,-0.019490740740740746,3.459953703703704,0.11337962962962964,0.007536035406079632
1992-09-12,1992-12-12,0.007269012402351181,0.002309395094071682,0.0011122596111082436,7.318086987639509,0.004085560608461336,-0.0010818322892301466,-0.019490740740740746,3.459953703703704,0.11337962962962964,0.007568192146042653
1992-09-18,1992-12-18,0.007269012402351181,0.002309395094071682,0.0011122596111082436,7.318086987639509,0.004085560608461336,-0.0010818322892301466,-0.019490740740740746,3.459953703703704,0.11337962962962964,0.008339638275355346
1992-09-24,1992-12-24,0.007444444362836169,0.003630505831318238,0.000999178323240977,7.151331660600748,0.0052602171183998535,-0.002371908998553608,-0.04998642241646006,5.7550482341860505,0.23209929169582794,0.008129011987763095
1992-10-06,1993-01-06,0.007269012402351181,0.002309395094071682,0.0011122596111082436,7.318086987639509,0.004085560608461336,-0.0010818322892301466,-0.019490740740740746,3.459953703703704,0.11337962962962964,0.008083234917572863
1992-10-12,1993-01-12,0.007269012402351181,0.002309395094071682,0.0011122596111082436,7.318086987639509,0.004085560608461336,-0.0010818322892301466,-0.019490740740740746,3.459953703703704,0.11337962962962964,0.008597548524965463
1992-10-18,1993-01-18,0.007269012402351181,0.002309395094071682,0.0011122596111082436,7.318086987639509,0.004085560608461336,-0.0010818322892301466,-0.019490740740740746,3.459953703703704,0.11337962962962964,0.008415662811780321
1992-10-24,1993-01-24,0.007269012402351181,0.004461676947569427,0.0014390692992030296,7.167813923705675,0.005891346629343004,-0.002886019722532523,-0.0023861111988524378,5.929101133715376,0.2956225125161822,0.008226400267776246
1992-11-06,1993-02-06,0.007269012402351181,0.002309395094071682,0.0011122596111082436,7.318086987639509,0.004085560608461336,-0.0010818322892301466,-0.019490740740740746,3.459953703703704,0.11337962962962964,0.0081665186670808
1992-11-12,1993-02-12,0.007269012402351181,0.002309395094071682,0.0011122596111082436,7.318086987639509,0.004085560608461336,-0.0010818322892301466,-0.019490740740740746,3.459953703703704,0.11337962962962964,0.008026954390133132
1992-11-18,1993-02-18,0.007269012402351181,0.002309395094071682,0.0011122596111082436,7.318086987639509,0.004085560608461336,-0.0010818322892301466,-0.019490740740740746,3.459953703703704,0.11337962962962964,0.007779134826152787
1992-11-24,1993-02-24,0.007269012402351181,0.005258475987393697,0.001883607336888926,7.146180727571182,0.0065605067855737794,-0.00271308100717497,0.03237888927691974,5.644574698361721,0.342705526335799,0.0077703202121377065
1992-12-06,1993-03-06,0.007269012402351181,0.002309395094071682,0.0011122596111082436,7.318086987639509,0.004085560608461336,-0.0010818322892301466,-0.019490740740740746,3.459953703703704,0.11337962962962964,0.007412083393504551
1992-12-12,1993-03-12,0.007269012402351181,0.002309395094071682,0.0011122596111082436,7.318086987639509,0.004085560608461336,-0.0010818322892301466,-0.019490740740740746,3.459953703703704,0.11337962962962964,0.007393425401956495
1992-12-18,1993-03-18,0.007269012402351181,0.002309395094071682,0.0011122596111082436,7.318086987639509,0.004085560608461336,-0.0010818322892301466,-0.019490740740740746,3.459953703703704,0.11337962962962964,0.007716830851013613
1992-12-24,1993-03-24,0.01000689240601892,0.005867060631934619,0.002218212955210727,7.146374991460706,0.007197899956805448,-0.0029228979523532035,0.06938021602163025,5.474951960241866,0.3724341739146504,0.006690306068007859
1993-01-06,1993-04-06,0.007269012402351181,0.002309395094071682,0.0011122596111082436,7.318086987639509,0.004085560608461336,-0.0010818322892301466,-0.019490740740740746,3.459953703703704,0.11337962962962964,0.006696928383553279
1993-01-12,1993-04-12,0.007269012402351181,0.002309395094071682,0.0011122596111082436,7.318086987639509,0.004085560608461336,-0.0010818322892301466,-0.019490740740740746,3.459953703703704,0.11337962962962964,0.006937564241294664
1993-01-18,1993-04-18,0.007269012402351181,0.002309395094071682,0.0011122596111082436,7.318086987639509,0.004085560608461336,-0.0010818322892301466,-0.019490740740740746,3.459953703703704,0.11337962962962964,0.007259280639393772
1993-01-24,1993-04-24,0.007269012402351181,0.005921529865173268,0.0022346729570642604,7.171668013889072,0.007228961294094314,-0.0034129545342649883,0.07917241913023054,5.724314329797355,0.38370529800602227,0.007151242846694954
1993-02-06,1993-05-06,0.007269012402351181,0.002309395094071682,0.0011122596111082436,7.318086987639509,0.004085560608461336,-0.0010818322892301466,-0.019490740740740746,3.459953703703704,0.11337962962962964,0.007257355305445521
1993-02-12,1993-05-12,0.007269012402351181,0.002309395094071682,0.0011122596111082436,7.318086987639509,0.004085560608461336,-0.0010818322892301466,-0.019490740740740746,3.459953703703704,0.11337962962962964,0.00755479189559931
1993-02-18,1993-05-18,0.007269012402351181,0.002309395094071682,0.0011122596111082436,7.318086987639509,0.004085560608461336,-0.0010818322892301466,-0.019490740740740746,3.459953703703704,0.11337962962962964,0.007934387830433917
1993-02-24,1993-05-24,0.007269012402351181,0.005497752781758322,0.0021006940120133705,7.161781898330407,0.006518282656135665,-0.0025150393520341173,0.04925254073328309,5.584950269148057,0.3716244642298774,0.008715979432967447
1993-03-06,1993-06-06,0.007269012402351181,0.002309395094071682,0.0011122596111082436,7.318086987639509,0.004085560608461336,-0.0010818322892301466,-0.019490740740740746,3.459953703703704,0.11337962962962964,0.008569198920399127
1993-03-12,1993-06-12,0.007269012402351181,0.002309395094071682,0.0011122596111082436,7.318086987639509,0.004085560608461336,-0.0010818322892301466,-0.019490740740740746,3.459953703703704,0.11337962962962964,0.008876117841245274
1993-03-18,1993-06-18,0.007269012402351181,0.002309395094071682,0.0011122596111082436,7.318086987639509,0.004085560608461336,-0.0010818322892301466,-0.019490740740740746,3.459953703703704,0.11337962962962964,0.008544802690236646
1993-03-24,1993-06-24,0.007838948220814327,0.004277522496402288,0.0013690491736310728,7.0937903557035185,0.0056827077740370414,-0.001497527944987447,-0.04014231579989531,5.276426753954109,0.2712357319789226,0.00827774832840727
1993-04-06,1993-07-06,0.007269012402351181,0.002309395094071682,0.0011122596111082436,7.318086987639509,0.004085560608461336,-0.0010818322892301466,-0.019490740740740746,3.459953703703704,0.11337962962962964,0.008475463064369354
1993-04-12,1993-07-12,0.007269012402351181,0.002309395094071682,0.0011122596111082436,7.318086987639509,0.004085560608461336,-0.0010818322892301466,-0.019490740740740746,3.459953703703704,0.11337962962962964,0.008920521077469039
1993-04-18,1993-07-18,0.007269012402351181,0.002309395094071682,0.0011122596111082436,7.318086987639509,0.004085560608461336,-0.0010818322892301466,-0.019490740740740746,3.459953703703704,0.11337962962962964,0.00838410568350481
1993-04-24,1993-07-24,0.007269012402351181,0.0047487128155633525,0.0016918399738114973,7.162142120334714,0.006100916444615247,-0.002437259186831766,0.01504611657306474,5.458332813727715,0.30739946907316357,0.008063433600976628
1993-05-06,1993-08-06,0.007269012402351181,0.002309395094071682,0.0011122596111082436,7.318086987639509,0.004085560608461336,-0.0010818322892301466,-0.019490740740740746,3.459953703703704,0.11337962962962964,0.008072732185534691
1993-05-12,1993-08-12,0.007269012402351181,0.002309395094071682,0.0011122596111082436,7.318086987639509,0.004085560608461336,-0.0010818322892301466,-0.019490740740740746,3.459953703703704,0.11337962962962964,0.007628153339909273
1993-05-18,1993-08-18,0.007269012402351181,0.002309395094071682,0.0011122596111082436,7.318086987639509,0.004085560608461336,-0.0010818322892301466,-0.019490740740740746,3.459953703703704,0.11337962962962964,0.008079656248959281
1993-05-24,1993-08-24,0.007269012402351181,0.004596575772511177,0.0016587022828482734,7.183659075787352,0.006007546157543658,-0.002543036840860927,0.01851592868000012,5.384494639865191,0.29480201616493884,0.007989134497587412
1993-06-06,1993-09-06,0.007269012402351181,0.002309395094071682,0.0011122596111082436,7.318086987639509,0.004085560608461336,-0.0010818322892301466,-0.019490740740740746,3.459953703703704,0.11337962962962964,0.007842273023386939
1993-06-12,1993-09-12,0.007269012402351181,0.002309395094071682,0.0011122596111082436,7.318086987639509,0.004085560608461336,-0.0010818322892301466,-0.019490740740740746,3.459953703703704,0.11337962962962964,0.007826485932094241
1993-06-18,1993-09-18,0.007269012402351181,0.002309395094071682,0.0011122596111082436,7.318086987639509,0.004085560608461336,-0.0010818322892301466,-0.019490740740740746,3.459953703703704,0.11337962962962964,0.0077086701143502835
1993-06-24,1993-09-24,0.008661580335932997,0.004381771949421385,0.001608561394423647,7.19053036300799,0.005903348806230088,-0.0023734646436148112,0.013306314896570845,5.065614794044648,0.2717841363727823,0.008013731969783623
1993-07-06,1993-10-06,0.007269012402351181,0.002309395094071682,0.0011122596111082436,7.318086987639509,0.004085560608461336,-0.0010818322892301466,-0.019490740740740746,3.459953703703704,0.11337962962962964,0.007953904206732566
1993-07-12,1993-10-12,0.007269012402351181,0.002309395094071682,0.0011122596111082436,7.318086987639509,0.004085560608461336,-0.0010818322892301466,-0.019490740740740746,3.459953703703704,0.11337962962962964,0.008173723035816063
1993-07-18,1993-10-18,0.007269012402351181,0.002309395094071682,0.0011122596111082436,7.318086987639509,0.004085560608461336,-0.0010818322892301466,-0.019490740740740746,3.459953703703704,0.11337962962962964,0.007993338225408538
1993-07-24,1993-10-24,0.007269012402351181,0.00469929146061326,0.0017802328283996213,7.1959827618180086,0.006240842854930597,-0.002594946648480785,0.0338245658931644,5.018917205238126,0.2885751818314621,0.007601760472727374
1993-08-06,1993-11-06,0.007269012402351181,0.002309395094071682,0.0011122596111082436,7.318086987639509,0.004085560608461336,-0.0010818322892301466,-0.019490740740740746,3.459953703703704,0.11337962962962964,0.0076382368920190355
1993-08-12,1993-11-12,0.007269012402351181,0.002309395094071682,0.0011122596111082436,7.318086987639509,0.004085560608461336,-0.0010818322892301466,-0.019490740740740746,3.459953703703704,0.11337962962962964,0.007456966905099883
1993-08-18,1993-11-18,0.007269012402351181,0.002309395094071682,0.0011122596111082436,7.318086987639509,0.004085560608461336,-0.0010818322892301466,-0.019490740740740746,3.459953703703704,0.11337962962962964,0.007376933879702438
1993-08-24,1993-11-24,0.007269012402351181,0.004069189079858919,0.0015071477009388015,7.202220869507412,0.005886875916227864,-0.002326856492842328,0.010131724066109078,4.635469174643664,0.23027193113255517,0.007134545939022281
1993-09-06,1993-12-06,0.007269012402351181,0.002309395094071682,0.0011122596111082436,7.318086987639509,0.004085560608461336,-0.0010818322892301466,-0.019490740740740746,3.459953703703704,0.11337962962962964,0.00711533050809466
1993-09-12,1993-12-12,0.007269012402351181,0.002309395094071682,0.0011122596111082436,7.318086987639509,0.004085560608461336,-0.0010818322892301466,-0.019490740740740746,3.459953703703704,0.11337962962962964,0.007341057157734545
1993-09-18,1993-12-18,0.007269012402351181,0.002309395094071682,0.0011122596111082436,7.318086987639509,0.004085560608461336,-0.0010818322892301466,-0.019490740740740746,3.459953703703704,0.11337962962962964,0.007547257927711252
1993-09-24,1993-12-24,0.008008611196118412,0.00384078708138565,0.001491303129804566,7.218183864941333,0.005581082907891722,-0.001997344766863212,0.005866863720585435,4.39036540797011,0.2179091757834074,0.007831215052853245
1993-10-06,1994-01-06,0.007269012402351181,0.002309395094071682,0.0011122596111082436,7.318086987639509,0.004085560608461336,-0.0010818322892301466,-0.019490740740740746,3.459953703703704,0.11337962962962964,0.00774022141212371
1993-10-12,1994-01-12,0.007269012402351181,0.002309395094071682,0.0011122596111082436,7.318086987639509,0.004085560608461336,-0.0010818322892301466,-0.019490740740740746,3.459953703703704,0.11337962962962964,0.007544312496765694
1993-10-18,1994-01-18,0.007269012402351181,0.002309395094071682,0.0011122596111082436,7.318086987639509,0.004085560608461336,-0.0010818322892301466,-0.019490740740740746,3.459953703703704,0.11337962962962964,0.007702043614219522
1993-10-24,1994-01-24,0.007269012402351181,0.00440275536799792,0.0018303680987316385,7.2366344477817535,0.006066453629430442,-0.002300810039207259,0.04538339325823424,4.333597858723872,0.2539819380059184,0.007422121300302736
1993-11-06,1994-02-06,0.007269012402351181,0.002309395094071682,0.0011122596111082436,7.318086987639509,0.004085560608461336,-0.0010818322892301466,-0.019490740740740746,3.459953703703704,0.11337962962962964,0.007323338797340797
1993-11-12,1994-02-12,0.007269012402351181,0.002309395094071682,0.0011122596111082436,7.318086987639509,0.004085560608461336,-0.0010818322892301466,-0.019490740740740746,3.459953703703704,0.11337962962962964,0.007905440644369498
1993-11-18,1994-02-18,0.007269012402351181,0.002309395094071682,0.0011122596111082436,7.318086987639509,0.004085560608461336,-0.0010818322892301466,-0.019490740740740746,3.459953703703704,0.11337962962962964,0.0076956143858977945
1993-11-24,1994-02-24,0.007269012402351181,0.004917542479513536,0.002097309316804994,7.2506441574338085,0.0064293949638132165,-0.002673668651479588,0.07627945663826405,4.53284317619513,0.29603929475536417,0.0074442101204504505
1993-12-06,1994-03-06,0.007269012402351181,0.002309395094071682,0.0011122596111082436,7.318086987639509,0.004085560608461336,-0.0010818322892301466,-0.019490740740740746,3.459953703703704,0.11337962962962964,0.0072503611540042714
1993-12-12,1994-03-12,0.007269012402351181,0.002309395094071682,0.0011122596111082436,7.318086987639509,0.004085560608461336,-0.0010818322892301466,-0.019490740740740746,3.459953703703704,0.11337962962962964,0.007073873169107153
1993-12-18,1994-03-18,0.007269012402351181,0.002309395094071682,0.0011122596111082436,7.318086987639509,0.004085560608461336,-0.0010818322892301466,-0.019490740740740746,3.459953703703704,0.11337962962962964,0.0072293139874752025
1993-12-24,1994-03-24,0.010624125349273053,0.005380422122065152,0.002402414738550052,7.313781183470616,0.00699073025510877,-0.0036925180625834737,0.1306257551134178,4.575576373461461,0.32167735338373976,0.0068504578089230595
1994-01-06,1994-04-06,0.007269012402351181,0.002309395094071682,0.0011122596111082436,7.318086987639509,0.004085560608461336,-0.0010818322892301466,-0.019490740740740746,3.459953703703704,0.11337962962962964,0.00687548284855197
1994-01-12,1994-04-12,0.007269012402351181,0.002309395094071682,0.0011122596111082436,7.318086987639509,0.004085560608461336,-0.0010818322892301466,-0.019490740740740746,3.459953703703704,0.11337962962962964,0.007033272988204871
1994-01-18,1994-04-18,0.007269012402351181,0.002309395094071682,0.0011122596111082436,7.318086987639509,0.004085560608461336,-0.0010818322892301466,-0.019490740740740746,3.459953703703704,0.11337962962962964,0.007216955078113272
1994-01-24,1994-04-24,0.007269012402351181,0.00518014465476581,0.0021852605455260424,7.252991796164313,0.006727765400311709,-0.003081192589696965,0.08915327447411761,4.691007086457827,0.3131698539274759,0.0072690694364104655
1994-02-06,1994-05-06,0.007269012402351181,0.002309395094071682,0.0011122596111082436,7.318086987639509,0.004085560608461336,-0.0010818322892301466,-0.019490740740740746,3.459953703703704,0.11337962962962964,0.007512299236097041
1994-02-12,1994-05-12,0.007269012402351181,0.002309395094071682,0.0011122596111082436,7.318086987639509,0.004085560608461336,-0.0010818322892301466,-0.019490740740740746,3.459953703703704,0.11337962962962964,0.008384075889697203
1994-02-18,1994-05-18,0.007269012402351181,0.002309395094071682,0.0011122596111082436,7.318086987639509,0.004085560608461336,-0.0010818322892301466,-0.019490740740740746,3.459953703703704,0.11337962962962964,0.008149826841834785
1994-02-24,1994-05-24,0.007269012402351181,0.004918178746828497,0.0021211873763617725,7.246392527267443,0.0063267538024089996,-0.0024615375872114797,0.07223369844775937,4.47892662740087,0.3013387199793631,0.008069796313881805
1994-03-06,1994-06-06,0.007269012402351181,0.002309395094071682,0.0011122596111082436,7.318086987639509,0.004085560608461336,-0.0010818322892301466,-0.019490740740740746,3.459953703703704,0.11337962962962964,0.008282006763277464
1994-03-12,1994-06-12,0.007269012402351181,0.002309395094071682,0.0011122596111082436,7.318086987639509,0.004085560608461336,-0.0010818322892301466,-0.019490740740740746,3.459953703703704,0.11337962962962964,0.00796229155811192
1994-03-18,1994-06-18,0.007269012402351181,0.002309395094071682,0.0011122596111082436,7.318086987639509,0.004085560608461336,-0.0010818322892301466,-0.019490740740740746,3.459953703703704,0.11337962962962964,0.007750880877672735
1994-03-24,1994-06-24,0.01195557623407598,0.0059737514032991955,0.0028041375465593862,7.316440578545697,0.007093046290092626,-0.003327608970197863,0.1575819348419712,4.569497493602434,0.38286174254642324,0.008208415875122962
1994-04-06,1994-07-06,0.007269012402351181,0.002309395094071682,0.0011122596111082436,7.318086987639509,0.004085560608461336,-0.0010818322892301466,-0.019490740740740746,3.459953703703704,0.11337962962962964,0.008733426885788648
1994-04-12,1994-07-12,0.007269012402351181,0.002309395094071682,0.0011122596111082436,7.318086987639509,0.004085560608461336,-0.0010818322892301466,-0.019490740740740746,3.459953703703704,0.11337962962962964,0.00909101158348696
1994-04-18,1994-07-18,0.007269012402351181,0.002309395094071682,0.0011122596111082436,7.318086987639509,0.004085560608461336,-0.0010818322892301466,-0.019490740740740746,3.459953703703704,0.11337962962962964,0.008635763316227535
1994-04-24,1994-07-24,0.007269012402351181,0.006206016565272641,0.002952874200285867,7.327697386410704,0.007139077018232989,-0.0033860675175275065,0.17182278510029886,4.681223649205246,0.40894618604578326,0.008739450992929089
1994-05-06,1994-08-06,0.007269012402351181,0.002309395094071682,0.0011122596111082436,7.318086987639509,0.004085560608461336,-0.0010818322892301466,-0.019490740740740746,3.459953703703704,0.11337962962962964,0.008430784480819953
1994-05-12,1994-08-12,0.007269012402351181,0.002309395094071682,0.0011122596111082436,7.318086987639509,0.004085560608461336,-0.0010818322892301466,-0.019490740740740746,3.459953703703704,0.11337962962962964,0.008403397883266656
1994-05-18,1994-08-18,0.007269012402351181,0.002309395094071682,0.0011122596111082436,7.318086987639509,0.004085560608461336,-0.0010818322892301466,-0.019490740740740746,3.459953703703704,0.11337962962962964,0.008444754010029781
1994-05-24,1994-08-24,0.007269012402351181,0.0063335815953843265,0.0031219604378136326,7.327984225533107,0.007363547011932704,-0.0031006434951987164,0.18411005761084892,4.085476690317274,0.40178627706985526,0.008538414784498459
1994-06-06,1994-09-06,0.007269012402351181,0.002309395094071682,0.0011122596111082436,7.318086987639509,0.004085560608461336,-0.0010818322892301466,-0.019490740740740746,3.459953703703704,0.11337962962962964,0.008132260908866897
1994-06-12,1994-09-12,0.007269012402351181,0.002309395094071682,0.0011122596111082436,7.318086987639509,0.004085560608461336,-0.0010818322892301466,-0.019490740740740746,3.459953703703704,0.11337962962962964,0.007815521398185497
1994-06-18,1994-09-18,0.007269012402351181,0.002309395094071682,0.0011122596111082436,7.318086987639509,0.004085560608461336,-0.0010818322892301466,-0.019490740740740746,3.459953703703704,0.11337962962962964,0.007899999854736522
1994-06-24,1994-09-24,0.012189408902216488,0.006147533663366005,0.0029735632586447135,7.312137028932206,0.007175983296180824,-0.002950847123690533,0.167227273745473,4.241926872754149,0.391797893686595,0.008343425780340072
1994-07-06,1994-10-06,0.007269012402351181,0.002309395094071682,0.0011122596111082436,7.318086987639509,0.004085560608461336,-0.0010818322892301466,-0.019490740740740746,3.459953703703704,0.11337962962962964,0.008292526188744724
1994-07-12,1994-10-12,0.007269012402351181,0.002309395094071682,0.0011122596111082436,7.318086987639509,0.004085560608461336,-0.0010818322892301466,-0.019490740740740746,3.459953703703704,0.11337962962962964,0.007840739538894175
1994-07-18,1994-10-18,0.007269012402351181,0.002309395094071682,0.0011122596111082436,7.318086987639509,0.004085560608461336,-0.0010818322892301466,-0.019490740740740746,3.459953703703704,0.11337962962962964,0.007735286965247217
1994-07-24,1994-10-24,0.007269012402351181,0.0062657947507042434,0.0029647004198491934,7.314861397406109,0.00756614569284333,-0.0035064918382531436,0.17824405706356464,4.310260176827606,0.3850230292083968,0.00706055226246608
1994-08-06,1994-11-06,0.007269012402351181,0.002309395094071682,0.0011122596111082436,7.318086987639509,0.004085560608461336,-0.0010818322892301466,-0.019490740740740746,3.459953703703704,0.11337962962962964,0.007212078016715229
1994-08-12,1994-11-12,0.007269012402351181,0.002309395094071682,0.0011122596111082436,7.318086987639509,0.004085560608461336,-0.0010818322892301466,-0.019490740740740746,3.459953703703704,0.11337962962962964,0.007159362142223081
1994-08-18,1994-11-18,0.007269012402351181,0.002309395094071682,0.0011122596111082436,7.318086987639509,0.004085560608461336,-0.0010818322892301466,-0.019490740740740746,3.459953703703704,0.11337962962962964,0.007282612319336507
1994-08-24,1994-11-24,0.007269012402351181,0.006008717583627177,0.0029021403780040075,7.316480294885796,0.007286333337108867,-0.00311579140534401,0.16584835702415868,4.038277746932303,0.3675213172264057,0.007695805327772075
1994-09-06,1994-12-06,0.007269012402351181,0.002309395094071682,0.0011122596111082436,7.318086987639509,0.004085560608461336,-0.0010818322892301466,-0.019490740740740746,3.459953703703704,0.11337962962962964,0.00775761007586585
1994-09-12,1994-12-12,0.007269012402351181,0.002309395094071682,0.0011122596111082436,7.318086987639509,0.004085560608461336,-0.0010818322892301466,-0.019490740740740746,3.459953703703704,0.11337962962962964,0.007667351440408712
1994-09-18,1994-12-18,0.007269012402351181,0.002309395094071682,0.0011122596111082436,7.318086987639509,0.004085560608461336,-0.0010818322892301466,-0.019490740740740746,3.459953703703704,0.11337962962962964,0.008148306127398718
1994-09-24,1994-12-24,0.011544349807377029,0.005649005201672127,0.002732733459173592,7.32155218895536,0.006837188060755434,-0.002884922061478308,0.14734335861813622,4.139371058454354,0.35289134613070966,0.008302124286626196
1994-10-06,1995-01-06,0.007269012402351181,0.002309395094071682,0.0011122596111082436,7.318086987639509,0.004085560608461336,-0.0010818322892301466,-0.019490740740740746,3.459953703703704,0.11337962962962964,0.008104274447190961
1994-10-12,1995-01-12,0.007269012402351181,0.002309395094071682,0.0011122596111082436,7.318086987639509,0.004085560608461336,-0.0010818322892301466,-0.019490740740740746,3.459953703703704,0.11337962962962964,0.008489814624048247
1994-10-18,1995-01-18,0.007269012402351181,0.002309395094071682,0.0011122596111082436,7.318086987639509,0.004085560608461336,-0.0010818322892301466,-0.019490740740740746,3.459953703703704,0.11337962962962964,0.008207042360700816
1994-10-24,1995-01-24,0.007269012402351181,0.006085235583314896,0.0029802263188483565,7.2927430595127305,0.007161363355501877,-0.0024646337457938997,0.1600466877480148,3.8818353344306815,0.3777427377179716,0.007996067481009141
1994-11-06,1995-02-06,0.007269012402351181,0.002309395094071682,0.0011122596111082436,7.318086987639509,0.004085560608461336,-0.0010818322892301466,-0.019490740740740746,3.459953703703704,0.11337962962962964,0.008325492234364856
1994-11-12,1995-02-12,0.007269012402351181,0.002309395094071682,0.0011122596111082436,7.318086987639509,0.004085560608461336,-0.0010818322892301466,-0.019490740740740746,3.459953703703704,0.11337962962962964,0.008102359382340286
1994-11-18,1995-02-18,0.007269012402351181,0.002309395094071682,0.0011122596111082436,7.318086987639509,0.004085560608461336,-0.0010818322892301466,-0.019490740740740746,3.459953703703704,0.11337962962962964,0.00800958963624318
1994-11-24,1995-02-24,0.007269012402351181,0.006260538220479528,0.0032214925279920063,7.3138019456010435,0.007121836378659789,-0.0021381279727102414,0.17830975165316387,3.5333586838615867,0.3953146739615454,0.008990132810491604
1994-12-06,1995-03-06,0.007269012402351181,0.002309395094071682,0.0011122596111082436,7.318086987639509,0.004085560608461336,-0.0010818322892301466,-0.019490740740740746,3.459953703703704,0.11337962962962964,0.008553097128820243
1994-12-12,1995-03-12,0.007269012402351181,0.002309395094071682,0.0011122596111082436,7.318086987639509,0.004085560608461336,-0.0010818322892301466,-0.019490740740740746,3.459953703703704,0.11337962962962964,0.008564493614688704
1994-12-18,1995-03-18,0.007269012402351181,0.002309395094071682,0.0011122596111082436,7.318086987639509,0.004085560608461336,-0.0010818322892301466,-0.019490740740740746,3.459953703703704,0.11337962962962964,0.008470529430967978
1994-12-24,1995-03-24,0.012269088708107456,0.006588168606298787,0.0034248633282839107,7.27464486882577,0.007539028383939673,-0.0015740754703348,0.1859803787438601,2.9546485457079372,0.3968961619379232,0.007991898520978508
1995-01-06,1995-04-06,0.007269012402351181,0.002309395094071682,0.0011122596111082436,7.318086987639509,0.004085560608461336,-0.0010818322892301466,-0.019490740740740746,3.459953703703704,0.11337962962962964,0.007658018702045736
1995-01-12,1995-04-12,0.007269012402351181,0.002309395094071682,0.0011122596111082436,7.318086987639509,0.004085560608461336,-0.0010818322892301466,-0.019490740740740746,3.459953703703704,0.11337962962962964,0.007340226723779687
1995-01-18,1995-04-18,0.007269012402351181,0.002309395094071682,0.0011122596111082436,7.318086987639509,0.004085560608461336,-0.0010818322892301466,-0.019490740740740746,3.459953703703704,0.11337962962962964,0.0077173757502725406
1995-01-24,1995-04-24,0.007269012402351181,0.006442096749633622,0.0032706366848478724,7.264865694464333,0.007667549706560774,-0.0018182684604266084,0.1787618940519887,3.008543986701564,0.3727054703909758,0.006652350758032314
1995-02-06,1995-05-06,0.007269012402351181,0.002309395094071682,0.0011122596111082436,7.318086987639509,0.004085560608461336,-0.0010818322892301466,-0.019490740740740746,3.459953703703704,0.11337962962962964,0.006711854356021674
1995-02-12,1995-05-12,0.007269012402351181,0.002309395094071682,0.0011122596111082436,7.318086987639509,0.004085560608461336,-0.0010818322892301466,-0.019490740740740746,3.459953703703704,0.11337962962962964,0.0071511794527488095
1995-02-18,1995-05-18,0.007269012402351181,0.002309395094071682,0.0011122596111082436,7.318086987639509,0.004085560608461336,-0.0010818322892301466,-0.019490740740740746,3.459953703703704,0.11337962962962964,0.00706263399921637
1995-02-24,1995-05-24,0.007269012402351181,0.005237668955557662,0.0026206378684512062,7.228711300230321,0.006657911709897244,-0.0009159794128768056,0.09950073490650707,2.777347089684989,0.2876347057885622,0.007410961213151229
1995-03-06,1995-06-06,0.007269012402351181,0.002309395094071682,0.0011122596111082436,7.318086987639509,0.004085560608461336,-0.0010818322892301466,-0.019490740740740746,3.459953703703704,0.11337962962962964,0.007793601571348063
1995-03-12,1995-06-12,0.007269012402351181,0.002309395094071682,0.0011122596111082436,7.318086987639509,0.004085560608461336,-0.0010818322892301466,-0.019490740740740746,3.459953703703704,0.11337962962962964,0.00778996199554238
1995-03-18,1995-06-18,0.007269012402351181,0.002309395094071682,0.0011122596111082436,7.318086987639509,0.004085560608461336,-0.0010818322892301466,-0.019490740740740746,3.459953703703704,0.11337962962962964,0.0077567621672323325
1995-03-24,1995-06-24,0.008759599230542238,0.0046668541838605394,0.002235621842319041,7.18607812369317,0.0061357728390978705,-0.0003526751011339701,0.0498083961619322,2.8824639986182636,0.2509039473758381,0.00748309059175864
1995-04-06,1995-07-06,0.007269012402351181,0.002309395094071682,0.0011122596111082436,7.318086987639509,0.004085560608461336,-0.0010818322892301466,-0.019490740740740746,3.459953703703704,0.11337962962962964,0.007566633555344607
1995-04-12,1995-07-12,0.007269012402351181,0.002309395094071682,0.0011122596111082436,7.318086987639509,0.004085560608461336,-0.0010818322892301466,-0.019490740740740746,3.459953703703704,0.11337962962962964,0.007431404641248585
1995-04-18,1995-07-18,0.007269012402351181,0.002309395094071682,0.0011122596111082436,7.318086987639509,0.004085560608461336,-0.0010818322892301466,-0.019490740740740746,3.459953703703704,0.11337962962962964,0.007244701383341875
1995-04-24,1995-07-24,0.007269012402351181,0.0038355865089931915,0.0017805901998882547,7.174116913197255,0.005586082307153404,-3.3610735475921374e-05,0.004397455858004124,2.7262947924095835,0.18397356095367717,0.00720701274710875
1995-05-06,1995-08-06,0.007269012402351181,0.002309395094071682,0.0011122596111082436,7.318086987639509,0.004085560608461336,-0.0010818322892301466,-0.019490740740740746,3.459953703703704,0.11337962962962964,0.007353208703322666
1995-05-12,1995-08-12,0.007269012402351181,0.002309395094071682,0.0011122596111082436,7.318086987639509,0.004085560608461336,-0.0010818322892301466,-0.019490740740740746,3.459953703703704,0.11337962962962964,0.0074628437013606955
1995-05-18,1995-08-18,0.007269012402351181,0.002309395094071682,0.0011122596111082436,7.318086987639509,0.004085560608461336,-0.0010818322892301466,-0.019490740740740746,3.459953703703704,0.11337962962962964,0.007577517112473318
1995-05-24,1995-08-24,0.007269012402351181,0.002824792926764554,0.0013495371321654702,7.171437367244207,0.004629035429616295,0.0008625752566086518,-0.046987919573847584,2.3556967587752755,0.11528934384654123,0.007989111055026117
1995-06-06,1995-09-06,0.007269012402351181,0.002309395094071682,0.0011122596111082436,7.318086987639509,0.004085560608461336,-0.0010818322892301466,-0.019490740740740746,3.459953703703704,0.11337962962962964,0.008358169388072687
1995-06-12,1995-09-12,0.007269012402351181,0.002309395094071682,0.0011122596111082436,7.318086987639509,0.004085560608461336,-0.0010818322892301466,-0.019490740740740746,3.459953703703704,0.11337962962962964,0.008238780325888439
1995-06-18,1995-09-18,0.007269012402351181,0.002309395094071682,0.0011122596111082436,7.318086987639509,0.004085560608461336,-0.0010818322892301466,-0.019490740740740746,3.459953703703704,0.11337962962962964,0.008234120193273799
1995-06-24,1995-09-24,0.005825934263115583,0.002485774538779158,0.0012122029298494348,7.16197004765628,0.004280578775175614,0.0013515393389165523,-0.06743821735791744,2.1612106278595222,0.09186322867314195,0.008268640062637809
1995-07-06,1995-10-06,0.007269012402351181,0.002309395094071682,0.0011122596111082436,7.318086987639509,0.004085560608461336,-0.0010818322892301466,-0.019490740740740746,3.459953703703704,0.11337962962962964,0.008137599593673434
1995-07-12,1995-10-12,0.007269012402351181,0.002309395094071682,0.0011122596111082436,7.318086987639509,0.004085560608461336,-0.0010818322892301466,-0.019490740740740746,3.459953703703704,0.11337962962962964,0.008167087143484752
1995-07-18,1995-10-18,0.007269012402351181,0.002309395094071682,0.0011122596111082436,7.318086987639509,0.004085560608461336,-0.0010818322892301466,-0.019490740740740746,3.459953703703704,0.11337962962962964,0.008294164332705222
1995-07-24,1995-10-24,0.007269012402351181,0.0017135055361413463,0.0008083621177738716,7.229981527230652,0.0038175915382959334,0.00046110908077490794,-0.07623392681000282,2.5219061812843697,0.038746170345869885,0.007808828754327807
1995-08-06,1995-11-06,0.007269012402351181,0.002309395094071682,0.0011122596111082436,7.318086987639509,0.004085560608461336,-0.0010818322892301466,-0.019490740740740746,3.459953703703704,0.11337962962962964,0.0076047149896058975
1995-08-12,1995-11-12,0.007269012402351181,0.002309395094071682,0.0011122596111082436,7.318086987639509,0.004085560608461336,-0.0010818322892301466,-0.019490740740740746,3.459953703703704,0.11337962962962964,0.007342261257162558
1995-08-18,1995-11-18,0.007269012402351181,0.002309395094071682,0.0011122596111082436,7.318086987639509,0.004085560608461336,-0.0010818322892301466,-0.019490740740740746,3.459953703703704,0.11337962962962964,0.007274074690428454
1995-08-24,1995-11-24,0.007269012402351181,0.002861105796995854,0.001384034524550256,7.238492195922076,0.004783259252717777,-0.00023695641009474362,-0.01684846539385833,2.68540992229451,0.12047605075523947,0.007834292473116507
1995-09-06,1995-12-06,0.007269012402351181,0.002309395094071682,0.0011122596111082436,7.318086987639509,0.004085560608461336,-0.0010818322892301466,-0.019490740740740746,3.459953703703704,0.11337962962962964,0.0075595731986287185
1995-09-12,1995-12-12,0.007269012402351181,0.002309395094071682,0.0011122596111082436,7.318086987639509,0.004085560608461336,-0.0010818322892301466,-0.019490740740740746,3.459953703703704,0.11337962962962964,0.007424775701111911
1995-09-18,1995-12-18,0.007269012402351181,0.002309395094071682,0.0011122596111082436,7.318086987639509,0.004085560608461336,-0.0010818322892301466,-0.019490740740740746,3.459953703703704,0.11337962962962964,0.007403323665578373
1995-09-24,1995-12-24,0.006281343717919608,0.0026854164025784184,0.0013267256392210775,7.2255568299338195,0.004735785663933285,0.00011124392972149642,-0.02761150677463895,2.320984207401543,0.09661636629483185,0.007561931258549152
1995-10-06,1996-01-06,0.007269012402351181,0.002309395094071682,0.0011122596111082436,7.318086987639509,0.004085560608461336,-0.0010818322892301466,-0.019490740740740746,3.459953703703704,0.11337962962962964,0.007577164527994422
1995-10-12,1996-01-12,0.007269012402351181,0.002309395094071682,0.0011122596111082436,7.318086987639509,0.004085560608461336,-0.0010818322892301466,-0.019490740740740746,3.459953703703704,0.11337962962962964,0.0075799779649131024
1995-10-18,1996-01-18,0.007269012402351181,0.002309395094071682,0.0011122596111082436,7.318086987639509,0.004085560608461336,-0.0010818322892301466,-0.019490740740740746,3.459953703703704,0.11337962962962964,0.007567507776085459
1995-10-24,1996-01-24,0.007269012402351181,0.0021693154345318526,0.0010893370715655709,7.208842335809684,0.004272747644303553,0.000750256620278169,-0.05808654119988069,2.0846686016170706,0.057366825856142,0.007466320365288699
1995-11-06,1996-02-06,0.007269012402351181,0.002309395094071682,0.0011122596111082436,7.318086987639509,0.004085560608461336,-0.0010818322892301466,-0.019490740740740746,3.459953703703704,0.11337962962962964,0.007625089765520265
1995-11-12,1996-02-12,0.007269012402351181,0.002309395094071682,0.0011122596111082436,7.318086987639509,0.004085560608461336,-0.0010818322892301466,-0.019490740740740746,3.459953703703704,0.11337962962962964,0.00768316363412185
1995-11-18,1996-02-18,0.007269012402351181,0.002309395094071682,0.0011122596111082436,7.318086987639509,0.004085560608461336,-0.0010818322892301466,-0.019490740740740746,3.459953703703704,0.11337962962962964,0.00773646587858655
1995-11-24,1996-02-24,0.007269012402351181,0.0018953662084602156,0.0010000257801892913,7.245554961671873,0.0040888818561164554,0.0004586542728926674,-0.05551303709461398,2.0728893003680584,0.03843681481843987,0.007624065689359723
1995-12-06,1996-03-06,0.007269012402351181,0.002309395094071682,0.0011122596111082436,7.318086987639509,0.004085560608461336,-0.0010818322892301466,-0.019490740740740746,3.459953703703704,0.11337962962962964,0.007688393804513398
1995-12-12,1996-03-12,0.007269012402351181,0.002309395094071682,0.0011122596111082436,7.318086987639509,0.004085560608461336,-0.0010818322892301466,-0.019490740740740746,3.459953703703704,0.11337962962962964,0.007840674953452987
1995-12-18,1996-03-18,0.007269012402351181,0.002309395094071682,0.0011122596111082436,7.318086987639509,0.004085560608461336,-0.0010818322892301466,-0.019490740740740746,3.459953703703704,0.11337962962962964,0.008079008186378713
1995-12-24,1996-03-24,0.005489990598426163,0.0018243210449974435,0.000991611403867163,7.240855415043999,0.003893487757593165,0.0007796320145854018,-0.061643446549165065,2.0478206888314707,0.03957091136944649,0.007963385575000807
1996-01-06,1996-04-06,0.007269012402351181,0.002309395094071682,0.0011122596111082436,7.318086987639509,0.004085560608461336,-0.0010818322892301466,-0.019490740740740746,3.459953703703704,0.11337962962962964,0.007621563373836232
1996-01-12,1996-04-12,0.007269012402351181,0.002309395094071682,0.0011122596111082436,7.318086987639509,0.004085560608461336,-0.0010818322892301466,-0.019490740740740746,3.459953703703704,0.11337962962962964,0.008320317752063846
1996-01-18,1996-04-18,0.007269012402351181,0.002309395094071682,0.0011122596111082436,7.318086987639509,0.004085560608461336,-0.0010818322892301466,-0.019490740740740746,3.459953703703704,0.11337962962962964,0.008652795098121835
1996-01-24,1996-04-24,0.007269012402351181,0.0007588378394883216,0.00041441962726328164,7.254781536607406,0.0030842216773972154,0.0008115692363057001,-0.1108801225404871,2.151265157407823,-0.033786817089515725,0.008133918527040646
1996-02-06,1996-05-06,0.007269012402351181,0.002309395094071682,0.0011122596111082436,7.318086987639509,0.004085560608461336,-0.0010818322892301466,-0.019490740740740746,3.459953703703704,0.11337962962962964,0.008369051963998156
1996-02-12,1996-05-12,0.007269012402351181,0.002309395094071682,0.0011122596111082436,7.318086987639509,0.004085560608461336,-0.0010818322892301466,-0.019490740740740746,3.459953703703704,0.11337962962962964,0.008386560238635519
1996-02-18,1996-05-18,0.007269012402351181,0.002309395094071682,0.0011122596111082436,7.318086987639509,0.004085560608461336,-0.0010818322892301466,-0.019490740740740746,3.459953703703704,0.11337962962962964,0.008188898994711669
1996-02-24,1996-05-24,0.007269012402351181,0.002221678489580521,0.0011579763253161904,7.286805457370948,0.003920812058818459,-8.805161729580845e-05,-0.032391361634854024,2.899394528059533,0.1000093140067956,0.009196503002714925
1996-03-06,1996-06-06,0.007269012402351181,0.002309395094071682,0.0011122596111082436,7.318086987639509,0.004085560608461336,-0.0010818322892301466,-0.019490740740740746,3.459953703703704,0.11337962962962964,0.008893259527037041
1996-03-12,1996-06-12,0.007269012402351181,0.002309395094071682,0.0011122596111082436,7.318086987639509,0.004085560608461336,-0.0010818322892301466,-0.019490740740740746,3.459953703703704,0.11337962962962964,0.009346756710189698
1996-03-18,1996-06-18,0.007269012402351181,0.002309395094071682,0.0011122596111082436,7.318086987639509,0.004085560608461336,-0.0010818322892301466,-0.019490740740740746,3.459953703703704,0.11337962962962964,0.009495382735374706
1996-03-24,1996-06-24,0.006946575272113592,0.002462363242293926,0.0012407686192314948,7.27397537359473,0.004241434539490528,-0.0002444307107843073,-0.025242099620252357,2.8694321860424923,0.10945271861834503,0.008821431687646104
1996-04-06,1996-07-06,0.007269012402351181,0.002309395094071682,0.0011122596111082436,7.318086987639509,0.004085560608461336,-0.0010818322892301466,-0.019490740740740746,3.459953703703704,0.11337962962962964,0.00879633840539168
1996-04-12,1996-07-12,0.007269012402351181,0.002309395094071682,0.0011122596111082436,7.318086987639509,0.004085560608461336,-0.0010818322892301466,-0.019490740740740746,3.459953703703704,0.11337962962962964,0.008961987067960194
1996-04-18,1996-07-18,0.007269012402351181,0.002309395094071682,0.0011122596111082436,7.318086987639509,0.004085560608461336,-0.0010818322892301466,-0.019490740740740746,3.459953703703704,0.11337962962962964,0.008883724186370042
1996-04-24,1996-07-24,0.007269012402351181,0.0029236142845899425,0.0014655516706577863,7.290841057443583,0.004674861603388468,-0.0007900312709071083,0.004744457154390085,3.0302580351858466,0.14196316207622042,0.008640455103253791
1996-05-06,1996-08-06,0.007269012402351181,0.002309395094071682,0.0011122596111082436,7.318086987639509,0.004085560608461336,-0.0010818322892301466,-0.019490740740740746,3.459953703703704,0.11337962962962964,0.00847363886964017
1996-05-12,1996-08-12,0.007269012402351181,0.002309395094071682,0.0011122596111082436,7.318086987639509,0.004085560608461336,-0.0010818322892301466,-0.019490740740740746,3.459953703703704,0.11337962962962964,0.008642227736936278
1996-05-18,1996-08-18,0.007269012402351181,0.002309395094071682,0.0011122596111082436,7.318086987639509,0.004085560608461336,-0.0010818322892301466,-0.019490740740740746,3.459953703703704,0.11337962962962964,0.00849526238549419
1996-05-24,1996-08-24,0.007269012402351181,0.0034941165968377973,0.0017680707229060517,7.303820484986031,0.005173724089831724,-0.0012031775959578672,0.03980319990582257,3.099189218587123,0.18102562722677445,0.008403061814025158
1996-06-06,1996-09-06,0.007269012402351181,0.002309395094071682,0.0011122596111082436,7.318086987639509,0.004085560608461336,-0.0010818322892301466,-0.019490740740740746,3.459953703703704,0.11337962962962964,0.008353170938599627
1996-06-12,1996-09-12,0.007269012402351181,0.002309395094071682,0.0011122596111082436,7.318086987639509,0.004085560608461336,-0.0010818322892301466,-0.019490740740740746,3.459953703703704,0.11337962962962964,0.008204109155759497
1996-06-18,1996-09-18,0.007269012402351181,0.002309395094071682,0.0011122596111082436,7.318086987639509,0.004085560608461336,-0.0010818322892301466,-0.019490740740740746,3.459953703703704,0.11337962962962964,0.007798018766357612
1996-06-24,1996-09-24,0.00891880351357576,0.004046610762623322,0.0020324695091242075,7.299531050466364,0.0057346445573700335,-0.0015011094602805212,0.0679624216740253,3.089687260783098,0.21242173077880067,0.007782137288239753
1996-07-06,1996-10-06,0.007269012402351181,0.002309395094071682,0.0011122596111082436,7.318086987639509,0.004085560608461336,-0.0010818322892301466,-0.019490740740740746,3.459953703703704,0.11337962962962964,0.007745770732289723
1996-07-12,1996-10-12,0.007269012402351181,0.002309395094071682,0.0011122596111082436,7.318086987639509,0.004085560608461336,-0.0010818322892301466,-0.019490740740740746,3.459953703703704,0.11337962962962964,0.008916425856078183
1996-07-18,1996-10-18,0.007269012402351181,0.002309395094071682,0.0011122596111082436,7.318086987639509,0.004085560608461336,-0.0010818322892301466,-0.019490740740740746,3.459953703703704,0.11337962962962964,0.00975986294704194
1996-07-24,1996-10-24,0.007269012402351181,0.003460633784593596,0.0018169824298857442,7.288943960241456,0.0049110514621319434,-0.000521710294208716,0.03075730962762615,2.913260007213237,0.18701747026696233,0.00917547426259052
1996-08-06,1996-11-06,0.007269012402351181,0.002309395094071682,0.0011122596111082436,7.318086987639509,0.004085560608461336,-0.0010818322892301466,-0.019490740740740746,3.459953703703704,0.11337962962962964,0.009353402374887333
1996-08-12,1996-11-12,0.007269012402351181,0.002309395094071682,0.0011122596111082436,7.318086987639509,0.004085560608461336,-0.0010818322892301466,-0.019490740740740746,3.459953703703704,0.11337962962962964,0.009447831759868222
1996-08-18,1996-11-18,0.007269012402351181,0.002309395094071682,0.0011122596111082436,7.318086987639509,0.004085560608461336,-0.0010818322892301466,-0.019490740740740746,3.459953703703704,0.11337962962962964,0.008716172863047286
1996-08-24,1996-11-24,0.007269012402351181,0.0032678323530207923,0.0016950504074653135,7.311890031669097,0.005040430980372526,-0.0010774562740894697,0.035354271623036865,2.908474605740975,0.15915085694722117,0.008112480394883513
1996-09-06,1996-12-06,0.007269012402351181,0.002309395094071682,0.0011122596111082436,7.318086987639509,0.004085560608461336,-0.0010818322892301466,-0.019490740740740746,3.459953703703704,0.11337962962962964,0.00820898648341809
1996-09-12,1996-12-12,0.007269012402351181,0.002309395094071682,0.0011122596111082436,7.318086987639509,0.004085560608461336,-0.0010818322892301466,-0.019490740740740746,3.459953703703704,0.11337962962962964,0.008296854266705025
1996-09-18,1996-12-18,0.007269012402351181,0.002309395094071682,0.0011122596111082436,7.318086987639509,0.004085560608461336,-0.0010818322892301466,-0.019490740740740746,3.459953703703704,0.11337962962962964,0.008366812076381255
1996-09-24,1996-12-24,0.008500996398839653,0.00361782689744032,0.0018443247976705017,7.3074685610899515,0.0053474025486615236,-0.0013006691959642257,0.04968063807800482,3.0085885181651193,0.18412278436810703,0.008091350495562505
1996-10-06,1997-01-06,0.007269012402351181,0.002309395094071682,0.0011122596111082436,7.318086987639509,0.004085560608461336,-0.0010818322892301466,-0.019490740740740746,3.459953703703704,0.11337962962962964,0.007906914212973614
1996-10-12,1997-01-12,0.007269012402351181,0.002309395094071682,0.0011122596111082436,7.318086987639509,0.004085560608461336,-0.0010818322892301466,-0.019490740740740746,3.459953703703704,0.11337962962962964,0.008044838679316107
1996-10-18,1997-01-18,0.007269012402351181,0.002309395094071682,0.0011122596111082436,7.318086987639509,0.004085560608461336,-0.0010818322892301466,-0.019490740740740746,3.459953703703704,0.11337962962962964,0.007734421025558566
1996-10-24,1997-01-24,0.007269012402351181,0.0034646477418315267,0.00172012426187044,7.270156600908433,0.005391816694497751,-0.0009327776054307451,0.030119087568446848,2.7536150988153265,0.15781559935494632,0.00721765340893109
1996-11-06,1997-02-06,0.007269012402351181,0.002309395094071682,0.0011122596111082436,7.318086987639509,0.004085560608461336,-0.0010818322892301466,-0.019490740740740746,3.459953703703704,0.11337962962962964,0.007383823507208311
1996-11-12,1997-02-12,0.007269012402351181,0.002309395094071682,0.0011122596111082436,7.318086987639509,0.004085560608461336,-0.0010818322892301466,-0.019490740740740746,3.459953703703704,0.11337962962962964,0.007917978114716779
1996-11-18,1997-02-18,0.007269012402351181,0.002309395094071682,0.0011122596111082436,7.318086987639509,0.004085560608461336,-0.0010818322892301466,-0.019490740740740746,3.459953703703704,0.11337962962962964,0.007772098607967553
1996-11-24,1997-02-24,0.007269012402351181,0.003368788066486001,0.0017754854121434546,7.280215164682013,0.005152173199348205,-0.0005303079235010338,0.02904977494449313,2.4930879592113455,0.1565818891588466,0.00812084963302571
1996-12-06,1997-03-06,0.007269012402351181,0.002309395094071682,0.0011122596111082436,7.318086987639509,0.004085560608461336,-0.0010818322892301466,-0.019490740740740746,3.459953703703704,0.11337962962962964,0.008072307217625559
1996-12-12,1997-03-12,0.007269012402351181,0.002309395094071682,0.0011122596111082436,7.318086987639509,0.004085560608461336,-0.0010818322892301466,-0.019490740740740746,3.459953703703704,0.11337962962962964,0.008500893719296528
1996-12-18,1997-03-18,0.007269012402351181,0.002309395094071682,0.0011122596111082436,7.318086987639509,0.004085560608461336,-0.0010818322892301466,-0.019490740740740746,3.459953703703704,0.11337962962962964,0.009097533266209488
1996-12-24,1997-03-24,0.008025971668466364,0.003504870722071429,0.001812816519237218,7.234355423665137,0.004973666034820358,0.00021464874264684269,0.012725152128607739,2.595565512014741,0.1797081725903233,0.008676078600183799
1997-01-06,1997-04-06,0.007269012402351181,0.002309395094071682,0.0011122596111082436,7.318086987639509,0.004085560608461336,-0.0010818322892301466,-0.019490740740740746,3.459953703703704,0.11337962962962964,0.008842970054979624
1997-01-12,1997-04-12,0.007269012402351181,0.002309395094071682,0.0011122596111082436,7.318086987639509,0.004085560608461336,-0.0010818322892301466,-0.019490740740740746,3.459953703703704,0.11337962962962964,0.008838239380197274
1997-01-18,1997-04-18,0.007269012402351181,0.002309395094071682,0.0011122596111082436,7.318086987639509,0.004085560608461336,-0.0010818322892301466,-0.019490740740740746,3.459953703703704,0.11337962962962964,0.008596430818813233
1997-01-24,1997-04-24,0.007269012402351181,0.0034206358978869163,0.0016689529115885156,7.238520535953301,0.00496705037611328,-0.00027827077810309384,0.0071096872790354405,3.022970849329499,0.17822009882523598,0.00843265888612923
1997-02-06,1997-05-06,0.007269012402351181,0.002309395094071682,0.0011122596111082436,7.318086987639509,0.004085560608461336,-0.0010818322892301466,-0.019490740740740746,3.459953703703704,0.11337962962962964,0.008666283023727064
1997-02-12,1997-05-12,0.007269012402351181,0.002309395094071682,0.0011122596111082436,7.318086987639509,0.004085560608461336,-0.0010818322892301466,-0.019490740740740746,3.459953703703704,0.11337962962962964,0.008650727941775687
1997-02-18,1997-05-18,0.007269012402351181,0.002309395094071682,0.0011122596111082436,7.318086987639509,0.004085560608461336,-0.0010818322892301466,-0.019490740740740746,3.459953703703704,0.11337962962962964,0.00886687790004375
1997-02-24,1997-05-24,0.007269012402351181,0.003753455037670319,0.0019524113412800997,7.274647462353903,0.005105305074946997,-0.000453852497383733,0.03802536138453176,2.9288945262247448,0.2094217017883232,0.009325310489120145
1997-03-06,1997-06-06,0.007269012402351181,0.002309395094071682,0.0011122596111082436,7.318086987639509,0.004085560608461336,-0.0010818322892301466,-0.019490740740740746,3.459953703703704,0.11337962962962964,0.009260890726314351
1997-03-12,1997-06-12,0.007269012402351181,0.002309395094071682,0.0011122596111082436,7.318086987639509,0.004085560608461336,-0.0010818322892301466,-0.019490740740740746,3.459953703703704,0.11337962962962964,0.009189401706650677
1997-03-18,1997-06-18,0.007269012402351181,0.002309395094071682,0.0011122596111082436,7.318086987639509,0.004085560608461336,-0.0010818322892301466,-0.019490740740740746,3.459953703703704,0.11337962962962964,0.00938404749753915
1997-03-24,1997-06-24,0.00880883502260722,0.0036696355006799034,0.0019171920729647478,7.27833540526292,0.005032129376519395,-0.00044616629474543055,0.0352122926107783,2.918344383652286,0.20407049372486236,0.009416670463255365
1997-04-06,1997-07-06,0.007269012402351181,0.002309395094071682,0.0011122596111082436,7.318086987639509,0.004085560608461336,-0.0010818322892301466,-0.019490740740740746,3.459953703703704,0.11337962962962964,0.01016173620279409
1997-04-12,1997-07-12,0.007269012402351181,0.002309395094071682,0.0011122596111082436,7.318086987639509,0.004085560608461336,-0.0010818322892301466,-0.019490740740740746,3.459953703703704,0.11337962962962964,0.009820829103015755
1997-04-18,1997-07-18,0.007269012402351181,0.002309395094071682,0.0011122596111082436,7.318086987639509,0.004085560608461336,-0.0010818322892301466,-0.019490740740740746,3.459953703703704,0.11337962962962964,0.010290983890832472
1997-04-24,1997-07-24,0.007269012402351181,0.0033662456325122157,0.0018392982784796144,7.295372036663297,0.0045499880606309166,-0.00010774626055377455,0.025672574718480834,2.914644459288825,0.19588537077924917,0.010256973861250936
1997-05-06,1997-08-06,0.007269012402351181,0.002309395094071682,0.0011122596111082436,7.318086987639509,0.004085560608461336,-0.0010818322892301466,-0.019490740740740746,3.459953703703704,0.11337962962962964,0.010727340337907447
1997-05-12,1997-08-12,0.007269012402351181,0.002309395094071682,0.0011122596111082436,7.318086987639509,0.004085560608461336,-0.0010818322892301466,-0.019490740740740746,3.459953703703704,0.11337962962962964,0.010740622592146446
1997-05-18,1997-08-18,0.007269012402351181,0.002309395094071682,0.0011122596111082436,7.318086987639509,0.004085560608461336,-0.0010818322892301466,-0.019490740740740746,3.459953703703704,0.11337962962962964,0.010057793605126718
1997-05-24,1997-08-24,0.007269012402351181,0.003222654669041864,0.0017497801915602597,7.282629544601135,0.004556272396057308,2.025853205036036e-06,0.015044643566905061,2.749558076391347,0.17627613833384467,0.009870476609322592
1997-06-06,1997-09-06,0.007269012402351181,0.002309395094071682,0.0011122596111082436,7.318086987639509,0.004085560608461336,-0.0010818322892301466,-0.019490740740740746,3.459953703703704,0.11337962962962964,0.009383279927656698
1997-06-12,1997-09-12,0.007269012402351181,0.002309395094071682,0.0011122596111082436,7.318086987639509,0.004085560608461336,-0.0010818322892301466,-0.019490740740740746,3.459953703703704,0.11337962962962964,0.009179539765698479
1997-06-18,1997-09-18,0.007269012402351181,0.002309395094071682,0.0011122596111082436,7.318086987639509,0.004085560608461336,-0.0010818322892301466,-0.019490740740740746,3.459953703703704,0.11337962962962964,0.009234894060932185
1997-06-24,1997-09-24,0.008370259085070574,0.0030829821880097824,0.001747831290652234,7.30257970932357,0.004470465659512582,2.63449297613458e-05,0.019864926203413937,2.5565837046068034,0.1623076619922565,0.009746972826599745
1997-07-06,1997-10-06,0.007269012402351181,0.002309395094071682,0.0011122596111082436,7.318086987639509,0.004085560608461336,-0.0010818322892301466,-0.019490740740740746,3.459953703703704,0.11337962962962964,0.00957485868480593
1997-07-12,1997-10-12,0.007269012402351181,0.002309395094071682,0.0011122596111082436,7.318086987639509,0.004085560608461336,-0.0010818322892301466,-0.019490740740740746,3.459953703703704,0.11337962962962964,0.0093565257839635
1997-07-18,1997-10-18,0.007269012402351181,0.002309395094071682,0.0011122596111082436,7.318086987639509,0.004085560608461336,-0.0010818322892301466,-0.019490740740740746,3.459953703703704,0.11337962962962964,0.00949830151812855
1997-07-24,1997-10-24,0.007269012402351181,0.0029892289006728376,0.0017044952506518902,7.284460185989548,0.004431469588566031,0.00034767505858879656,0.009169921131646285,2.34735887423094,0.14940005333245815,0.009583817044000064
1997-08-06,1997-11-06,0.007269012402351181,0.002309395094071682,0.0011122596111082436,7.318086987639509,0.004085560608461336,-0.0010818322892301466,-0.019490740740740746,3.459953703703704,0.11337962962962964,0.009216609071649227
1997-08-12,1997-11-12,0.007269012402351181,0.002309395094071682,0.0011122596111082436,7.318086987639509,0.004085560608461336,-0.0010818322892301466,-0.019490740740740746,3.459953703703704,0.11337962962962964,0.009311612113121056
1997-08-18,1997-11-18,0.007269012402351181,0.002309395094071682,0.0011122596111082436,7.318086987639509,0.004085560608461336,-0.0010818322892301466,-0.019490740740740746,3.459953703703704,0.11337962962962964,0.010188854318585863
1997-08-24,1997-11-24,0.007269012402351181,0.0023089212507672384,0.0013110234265537972,7.250809436320669,0.0036380072034995275,0.0011143963647583962,-0.045285462720218335,2.4662554340481218,0.11613049352435847,0.01056409381800254
1997-09-06,1997-12-06,0.007269012402351181,0.002309395094071682,0.0011122596111082436,7.318086987639509,0.004085560608461336,-0.0010818322892301466,-0.019490740740740746,3.459953703703704,0.11337962962962964,0.010392528593014365
1997-09-12,1997-12-12,0.007269012402351181,0.002309395094071682,0.0011122596111082436,7.318086987639509,0.004085560608461336,-0.0010818322892301466,-0.019490740740740746,3.459953703703704,0.11337962962962964,0.010334748693044777
1997-09-18,1997-12-18,0.007269012402351181,0.002309395094071682,0.0011122596111082436,7.318086987639509,0.004085560608461336,-0.0010818322892301466,-0.019490740740740746,3.459953703703704,0.11337962962962964,0.010411153291964098
1997-09-24,1997-12-24,0.008349722014807123,0.003057275176508934,0.0017831496168649586,7.293847697237771,0.00437674546445895,0.00041586751232258723,0.015176211197058594,2.3284570542925396,0.1604547089471984,0.010128555247202029
1997-10-06,1998-01-06,0.007269012402351181,0.002309395094071682,0.0011122596111082436,7.318086987639509,0.004085560608461336,-0.0010818322892301466,-0.019490740740740746,3.459953703703704,0.11337962962962964,0.009759346651311129
1997-10-12,1998-01-12,0.007269012402351181,0.002309395094071682,0.0011122596111082436,7.318086987639509,0.004085560608461336,-0.0010818322892301466,-0.019490740740740746,3.459953703703704,0.11337962962962964,0.009365854754318174
1997-10-18,1998-01-18,0.007269012402351181,0.002309395094071682,0.0011122596111082436,7.318086987639509,0.004085560608461336,-0.0010818322892301466,-0.019490740740740746,3.459953703703704,0.11337962962962964,0.009194356926127639
1997-10-24,1998-01-24,0.007269012402351181,0.0025364803109384727,0.0017451981955267403,7.294196855024974,0.003059094539608626,0.0021861090375657546,-0.017018935360088586,2.1538666177134993,0.16722853181549108,0.013061892572478466
1997-11-06,1998-02-06,0.007269012402351181,0.002309395094071682,0.0011122596111082436,7.318086987639509,0.004085560608461336,-0.0010818322892301466,-0.019490740740740746,3.459953703703704,0.11337962962962964,0.015079821536040183
1997-11-12,1998-02-12,0.007269012402351181,0.002309395094071682,0.0011122596111082436,7.318086987639509,0.004085560608461336,-0.0010818322892301466,-0.019490740740740746,3.459953703703704,0.11337962962962964,0.013008514038405554
1997-11-18,1998-02-18,0.007269012402351181,0.002309395094071682,0.0011122596111082436,7.318086987639509,0.004085560608461336,-0.0010818322892301466,-0.019490740740740746,3.459953703703704,0.11337962962962964,0.01253678710258042
1997-11-24,1998-02-24,0.007269012402351181,0.0026335113931165036,0.0018289120294504998,7.323897263727227,0.0035038673631530765,0.0015693076375451768,0.0070702377302819044,1.865083304100052,0.15168679902710108,0.012032595993593055
1997-12-06,1998-03-06,0.007269012402351181,0.002309395094071682,0.0011122596111082436,7.318086987639509,0.004085560608461336,-0.0010818322892301466,-0.019490740740740746,3.459953703703704,0.11337962962962964,0.011171264615099458
1997-12-12,1998-03-12,0.007269012402351181,0.002309395094071682,0.0011122596111082436,7.318086987639509,0.004085560608461336,-0.0010818322892301466,-0.019490740740740746,3.459953703703704,0.11337962962962964,0.010444845778219095
1997-12-18,1998-03-18,0.007269012402351181,0.002309395094071682,0.0011122596111082436,7.318086987639509,0.004085560608461336,-0.0010818322892301466,-0.019490740740740746,3.459953703703704,0.11337962962962964,0.0100361813609901
1997-12-24,1998-03-24,0.008209107559496444,0.0027272743628606413,0.0018147748889140837,7.334220331023568,0.004130471979444349,0.000755987075961138,0.024333834739091884,1.6928397831471413,0.1265212160197953,0.010045065981144172
1998-01-06,1998-04-06,0.007269012402351181,0.002309395094071682,0.0011122596111082436,7.318086987639509,0.004085560608461336,-0.0010818322892301466,-0.019490740740740746,3.459953703703704,0.11337962962962964,0.01005702497078803
1998-01-12,1998-04-12,0.007269012402351181,0.002309395094071682,0.0011122596111082436,7.318086987639509,0.004085560608461336,-0.0010818322892301466,-0.019490740740740746,3.459953703703704,0.11337962962962964,0.009873256504718365
1998-01-18,1998-04-18,0.007269012402351181,0.002309395094071682,0.0011122596111082436,7.318086987639509,0.004085560608461336,-0.0010818322892301466,-0.019490740740740746,3.459953703703704,0.11337962962962964,0.010501266126383064
1998-01-24,1998-04-24,0.007269012402351181,0.0022753659352379644,0.0015356970542251003,7.334044308729502,0.0037853547739738935,0.0007188113355941818,-0.0006965378416349602,1.844232412671808,0.09731180983238033,0.010156247253232959
1998-02-06,1998-05-06,0.007269012402351181,0.002309395094071682,0.0011122596111082436,7.318086987639509,0.004085560608461336,-0.0010818322892301466,-0.019490740740740746,3.459953703703704,0.11337962962962964,0.00994941250324773
1998-02-12,1998-05-12,0.007269012402351181,0.002309395094071682,0.0011122596111082436,7.318086987639509,0.004085560608461336,-0.0010818322892301466,-0.019490740740740746,3.459953703703704,0.11337962962962964,0.01003527341474705
1998-02-18,1998-05-18,0.007269012402351181,0.002309395094071682,0.0011122596111082436,7.318086987639509,0.004085560608461336,-0.0010818322892301466,-0.019490740740740746,3.459953703703704,0.11337962962962964,0.009012973801830491
1998-02-24,1998-05-24,0.007269012402351181,0.0020190688223515473,0.0013197714390891417,7.346387817109333,0.003977572027708325,1.738998536750312e-05,-0.004241500785207391,1.9122451140028869,0.06020892838549986,0.008759152208315121
1998-03-06,1998-06-06,0.007269012402351181,0.002309395094071682,0.0011122596111082436,7.318086987639509,0.004085560608461336,-0.0010818322892301466,-0.019490740740740746,3.459953703703704,0.11337962962962964,0.00870008794765446
1998-03-12,1998-06-12,0.007269012402351181,0.002309395094071682,0.0011122596111082436,7.318086987639509,0.004085560608461336,-0.0010818322892301466,-0.019490740740740746,3.459953703703704,0.11337962962962964,0.009152624945497088
1998-03-18,1998-06-18,0.007269012402351181,0.002309395094071682,0.0011122596111082436,7.318086987639509,0.004085560608461336,-0.0010818322892301466,-0.019490740740740746,3.459953703703704,0.11337962962962964,0.008548113392634591
1998-03-24,1998-06-24,0.006452193967272062,0.0018613128167107153,0.0012007523686265,7.346787108210464,0.0039822278937138855,-0.000169645263811395,-0.01092016531140212,1.9462551964085912,0.0429162529681921,0.008294808069716894
1998-04-06,1998-07-06,0.007269012402351181,0.002309395094071682,0.0011122596111082436,7.318086987639509,0.004085560608461336,-0.0010818322892301466,-0.019490740740740746,3.459953703703704,0.11337962962962964,0.00830846402656312
1998-04-12,1998-07-12,0.007269012402351181,0.002309395094071682,0.0011122596111082436,7.318086987639509,0.004085560608461336,-0.0010818322892301466,-0.019490740740740746,3.459953703703704,0.11337962962962964,0.008360662710300991
1998-04-18,1998-07-18,0.007269012402351181,0.002309395094071682,0.0011122596111082436,7.318086987639509,0.004085560608461336,-0.0010818322892301466,-0.019490740740740746,3.459953703703704,0.11337962962962964,0.008281581385718302
1998-04-24,1998-07-24,0.007269012402351181,0.0020608404347350158,0.0013120113856703263,7.331026465118023,0.003979355664221064,0.000148862147632111,-0.009469015474026954,1.9648641630179888,0.06466526648037813,0.008727743644631478
1998-05-06,1998-08-06,0.007269012402351181,0.002309395094071682,0.0011122596111082436,7.318086987639509,0.004085560608461336,-0.0010818322892301466,-0.019490740740740746,3.459953703703704,0.11337962962962964,0.009157453157683498
1998-05-12,1998-08-12,0.007269012402351181,0.002309395094071682,0.0011122596111082436,7.318086987639509,0.004085560608461336,-0.0010818322892301466,-0.019490740740740746,3.459953703703704,0.11337962962962964,0.008971805777201539
1998-05-18,1998-08-18,0.007269012402351181,0.002309395094071682,0.0011122596111082436,7.318086987639509,0.004085560608461336,-0.0010818322892301466,-0.019490740740740746,3.459953703703704,0.11337962962962964,0.008649137830377743
1998-05-24,1998-08-24,0.007269012402351181,0.002498742671805139,0.001555337780124059,7.327628836129229,0.0043260390782088026,0.00010363954970974256,0.011390626147250043,1.8898024476450719,0.09417924426827512,0.008771935492518538
1998-06-06,1998-09-06,0.007269012402351181,0.002309395094071682,0.0011122596111082436,7.318086987639509,0.004085560608461336,-0.0010818322892301466,-0.019490740740740746,3.459953703703704,0.11337962962962964,0.008676480361610225
1998-06-12,1998-09-12,0.007269012402351181,0.002309395094071682,0.0011122596111082436,7.318086987639509,0.004085560608461336,-0.0010818322892301466,-0.019490740740740746,3.459953703703704,0.11337962962962964,0.009067607187102157
1998-06-18,1998-09-18,0.007269012402351181,0.002309395094071682,0.0011122596111082436,7.318086987639509,0.004085560608461336,-0.0010818322892301466,-0.019490740740740746,3.459953703703704,0.11337962962962964,0.009738020503398592
1998-06-24,1998-09-24,0.006436256538787342,0.0016227431602186056,0.00120472057895303,7.351308725531964,0.003592621950663126,0.0005182146128271928,-0.019201580837054723,1.584958175053655,0.030353868572600626,0.008983419357603366
1998-07-06,1998-10-06,0.007269012402351181,0.002309395094071682,0.0011122596111082436,7.318086987639509,0.004085560608461336,-0.0010818322892301466,-0.019490740740740746,3.459953703703704,0.11337962962962964,0.008868585313372278
1998-07-12,1998-10-12,0.007269012402351181,0.002309395094071682,0.0011122596111082436,7.318086987639509,0.004085560608461336,-0.0010818322892301466,-0.019490740740740746,3.459953703703704,0.11337962962962964,0.008831770108657228
1998-07-18,1998-10-18,0.007269012402351181,0.002309395094071682,0.0011122596111082436,7.318086987639509,0.004085560608461336,-0.0010818322892301466,-0.019490740740740746,3.459953703703704,0.11337962962962964,0.008695973404991833
1998-07-24,1998-10-24,0.007269012402351181,0.0008736427676192069,0.0008407395781603439,7.373033356213721,0.0029764137627308037,0.0005718621449107646,-0.04740436835554965,1.6183179050006795,-0.01956002210204913,0.009123569671703394
1998-08-06,1998-11-06,0.007269012402351181,0.002309395094071682,0.0011122596111082436,7.318086987639509,0.004085560608461336,-0.0010818322892301466,-0.019490740740740746,3.459953703703704,0.11337962962962964,0.009868871126616267
1998-08-12,1998-11-12,0.007269012402351181,0.002309395094071682,0.0011122596111082436,7.318086987639509,0.004085560608461336,-0.0010818322892301466,-0.019490740740740746,3.459953703703704,0.11337962962962964,0.010792037536444747
1998-08-18,1998-11-18,0.007269012402351181,0.002309395094071682,0.0011122596111082436,7.318086987639509,0.004085560608461336,-0.0010818322892301466,-0.019490740740740746,3.459953703703704,0.11337962962962964,0.010458403875552823
1998-08-24,1998-11-24,0.007269012402351181,0.0017819134212231375,0.001408540444984163,7.360640507299772,0.0030225760043712645,0.001232467893440544,-0.018891641517073468,1.7810267887716043,0.08367637881590231,0.011955220574994872
1998-09-06,1998-12-06,0.007269012402351181,0.002309395094071682,0.0011122596111082436,7.318086987639509,0.004085560608461336,-0.0010818322892301466,-0.019490740740740746,3.459953703703704,0.11337962962962964,0.015946165794833912
1998-09-12,1998-12-12,0.007269012402351181,0.002309395094071682,0.0011122596111082436,7.318086987639509,0.004085560608461336,-0.0010818322892301466,-0.019490740740740746,3.459953703703704,0.11337962962962964,0.015549491886934622
1998-09-18,1998-12-18,0.007269012402351181,0.002309395094071682,0.0011122596111082436,7.318086987639509,0.004085560608461336,-0.0010818322892301466,-0.019490740740740746,3.459953703703704,0.11337962962962964,0.014765142181981588
1998-09-24,1998-12-24,0.007652102468273384,0.0009263340356694171,0.001085624116404535,7.3805393353647855,0.0017843249300475376,0.0021155716477906233,-0.05898488572522358,1.8958370016794062,0.0553702255848907,0.01386963671430705
1998-10-06,1999-01-06,0.007269012402351181,0.002309395094071682,0.0011122596111082436,7.318086987639509,0.004085560608461336,-0.0010818322892301466,-0.019490740740740746,3.459953703703704,0.11337962962962964,0.014007559791233826
1998-10-12,1999-01-12,0.007269012402351181,0.002309395094071682,0.0011122596111082436,7.318086987639509,0.004085560608461336,-0.0010818322892301466,-0.019490740740740746,3.459953703703704,0.11337962962962964,0.013686456393527552
1998-10-18,1999-01-18,0.007269012402351181,0.002309395094071682,0.0011122596111082436,7.318086987639509,0.004085560608461336,-0.0010818322892301466,-0.019490740740740746,3.459953703703704,0.11337962962962964,0.013363392939156605
1998-10-24,1999-01-24,0.007269012402351181,0.0011878633490785535,0.0010774705015535776,7.413898413613127,0.0025753147361353007,0.000517186246306746,-0.027191229331756765,2.2593015019099134,0.05058834038888961,0.011762716285275988
1998-11-06,1999-02-06,0.007269012402351181,0.002309395094071682,0.0011122596111082436,7.318086987639509,0.004085560608461336,-0.0010818322892301466,-0.019490740740740746,3.459953703703704,0.11337962962962964,0.011249470699137672
1998-11-12,1999-02-12,0.007269012402351181,0.002309395094071682,0.0011122596111082436,7.318086987639509,0.004085560608461336,-0.0010818322892301466,-0.019490740740740746,3.459953703703704,0.11337962962962964,0.010570106357775107
1998-11-18,1999-02-18,0.007269012402351181,0.002309395094071682,0.0011122596111082436,7.318086987639509,0.004085560608461336,-0.0010818322892301466,-0.019490740740740746,3.459953703703704,0.11337962962962964,0.009680758733984166
1998-11-24,1999-02-24,0.007269012402351181,0.0019781106303528484,0.001350025445691293,7.403398264921875,0.003800097009834681,-0.0005473857608838282,0.01586287969010653,2.2797262889653296,0.07331264454135442,0.009246288614228269
1998-12-06,1999-03-06,0.007269012402351181,0.002309395094071682,0.0011122596111082436,7.318086987639509,0.004085560608461336,-0.0010818322892301466,-0.019490740740740746,3.459953703703704,0.11337962962962964,0.009804406381607659
1998-12-12,1999-03-12,0.007269012402351181,0.002309395094071682,0.0011122596111082436,7.318086987639509,0.004085560608461336,-0.0010818322892301466,-0.019490740740740746,3.459953703703704,0.11337962962962964,0.010089050364179012
1998-12-18,1999-03-18,0.007269012402351181,0.002309395094071682,0.0011122596111082436,7.318086987639509,0.004085560608461336,-0.0010818322892301466,-0.019490740740740746,3.459953703703704,0.11337962962962964,0.010440264762144099
1998-12-24,1999-03-24,0.008738719823928515,0.0025155961900198693,0.0017360943682169904,7.440746212448262,0.004124243187999623,-0.000820830513949083,0.05965610161931672,2.2224166375035077,0.11700985821256699,0.009686294256637067
1999-01-06,1999-04-06,0.007269012402351181,0.002309395094071682,0.0011122596111082436,7.318086987639509,0.004085560608461336,-0.0010818322892301466,-0.019490740740740746,3.459953703703704,0.11337962962962964,0.009339191289653095
1999-01-12,1999-04-12,0.007269012402351181,0.002309395094071682,0.0011122596111082436,7.318086987639509,0.004085560608461336,-0.0010818322892301466,-0.019490740740740746,3.459953703703704,0.11337962962962964,0.009675943646150945
1999-01-18,1999-04-18,0.007269012402351181,0.002309395094071682,0.0011122596111082436,7.318086987639509,0.004085560608461336,-0.0010818322892301466,-0.019490740740740746,3.459953703703704,0.11337962962962964,0.010507884557798419
1999-01-24,1999-04-24,0.007269012402351181,0.0020749447540009125,0.0014538835662459494,7.430263746242131,0.003689966302415065,-0.0006719708793707206,0.02898264585802291,2.433074504527914,0.09423512144871687,0.0100931634104867
1999-02-06,1999-05-06,0.007269012402351181,0.002309395094071682,0.0011122596111082436,7.318086987639509,0.004085560608461336,-0.0010818322892301466,-0.019490740740740746,3.459953703703704,0.11337962962962964,0.010181684969186712
1999-02-12,1999-05-12,0.007269012402351181,0.002309395094071682,0.0011122596111082436,7.318086987639509,0.004085560608461336,-0.0010818322892301466,-0.019490740740740746,3.459953703703704,0.11337962962962964,0.010140190082981428
1999-02-18,1999-05-18,0.007269012402351181,0.002309395094071682,0.0011122596111082436,7.318086987639509,0.004085560608461336,-0.0010818322892301466,-0.019490740740740746,3.459953703703704,0.11337962962962964,0.0109115153943042
1999-02-24,1999-05-24,0.007269012402351181,0.002647133994296874,0.0017615902213593624,7.4177308122080525,0.0038999475674426454,-0.0004984751672077871,0.0472078530008759,2.553505653031742,0.14944025514104492,0.011099218423858009
1999-03-06,1999-06-06,0.007269012402351181,0.002309395094071682,0.0011122596111082436,7.318086987639509,0.004085560608461336,-0.0010818322892301466,-0.019490740740740746,3.459953703703704,0.11337962962962964,0.010600113723087888
1999-03-12,1999-06-12,0.007269012402351181,0.002309395094071682,0.0011122596111082436,7.318086987639509,0.004085560608461336,-0.0010818322892301466,-0.019490740740740746,3.459953703703704,0.11337962962962964,0.010509526057297075
1999-03-18,1999-06-18,0.007269012402351181,0.002309395094071682,0.0011122596111082436,7.318086987639509,0.004085560608461336,-0.0010818322892301466,-0.019490740740740746,3.459953703703704,0.11337962962962964,0.009831261705234483
1999-03-24,1999-06-24,0.008520909154768453,0.002121609432766984,0.0014571588633173656,7.4292161850707785,0.0035700036056947266,-0.0006722719211749722,0.025991735852885604,2.670862518398422,0.11046043800666525,0.010800301681276516
1999-04-06,1999-07-06,0.007269012402351181,0.002309395094071682,0.0011122596111082436,7.318086987639509,0.004085560608461336,-0.0010818322892301466,-0.019490740740740746,3.459953703703704,0.11337962962962964,0.01053979509339347
1999-04-12,1999-07-12,0.007269012402351181,0.002309395094071682,0.0011122596111082436,7.318086987639509,0.004085560608461336,-0.0010818322892301466,-0.019490740740740746,3.459953703703704,0.11337962962962964,0.010192222922481748
1999-04-18,1999-07-18,0.007269012402351181,0.002309395094071682,0.0011122596111082436,7.318086987639509,0.004085560608461336,-0.0010818322892301466,-0.019490740740740746,3.459953703703704,0.11337962962962964,0.01006709376731521
1999-04-24,1999-07-24,0.007269012402351181,0.0024372390182218207,0.0015379350819210904,7.391694742820449,0.0038369585919156585,-0.0005475291987189189,0.024519833526737936,2.7632696052006174,0.1313098421606104,0.010524974192964932
1999-05-06,1999-08-06,0.007269012402351181,0.002309395094071682,0.0011122596111082436,7.318086987639509,0.004085560608461336,-0.0010818322892301466,-0.019490740740740746,3.459953703703704,0.11337962962962964,0.009969302561214949
1999-05-12,1999-08-12,0.007269012402351181,0.002309395094071682,0.0011122596111082436,7.318086987639509,0.004085560608461336,-0.0010818322892301466,-0.019490740740740746,3.459953703703704,0.11337962962962964,0.010083469431903868
1999-05-18,1999-08-18,0.007269012402351181,0.002309395094071682,0.0011122596111082436,7.318086987639509,0.004085560608461336,-0.0010818322892301466,-0.019490740740740746,3.459953703703704,0.11337962962962964,0.009937746891627594
1999-05-24,1999-08-24,0.007269012402351181,0.0025581275145959213,0.0015414082059952853,7.3897201151434055,0.003972809179021322,-0.0008431478418117668,0.027518224313964557,2.9816011013312345,0.14176469833672142,0.010456473590377437
1999-06-06,1999-09-06,0.007269012402351181,0.002309395094071682,0.0011122596111082436,7.318086987639509,0.004085560608461336,-0.0010818322892301466,-0.019490740740740746,3.459953703703704,0.11337962962962964,0.010509555872802792
1999-06-12,1999-09-12,0.007269012402351181,0.002309395094071682,0.0011122596111082436,7.318086987639509,0.004085560608461336,-0.0010818322892301466,-0.019490740740740746,3.459953703703704,0.11337962962962964,0.010205062557111663
1999-06-18,1999-09-18,0.007269012402351181,0.002309395094071682,0.0011122596111082436,7.318086987639509,0.004085560608461336,-0.0010818322892301466,-0.019490740740740746,3.459953703703704,0.11337962962962964,0.009921846697237703
1999-06-24,1999-09-24,0.008831765740698173,0.0030259172524740316,0.001693831441043448,7.368873393088818,0.004515846009139314,-0.00116281640895855,0.043295800113853276,3.099578195874556,0.16600136714952946,0.009578739632023183
1999-07-06,1999-10-06,0.007269012402351181,0.002309395094071682,0.0011122596111082436,7.318086987639509,0.004085560608461336,-0.0010818322892301466,-0.019490740740740746,3.459953703703704,0.11337962962962964,0.009811708788724291
1999-07-12,1999-10-12,0.007269012402351181,0.002309395094071682,0.0011122596111082436,7.318086987639509,0.004085560608461336,-0.0010818322892301466,-0.019490740740740746,3.459953703703704,0.11337962962962964,0.009031231826794018
1999-07-18,1999-10-18,0.007269012402351181,0.002309395094071682,0.0011122596111082436,7.318086987639509,0.004085560608461336,-0.0010818322892301466,-0.019490740740740746,3.459953703703704,0.11337962962962964,0.00878982103083112
1999-07-24,1999-10-24,0.007269012402351181,0.00313587617582772,0.0018613618499093696,7.398701361683917,0.004625917802017051,-0.001248697418614393,0.06393518921124597,2.7972684080232106,0.169648869473297,0.009889024420697513
1999-08-06,1999-11-06,0.007269012402351181,0.002309395094071682,0.0011122596111082436,7.318086987639509,0.004085560608461336,-0.0010818322892301466,-0.019490740740740746,3.459953703703704,0.11337962962962964,0.009720924787591248
1999-08-12,1999-11-12,0.007269012402351181,0.002309395094071682,0.0011122596111082436,7.318086987639509,0.004085560608461336,-0.0010818322892301466,-0.019490740740740746,3.459953703703704,0.11337962962962964,0.009635217801871718
1999-08-18,1999-11-18,0.007269012402351181,0.002309395094071682,0.0011122596111082436,7.318086987639509,0.004085560608461336,-0.0010818322892301466,-0.019490740740740746,3.459953703703704,0.11337962962962964,0.01011029719188175
1999-08-24,1999-11-24,0.007269012402351181,0.0028759535675295577,0.0017155676205220963,7.398206065482835,0.004330757021964112,-0.001114928512156644,0.049796889467860546,2.928928659851037,0.15749706387540124,0.009967304141102919
1999-09-06,1999-12-06,0.007269012402351181,0.002309395094071682,0.0011122596111082436,7.318086987639509,0.004085560608461336,-0.0010818322892301466,-0.019490740740740746,3.459953703703704,0.11337962962962964,0.010199265199958268
1999-09-12,1999-12-12,0.007269012402351181,0.002309395094071682,0.0011122596111082436,7.318086987639509,0.004085560608461336,-0.0010818322892301466,-0.019490740740740746,3.459953703703704,0.11337962962962964,0.010110149628018567
1999-09-18,1999-12-18,0.007269012402351181,0.002309395094071682,0.0011122596111082436,7.318086987639509,0.004085560608461336,-0.0010818322892301466,-0.019490740740740746,3.459953703703704,0.11337962962962964,0.009655825955071548
1999-09-24,1999-12-24,0.008375551002294767,0.002398742754908815,0.0014920077097171306,7.405537865673134,0.00399187927241298,-0.0009807508636777648,0.030524066255605414,2.8043944456750745,0.1202065706668991,0.009900443902639802
1999-10-06,2000-01-06,0.007269012402351181,0.002309395094071682,0.0011122596111082436,7.318086987639509,0.004085560608461336,-0.0010818322892301466,-0.019490740740740746,3.459953703703704,0.11337962962962964,0.009738609479420825
1999-10-12,2000-01-12,0.007269012402351181,0.002309395094071682,0.0011122596111082436,7.318086987639509,0.004085560608461336,-0.0010818322892301466,-0.019490740740740746,3.459953703703704,0.11337962962962964,0.009930161799534916
1999-10-18,2000-01-18,0.007269012402351181,0.002309395094071682,0.0011122596111082436,7.318086987639509,0.004085560608461336,-0.0010818322892301466,-0.019490740740740746,3.459953703703704,0.11337962962962964,0.010983322864433372
1999-10-24,2000-01-24,0.007269012402351181,0.003976532699316999,0.002392810918720274,7.346231739224994,0.004757625987916729,5.159470033414904e-05,0.08154803190551116,2.561454712539453,0.24848493731120153,0.011151690216746795
1999-11-06,2000-02-06,0.007269012402351181,0.002309395094071682,0.0011122596111082436,7.318086987639509,0.004085560608461336,-0.0010818322892301466,-0.019490740740740746,3.459953703703704,0.11337962962962964,0.01153317335393315
1999-11-12,2000-02-12,0.007269012402351181,0.002309395094071682,0.0011122596111082436,7.318086987639509,0.004085560608461336,-0.0010818322892301466,-0.019490740740740746,3.459953703703704,0.11337962962962964,0.010198169103006496
1999-11-18,2000-02-18,0.007269012402351181,0.002309395094071682,0.0011122596111082436,7.318086987639509,0.004085560608461336,-0.0010818322892301466,-0.019490740740740746,3.459953703703704,0.11337962962962964,0.010138417063850397
1999-11-24,2000-02-24,0.007269012402351181,0.003954113437363486,0.0024060241393488334,7.3715236113717175,0.005236565303774937,-0.0005537732569375744,0.10131046923283918,2.1524981705240958,0.21472736493776828,0.009449838910495008
1999-12-06,2000-03-06,0.007269012402351181,0.002309395094071682,0.0011122596111082436,7.318086987639509,0.004085560608461336,-0.0010818322892301466,-0.019490740740740746,3.459953703703704,0.11337962962962964,0.009290076232354812
1999-12-12,2000-03-12,0.007269012402351181,0.002309395094071682,0.0011122596111082436,7.318086987639509,0.004085560608461336,-0.0010818322892301466,-0.019490740740740746,3.459953703703704,0.11337962962962964,0.009320578472549803
1999-12-18,2000-03-18,0.007269012402351181,0.002309395094071682,0.0011122596111082436,7.318086987639509,0.004085560608461336,-0.0010818322892301466,-0.019490740740740746,3.459953703703704,0.11337962962962964,0.008867333086506208
1999-12-24,2000-03-24,0.010710233537274008,0.0045476840675411105,0.0026801841471713636,7.407938516276427,0.005981901594887156,-0.0016378383106109297,0.15107738143829347,2.384604672450036,0.24613173670949345,0.008125736298984127
2000-01-06,2000-04-06,0.007269012402351181,0.002309395094071682,0.0011122596111082436,7.318086987639509,0.004085560608461336,-0.0010818322892301466,-0.019490740740740746,3.459953703703704,0.11337962962962964,0.00824974462116699
2000-01-12,2000-04-12,0.007269012402351181,0.002309395094071682,0.0011122596111082436,7.318086987639509,0.004085560608461336,-0.0010818322892301466,-0.019490740740740746,3.459953703703704,0.11337962962962964,0.010485756757133521
2000-01-18,2000-04-18,0.007269012402351181,0.002309395094071682,0.0011122596111082436,7.318086987639509,0.004085560608461336,-0.0010818322892301466,-0.019490740740740746,3.459953703703704,0.11337962962962964,0.009812749306285161
2000-01-24,2000-04-24,0.007269012402351181,0.003799726075114692,0.002321414135218979,7.397568895833202,0.004959025577761214,-0.0008254727005684265,0.10051825108534951,2.5260661258532866,0.21961512679713283,0.01002621584898237
2000-02-06,2000-05-06,0.007269012402351181,0.002309395094071682,0.0011122596111082436,7.318086987639509,0.004085560608461336,-0.0010818322892301466,-0.019490740740740746,3.459953703703704,0.11337962962962964,0.011190387734255307
2000-02-12,2000-05-12,0.007269012402351181,0.002309395094071682,0.0011122596111082436,7.318086987639509,0.004085560608461336,-0.0010818322892301466,-0.019490740740740746,3.459953703703704,0.11337962962962964,0.010472230039769957
2000-02-18,2000-05-18,0.007269012402351181,0.002309395094071682,0.0011122596111082436,7.318086987639509,0.004085560608461336,-0.0010818322892301466,-0.019490740740740746,3.459953703703704,0.11337962962962964,0.010782894783841522
2000-02-24,2000-05-24,0.007269012402351181,0.0031676610614767434,0.002094097951795053,7.422261827605337,0.004292614378027136,-0.00048473361704130715,0.07738777387556606,2.3599851798873486,0.18368486067882847,0.011134865637917104
2000-03-06,2000-06-06,0.007269012402351181,0.002309395094071682,0.0011122596111082436,7.318086987639509,0.004085560608461336,-0.0010818322892301466,-0.019490740740740746,3.459953703703704,0.11337962962962964,0.010838121580183484
2000-03-12,2000-06-12,0.007269012402351181,0.002309395094071682,0.0011122596111082436,7.318086987639509,0.004085560608461336,-0.0010818322892301466,-0.019490740740740746,3.459953703703704,0.11337962962962964,0.011552646898548279
2000-03-18,2000-06-18,0.007269012402351181,0.002309395094071682,0.0011122596111082436,7.318086987639509,0.004085560608461336,-0.0010818322892301466,-0.019490740740740746,3.459953703703704,0.11337962962962964,0.012968440218774142
2000-03-24,2000-06-24,0.010144066145787028,0.0032244813417557443,0.0021341287470256205,7.377893331542557,0.003959437220145071,0.0004898331304784146,0.05640876930450172,2.3452481526174855,0.20502250542561268,0.01228654576896393
2000-04-06,2000-07-06,0.007269012402351181,0.002309395094071682,0.0011122596111082436,7.318086987639509,0.004085560608461336,-0.0010818322892301466,-0.019490740740740746,3.459953703703704,0.11337962962962964,0.011612072004952945
2000-04-12,2000-07-12,0.007269012402351181,0.002309395094071682,0.0011122596111082436,7.318086987639509,0.004085560608461336,-0.0010818322892301466,-0.019490740740740746,3.459953703703704,0.11337962962962964,0.010951252927324323
2000-04-18,2000-07-18,0.007269012402351181,0.002309395094071682,0.0011122596111082436,7.318086987639509,0.004085560608461336,-0.0010818322892301466,-0.019490740740740746,3.459953703703704,0.11337962962962964,0.014097130898096201
2000-04-24,2000-07-24,0.007269012402351181,0.0027524855312588206,0.0019686858370603173,7.337144337278485,0.00304413082737829,0.0019899944964982498,0.009688250662821973,2.165555467940451,0.19545235748676737,0.014155117174390268
2000-05-06,2000-08-06,0.007269012402351181,0.002309395094071682,0.0011122596111082436,7.318086987639509,0.004085560608461336,-0.0010818322892301466,-0.019490740740740746,3.459953703703704,0.11337962962962964,0.013071377740025703
2000-05-12,2000-08-12,0.007269012402351181,0.002309395094071682,0.0011122596111082436,7.318086987639509,0.004085560608461336,-0.0010818322892301466,-0.019490740740740746,3.459953703703704,0.11337962962962964,0.01265085951822296
2000-05-18,2000-08-18,0.007269012402351181,0.002309395094071682,0.0011122596111082436,7.318086987639509,0.004085560608461336,-0.0010818322892301466,-0.019490740740740746,3.459953703703704,0.11337962962962964,0.012338468590385003
2000-05-24,2000-08-24,0.007269012402351181,0.00321847612046175,0.0020884312210510264,7.332250876651043,0.0038473623212648637,0.0011199323178480412,0.03560357572679025,2.2967317042618416,0.20661397493111608,0.012345473046454855
2000-06-06,2000-09-06,0.007269012402351181,0.002309395094071682,0.0011122596111082436,7.318086987639509,0.004085560608461336,-0.0010818322892301466,-0.019490740740740746,3.459953703703704,0.11337962962962964,0.012431829439918838
2000-06-12,2000-09-12,0.007269012402351181,0.002309395094071682,0.0011122596111082436,7.318086987639509,0.004085560608461336,-0.0010818322892301466,-0.019490740740740746,3.459953703703704,0.11337962962962964,0.01142275001914267
2000-06-18,2000-09-18,0.007269012402351181,0.002309395094071682,0.0011122596111082436,7.318086987639509,0.004085560608461336,-0.0010818322892301466,-0.019490740740740746,3.459953703703704,0.11337962962962964,0.010664325699178228
2000-06-24,2000-09-24,0.007791359714339,0.0022137725461480605,0.0015571571155145539,7.350493328627558,0.0036706492299283747,0.0007402407697303277,0.0030136224896606285,1.7855883347192651,0.09654088118164315,0.010545824929747033
2000-07-06,2000-10-06,0.007269012402351181,0.002309395094071682,0.0011122596111082436,7.318086987639509,0.004085560608461336,-0.0010818322892301466,-0.019490740740740746,3.459953703703704,0.11337962962962964,0.010159197092511126
2000-07-12,2000-10-12,0.007269012402351181,0.002309395094071682,0.0011122596111082436,7.318086987639509,0.004085560608461336,-0.0010818322892301466,-0.019490740740740746,3.459953703703704,0.11337962962962964,0.010111222293333276
2000-07-18,2000-10-18,0.007269012402351181,0.002309395094071682,0.0011122596111082436,7.318086987639509,0.004085560608461336,-0.0010818322892301466,-0.019490740740740746,3.459953703703704,0.11337962962962964,0.009497375293127134
2000-07-24,2000-10-24,0.007269012402351181,0.001834262832974707,0.0012251541054964896,7.314948860239546,0.00354786264909461,0.0007743854656339863,-0.03093481465184946,1.9300568177479984,0.06086135894990889,0.009644490838689372
2000-08-06,2000-11-06,0.007269012402351181,0.002309395094071682,0.0011122596111082436,7.318086987639509,0.004085560608461336,-0.0010818322892301466,-0.019490740740740746,3.459953703703704,0.11337962962962964,0.009842455391920935
2000-08-12,2000-11-12,0.007269012402351181,0.002309395094071682,0.0011122596111082436,7.318086987639509,0.004085560608461336,-0.0010818322892301466,-0.019490740740740746,3.459953703703704,0.11337962962962964,0.009351037560504446
2000-08-18,2000-11-18,0.007269012402351181,0.002309395094071682,0.0011122596111082436,7.318086987639509,0.004085560608461336,-0.0010818322892301466,-0.019490740740740746,3.459953703703704,0.11337962962962964,0.009049076598604856
2000-08-24,2000-11-24,0.007269012402351181,0.0012265671858396568,0.0008457742952592245,7.322101260182666,0.0034333421275477933,0.0003736396837972719,-0.05435607610441614,1.8685212039128425,-0.0014745130748744922,0.008473300097807314
2000-09-06,2000-12-06,0.007269012402351181,0.002309395094071682,0.0011122596111082436,7.318086987639509,0.004085560608461336,-0.0010818322892301466,-0.019490740740740746,3.459953703703704,0.11337962962962964,0.008479879152055588
2000-09-12,2000-12-12,0.007269012402351181,0.002309395094071682,0.0011122596111082436,7.318086987639509,0.004085560608461336,-0.0010818322892301466,-0.019490740740740746,3.459953703703704,0.11337962962962964,0.008479912701188278
2000-09-18,2000-12-18,0.007269012402351181,0.002309395094071682,0.0011122596111082436,7.318086987639509,0.004085560608461336,-0.0010818322892301466,-0.019490740740740746,3.459953703703704,0.11337962962962964,0.008426896326680835
2000-09-24,2000-12-24,0.0055643514826986245,0.0012706222780793678,0.0008381117482490431,7.310852331835074,0.0033720459341596985,0.00046145462642827734,-0.060256906718261546,2.0123789167842148,0.00904031486583104,0.008875175755912281
2000-10-06,2001-01-06,0.007269012402351181,0.002309395094071682,0.0011122596111082436,7.318086987639509,0.004085560608461336,-0.0010818322892301466,-0.019490740740740746,3.459953703703704,0.11337962962962964,0.009440167470109706
2000-10-12,2001-01-12,0.007269012402351181,0.002309395094071682,0.0011122596111082436,7.318086987639509,0.004085560608461336,-0.0010818322892301466,-0.019490740740740746,3.459953703703704,0.11337962962962964,0.009830695213711552
2000-10-18,2001-01-18,0.007269012402351181,0.002309395094071682,0.0011122596111082436,7.318086987639509,0.004085560608461336,-0.0010818322892301466,-0.019490740740740746,3.459953703703704,0.11337962962962964,0.011944638341642048
2000-10-24,2001-01-24,0.007269012402351181,0.00042055874681188113,0.0005391016458218738,7.291135704109898,0.002000484085051967,0.0021382770460110145,-0.11774688126526375,1.848177991958829,-0.0178947687915961,0.011297071465408674
2000-11-06,2001-02-06,0.007269012402351181,0.002309395094071682,0.0011122596111082436,7.318086987639509,0.004085560608461336,-0.0010818322892301466,-0.019490740740740746,3.459953703703704,0.11337962962962964,0.011212356940349487
2000-11-12,2001-02-12,0.007269012402351181,0.002309395094071682,0.0011122596111082436,7.318086987639509,0.004085560608461336,-0.0010818322892301466,-0.019490740740740746,3.459953703703704,0.11337962962962964,0.010835912718470283
2000-11-18,2001-02-18,0.007269012402351181,0.002309395094071682,0.0011122596111082436,7.318086987639509,0.004085560608461336,-0.0010818322892301466,-0.019490740740740746,3.459953703703704,0.11337962962962964,0.011376548192691951
2000-11-24,2001-02-24,0.007269012402351181,0.0006578989186822718,0.0006643832899325545,7.283228875815289,0.002280990059899535,0.0021271098970871254,-0.10688751429776505,1.7007759614209648,-0.009119958265783767,0.010919010302068705
2000-12-06,2001-03-06,0.007269012402351181,0.002309395094071682,0.0011122596111082436,7.318086987639509,0.004085560608461336,-0.0010818322892301466,-0.019490740740740746,3.459953703703704,0.11337962962962964,0.010676084647366467
2000-12-12,2001-03-12,0.007269012402351181,0.002309395094071682,0.0011122596111082436,7.318086987639509,0.004085560608461336,-0.0010818322892301466,-0.019490740740740746,3.459953703703704,0.11337962962962964,0.012131217865761702
2000-12-18,2001-03-18,0.007269012402351181,0.002309395094071682,0.0011122596111082436,7.318086987639509,0.004085560608461336,-0.0010818322892301466,-0.019490740740740746,3.459953703703704,0.11337962962962964,0.011571320690722827
2000-12-24,2001-03-24,0.005063615336450383,0.00016532621764650448,0.0004540528422146869,7.290376999184227,0.001685377411051574,0.0025195094576819146,-0.13075704044687833,1.7230093683521468,-0.03224135265106423,0.011674139451283547
2001-01-06,2001-04-06,0.007269012402351181,0.002309395094071682,0.0011122596111082436,7.318086987639509,0.004085560608461336,-0.0010818322892301466,-0.019490740740740746,3.459953703703704,0.11337962962962964,0.012057699367260538
2001-01-12,2001-04-12,0.007269012402351181,0.002309395094071682,0.0011122596111082436,7.318086987639509,0.004085560608461336,-0.0010818322892301466,-0.019490740740740746,3.459953703703704,0.11337962962962964,0.0130466334833347
2001-01-18,2001-04-18,0.007269012402351181,0.002309395094071682,0.0011122596111082436,7.318086987639509,0.004085560608461336,-0.0010818322892301466,-0.019490740740740746,3.459953703703704,0.11337962962962964,0.011267224081959371
2001-01-24,2001-04-24,0.007269012402351181,-0.000726506336481917,-0.00022929834758679806,7.36396538562752,0.0015862213850436954,0.0003521923059576933,-0.14521649073517504,2.6408920245023935,-0.10671157381712384,0.009880406935697776
2001-02-06,2001-05-06,0.007269012402351181,0.002309395094071682,0.0011122596111082436,7.318086987639509,0.004085560608461336,-0.0010818322892301466,-0.019490740740740746,3.459953703703704,0.11337962962962964,0.00986112763588759
2001-02-12,2001-05-12,0.007269012402351181,0.002309395094071682,0.0011122596111082436,7.318086987639509,0.004085560608461336,-0.0010818322892301466,-0.019490740740740746,3.459953703703704,0.11337962962962964,0.009741502991411933
2001-02-18,2001-05-18,0.007269012402351181,0.002309395094071682,0.0011122596111082436,7.318086987639509,0.004085560608461336,-0.0010818322892301466,-0.019490740740740746,3.459953703703704,0.11337962962962964,0.009448044758444255
2001-02-24,2001-05-24,0.007269012402351181,-0.0008880850097978841,-0.0003686904117033967,7.379293519317646,0.0015100931778729131,-0.0001104007787246043,-0.14961098915900728,2.9447050955827097,-0.11416726480538472,0.009895390549557714
2001-03-06,2001-06-06,0.007269012402351181,0.002309395094071682,0.0011122596111082436,7.318086987639509,0.004085560608461336,-0.0010818322892301466,-0.019490740740740746,3.459953703703704,0.11337962962962964,0.009925692490284996
2001-03-12,2001-06-12,0.007269012402351181,0.002309395094071682,0.0011122596111082436,7.318086987639509,0.004085560608461336,-0.0010818322892301466,-0.019490740740740746,3.459953703703704,0.11337962962962964,0.01005098662350954
2001-03-18,2001-06-18,0.007269012402351181,0.002309395094071682,0.0011122596111082436,7.318086987639509,0.004085560608461336,-0.0010818322892301466,-0.019490740740740746,3.459953703703704,0.11337962962962964,0.012684561994246838
2001-03-24,2001-06-24,0.003237016469379881,-0.0018167988732813753,-0.000800457974082275,7.35266080424559,0.00010988479016868155,0.0012526913735280661,-0.22001975047554315,3.074808036719327,-0.14144431996790421,0.012745611442240623
2001-04-06,2001-07-06,0.007269012402351181,0.002309395094071682,0.0011122596111082436,7.318086987639509,0.004085560608461336,-0.0010818322892301466,-0.019490740740740746,3.459953703703704,0.11337962962962964,0.012919084367265495
2001-04-12,2001-07-12,0.007269012402351181,0.002309395094071682,0.0011122596111082436,7.318086987639509,0.004085560608461336,-0.0010818322892301466,-0.019490740740740746,3.459953703703704,0.11337962962962964,0.014229224022102263
2001-04-18,2001-07-18,0.007269012402351181,0.002309395094071682,0.0011122596111082436,7.318086987639509,0.004085560608461336,-0.0010818322892301466,-0.019490740740740746,3.459953703703704,0.11337962962962964,0.013131955141547696
2001-04-24,2001-07-24,0.007269012402351181,-0.0021797965341336157,-0.0010947343062271246,7.381027173446795,-0.00010071148505663968,0.00045884757420997326,-0.22914271213568388,3.695784755807991,-0.15959380074800042,0.01232161898674215
2001-05-06,2001-08-06,0.007269012402351181,0.002309395094071682,0.0011122596111082436,7.318086987639509,0.004085560608461336,-0.0010818322892301466,-0.019490740740740746,3.459953703703704,0.11337962962962964,0.011706993397717406
2001-05-12,2001-08-12,0.007269012402351181,0.002309395094071682,0.0011122596111082436,7.318086987639509,0.004085560608461336,-0.0010818322892301466,-0.019490740740740746,3.459953703703704,0.11337962962962964,0.010673786811422701
2001-05-18,2001-08-18,0.007269012402351181,0.002309395094071682,0.0011122596111082436,7.318086987639509,0.004085560608461336,-0.0010818322892301466,-0.019490740740740746,3.459953703703704,0.11337962962962964,0.010580568400820214
2001-05-24,2001-08-24,0.007269012402351181,-0.0017480493042472196,-0.0011251671111448525,7.390089880144393,0.0009114994062608037,-0.0013413539061030003,-0.20148278693907803,4.296232773764051,-0.15376962786681178,0.00986038832652978
2001-06-06,2001-09-06,0.007269012402351181,0.002309395094071682,0.0011122596111082436,7.318086987639509,0.004085560608461336,-0.0010818322892301466,-0.019490740740740746,3.459953703703704,0.11337962962962964,0.009800721049325384
2001-06-12,2001-09-12,0.007269012402351181,0.002309395094071682,0.0011122596111082436,7.318086987639509,0.004085560608461336,-0.0010818322892301466,-0.019490740740740746,3.459953703703704,0.11337962962962964,0.009437031827982384
2001-06-18,2001-09-18,0.007269012402351181,0.002309395094071682,0.0011122596111082436,7.318086987639509,0.004085560608461336,-0.0010818322892301466,-0.019490740740740746,3.459953703703704,0.11337962962962964,0.009378803767254515
2001-06-24,2001-09-24,0.00272360853084824,-0.0015661592809451757,-0.0010696289494564763,7.405317357943591,0.0013154585739359056,-0.002008209805724563,-0.18497007016078543,4.32655825298178,-0.1520963034478134,0.009336919478355127
2001-07-06,2001-10-06,0.007269012402351181,0.002309395094071682,0.0011122596111082436,7.318086987639509,0.004085560608461336,-0.0010818322892301466,-0.019490740740740746,3.459953703703704,0.11337962962962964,0.009089386154588678
2001-07-12,2001-10-12,0.007269012402351181,0.002309395094071682,0.0011122596111082436,7.318086987639509,0.004085560608461336,-0.0010818322892301466,-0.019490740740740746,3.459953703703704,0.11337962962962964,0.009995226291596493
2001-07-18,2001-10-18,0.007269012402351181,0.002309395094071682,0.0011122596111082436,7.318086987639509,0.004085560608461336,-0.0010818322892301466,-0.019490740740740746,3.459953703703704,0.11337962962962964,0.009983061623070418
2001-07-24,2001-10-24,0.007269012402351181,-0.0015721072286133827,-0.001042135051888815,7.400440333000484,0.0011047605196662681,-0.0016647206093626443,-0.18973691653662764,4.355182798721724,-0.14155930847546458,0.01001667629219462
2001-08-06,2001-11-06,0.007269012402351181,0.002309395094071682,0.0011122596111082436,7.318086987639509,0.004085560608461336,-0.0010818322892301466,-0.019490740740740746,3.459953703703704,0.11337962962962964,0.009526532680664175
2001-08-12,2001-11-12,0.007269012402351181,0.002309395094071682,0.0011122596111082436,7.318086987639509,0.004085560608461336,-0.0010818322892301466,-0.019490740740740746,3.459953703703704,0.11337962962962964,0.009459921258023507
2001-08-18,2001-11-18,0.007269012402351181,0.002309395094071682,0.0011122596111082436,7.318086987639509,0.004085560608461336,-0.0010818322892301466,-0.019490740740740746,3.459953703703704,0.11337962962962964,0.009256956922245783
2001-08-24,2001-11-24,0.007269012402351181,-0.0014132310810196246,-0.0010223683758605092,7.371293625941151,0.0012971923952402892,-0.0015692397920813415,-0.19448113357891833,4.354742007992088,-0.1351751421157258,0.009705389712107883
2001-09-06,2001-12-06,0.007269012402351181,0.002309395094071682,0.0011122596111082436,7.318086987639509,0.004085560608461336,-0.0010818322892301466,-0.019490740740740746,3.459953703703704,0.11337962962962964,0.009935379166646219
2001-09-12,2001-12-12,0.007269012402351181,0.002309395094071682,0.0011122596111082436,7.318086987639509,0.004085560608461336,-0.0010818322892301466,-0.019490740740740746,3.459953703703704,0.11337962962962964,0.010050823091613804
2001-09-18,2001-12-18,0.007269012402351181,0.002309395094071682,0.0011122596111082436,7.318086987639509,0.004085560608461336,-0.0010818322892301466,-0.019490740740740746,3.459953703703704,0.11337962962962964,0.01119138252430775
2001-09-24,2001-12-24,0.0033656303529789942,-0.0021420349246610037,-0.0014373921966693408,7.3686837009546595,-0.0002985232579190214,-0.0007331022978410944,-0.25204645369376655,5.489202810482768,-0.11433864620224887,0.01296277869515012
2001-10-06,2002-01-06,0.007269012402351181,0.002309395094071682,0.0011122596111082436,7.318086987639509,0.004085560608461336,-0.0010818322892301466,-0.019490740740740746,3.459953703703704,0.11337962962962964,0.01196959942492747
2001-10-12,2002-01-12,0.007269012402351181,0.002309395094071682,0.0011122596111082436,7.318086987639509,0.004085560608461336,-0.0010818322892301466,-0.019490740740740746,3.459953703703704,0.11337962962962964,0.011175150740868608
2001-10-18,2002-01-18,0.007269012402351181,0.002309395094071682,0.0011122596111082436,7.318086987639509,0.004085560608461336,-0.0010818322892301466,-0.019490740740740746,3.459953703703704,0.11337962962962964,0.010797678443785482
2001-10-24,2002-01-24,0.007269012402351181,-0.001476671564662056,-0.0012957802830634035,7.393821675434493,0.0012229358901340364,-0.00288338181767002,-0.19885658799728897,5.665619795352583,-0.11514880471554315,0.009592806213529106
2001-11-06,2002-02-06,0.007269012402351181,0.002309395094071682,0.0011122596111082436,7.318086987639509,0.004085560608461336,-0.0010818322892301466,-0.019490740740740746,3.459953703703704,0.11337962962962964,0.010384467305194395
2001-11-12,2002-02-12,0.007269012402351181,0.002309395094071682,0.0011122596111082436,7.318086987639509,0.004085560608461336,-0.0010818322892301466,-0.019490740740740746,3.459953703703704,0.11337962962962964,0.01002165582422493
2001-11-18,2002-02-18,0.007269012402351181,0.002309395094071682,0.0011122596111082436,7.318086987639509,0.004085560608461336,-0.0010818322892301466,-0.019490740740740746,3.459953703703704,0.11337962962962964,0.009684977779165303
2001-11-24,2002-02-24,0.007269012402351181,-0.0017052763863469544,-0.001503382629979804,7.400456885730909,0.0012086811462339348,-0.003418609690157918,-0.21049227809169585,5.919052167787736,-0.1336323321777722,0.009449380313626245
2001-12-06,2002-03-06,0.007269012402351181,0.002309395094071682,0.0011122596111082436,7.318086987639509,0.004085560608461336,-0.0010818322892301466,-0.019490740740740746,3.459953703703704,0.11337962962962964,0.00962938567732636
2001-12-12,2002-03-12,0.007269012402351181,0.002309395094071682,0.0011122596111082436,7.318086987639509,0.004085560608461336,-0.0010818322892301466,-0.019490740740740746,3.459953703703704,0.11337962962962964,0.010026720812263436
2001-12-18,2002-03-18,0.007269012402351181,0.002309395094071682,0.0011122596111082436,7.318086987639509,0.004085560608461336,-0.0010818322892301466,-0.019490740740740746,3.459953703703704,0.11337962962962964,0.00953667758666125
2001-12-24,2002-03-24,0.004054175524819381,-0.0006091900781254058,-0.0010505717236436198,7.393383123572226,0.002076763905869401,-0.004202391885032641,-0.16385957539507814,6.464739956437315,-0.04732623419682677,0.00940381405349744
2002-01-06,2002-04-06,0.007269012402351181,0.002309395094071682,0.0011122596111082436,7.318086987639509,0.004085560608461336,-0.0010818322892301466,-0.019490740740740746,3.459953703703704,0.11337962962962964,0.009090090662010709
2002-01-12,2002-04-12,0.007269012402351181,0.002309395094071682,0.0011122596111082436,7.318086987639509,0.004085560608461336,-0.0010818322892301466,-0.019490740740740746,3.459953703703704,0.11337962962962964,0.00866271423405512
2002-01-18,2002-04-18,0.007269012402351181,0.002309395094071682,0.0011122596111082436,7.318086987639509,0.004085560608461336,-0.0010818322892301466,-0.019490740740740746,3.459953703703704,0.11337962962962964,0.008918787609959969
2002-01-24,2002-04-24,0.007269012402351181,3.891903566830262e-05,-0.0005922145668661265,7.4147632474138625,0.0025199985885802694,-0.004237439801549385,-0.12051559098154518,6.176737245598478,-0.0015061154363364831,0.009904381903883382
2002-02-06,2002-05-06,0.007269012402351181,0.002309395094071682,0.0011122596111082436,7.318086987639509,0.004085560608461336,-0.0010818322892301466,-0.019490740740740746,3.459953703703704,0.11337962962962964,0.01055176067677238
2002-02-12,2002-05-12,0.007269012402351181,0.002309395094071682,0.0011122596111082436,7.318086987639509,0.004085560608461336,-0.0010818322892301466,-0.019490740740740746,3.459953703703704,0.11337962962962964,0.01065587962865861
2002-02-18,2002-05-18,0.007269012402351181,0.002309395094071682,0.0011122596111082436,7.318086987639509,0.004085560608461336,-0.0010818322892301466,-0.019490740740740746,3.459953703703704,0.11337962962962964,0.010114668332995815
2002-02-24,2002-05-24,0.007269012402351181,0.00011724387661088062,-0.00036481325083962757,7.474952676336694,0.0023789278229666487,-0.004286925562460634,-0.08829601543699639,6.018594768606386,0.013795222225843715,0.010581511357968906
2002-03-06,2002-06-06,0.007269012402351181,0.002309395094071682,0.0011122596111082436,7.318086987639509,0.004085560608461336,-0.0010818322892301466,-0.019490740740740746,3.459953703703704,0.11337962962962964,0.010233962391240064
2002-03-12,2002-06-12,0.007269012402351181,0.002309395094071682,0.0011122596111082436,7.318086987639509,0.004085560608461336,-0.0010818322892301466,-0.019490740740740746,3.459953703703704,0.11337962962962964,0.01035422568594164
2002-03-18,2002-06-18,0.007269012402351181,0.002309395094071682,0.0011122596111082436,7.318086987639509,0.004085560608461336,-0.0010818322892301466,-0.019490740740740746,3.459953703703704,0.11337962962962964,0.009665034862845862
2002-03-24,2002-06-24,0.00712395166686392,0.0011625967591359684,7.920084510216444e-05,7.44984924313427,0.0033044820547358054,-0.004745524698736093,-0.04771791630294292,6.247943846518723,0.08459205132239773,0.010023876054246645
2002-04-06,2002-07-06,0.007269012402351181,0.002309395094071682,0.0011122596111082436,7.318086987639509,0.004085560608461336,-0.0010818322892301466,-0.019490740740740746,3.459953703703704,0.11337962962962964,0.009416088880413101
2002-04-12,2002-07-12,0.007269012402351181,0.002309395094071682,0.0011122596111082436,7.318086987639509,0.004085560608461336,-0.0010818322892301466,-0.019490740740740746,3.459953703703704,0.11337962962962964,0.009154606261107992
2002-04-18,2002-07-18,0.007269012402351181,0.002309395094071682,0.0011122596111082436,7.318086987639509,0.004085560608461336,-0.0010818322892301466,-0.019490740740740746,3.459953703703704,0.11337962962962964,0.010030401639628811
2002-04-24,2002-07-24,0.007269012402351181,0.0014821793727968855,0.00021944438922834222,7.424095355837254,0.003548284487938678,-0.004553826435309913,-0.04275096662608239,6.194404895241242,0.10524621919592936,0.009929167639938181
2002-05-06,2002-08-06,0.007269012402351181,0.002309395094071682,0.0011122596111082436,7.318086987639509,0.004085560608461336,-0.0010818322892301466,-0.019490740740740746,3.459953703703704,0.11337962962962964,0.009805207437872875
2002-05-12,2002-08-12,0.007269012402351181,0.002309395094071682,0.0011122596111082436,7.318086987639509,0.004085560608461336,-0.0010818322892301466,-0.019490740740740746,3.459953703703704,0.11337962962962964,0.011339516704731495
2002-05-18,2002-08-18,0.007269012402351181,0.002309395094071682,0.0011122596111082436,7.318086987639509,0.004085560608461336,-0.0010818322892301466,-0.019490740740740746,3.459953703703704,0.11337962962962964,0.011412177875904969
2002-05-24,2002-08-24,0.007269012402351181,0.001461859878478512,0.0002895204786966146,7.452628193806781,0.003297946888278482,-0.004518434756479174,-0.034672606789719576,6.276010134319189,0.11930383228502191,0.010970524391141835
2002-06-06,2002-09-06,0.007269012402351181,0.002309395094071682,0.0011122596111082436,7.318086987639509,0.004085560608461336,-0.0010818322892301466,-0.019490740740740746,3.459953703703704,0.11337962962962964,0.010618970428941929
2002-06-12,2002-09-12,0.007269012402351181,0.002309395094071682,0.0011122596111082436,7.318086987639509,0.004085560608461336,-0.0010818322892301466,-0.019490740740740746,3.459953703703704,0.11337962962962964,0.010935114340838582
2002-06-18,2002-09-18,0.007269012402351181,0.002309395094071682,0.0011122596111082436,7.318086987639509,0.004085560608461336,-0.0010818322892301466,-0.019490740740740746,3.459953703703704,0.11337962962962964,0.010748830123779777
2002-06-24,2002-09-24,0.008524445973770292,0.0017629097707729546,0.0005162862917696817,7.453285622924711,0.0033690993298839057,-0.0042325228672799005,-0.019487210680288403,6.147538727579581,0.14683984708702597,0.011519974668219576
2002-07-06,2002-10-06,0.007269012402351181,0.002309395094071682,0.0011122596111082436,7.318086987639509,0.004085560608461336,-0.0010818322892301466,-0.019490740740740746,3.459953703703704,0.11337962962962964,0.01145112040133893
2002-07-12,2002-10-12,0.007269012402351181,0.002309395094071682,0.0011122596111082436,7.318086987639509,0.004085560608461336,-0.0010818322892301466,-0.019490740740740746,3.459953703703704,0.11337962962962964,0.013075811434308405
2002-07-18,2002-10-18,0.007269012402351181,0.002309395094071682,0.0011122596111082436,7.318086987639509,0.004085560608461336,-0.0010818322892301466,-0.019490740740740746,3.459953703703704,0.11337962962962964,0.013115526049069747
2002-07-24,2002-10-24,0.007269012402351181,0.0006905148622222781,0.00022573980727275697,7.441834357300871,0.0012304397710140272,-0.0016900003410650353,-0.09040956268308598,6.066604874232936,0.13650939081008237,0.01589551957721929
2002-08-06,2002-11-06,0.007269012402351181,0.002309395094071682,0.0011122596111082436,7.318086987639509,0.004085560608461336,-0.0010818322892301466,-0.019490740740740746,3.459953703703704,0.11337962962962964,0.015736291981391953
2002-08-12,2002-11-12,0.007269012402351181,0.002309395094071682,0.0011122596111082436,7.318086987639509,0.004085560608461336,-0.0010818322892301466,-0.019490740740740746,3.459953703703704,0.11337962962962964,0.015913011745641636
2002-08-18,2002-11-18,0.007269012402351181,0.002309395094071682,0.0011122596111082436,7.318086987639509,0.004085560608461336,-0.0010818322892301466,-0.019490740740740746,3.459953703703704,0.11337962962962964,0.01541280928150764
2002-08-24,2002-11-24,0.007269012402351181,0.0007016679190916799,0.00018218074693417748,7.432943242717821,0.0017870615226511506,-0.0021349092638313044,-0.08593528850434787,5.660129977831619,0.10206377135238105,0.01422560754039412
2002-09-06,2002-12-06,0.007269012402351181,0.002309395094071682,0.0011122596111082436,7.318086987639509,0.004085560608461336,-0.0010818322892301466,-0.019490740740740746,3.459953703703704,0.11337962962962964,0.013732486557364806
2002-09-12,2002-12-12,0.007269012402351181,0.002309395094071682,0.0011122596111082436,7.318086987639509,0.004085560608461336,-0.0010818322892301466,-0.019490740740740746,3.459953703703704,0.11337962962962964,0.01398022548835317
2002-09-18,2002-12-18,0.007269012402351181,0.002309395094071682,0.0011122596111082436,7.318086987639509,0.004085560608461336,-0.0010818322892301466,-0.019490740740740746,3.459953703703704,0.11337962962962964,0.012952691462555465
2002-09-24,2002-12-24,0.0074632924272482306,0.00027046385942292505,-1.786345199126442e-05,7.4721708441845065,0.001670272613149944,-0.0026553919097368956,-0.08774997435622789,5.599014325110609,0.061353457508003306,0.013734612857592983
2002-10-06,2003-01-06,0.007269012402351181,0.002309395094071682,0.0011122596111082436,7.318086987639509,0.004085560608461336,-0.0010818322892301466,-0.019490740740740746,3.459953703703704,0.11337962962962964,0.014709400357332397
2002-10-12,2003-01-12,0.007269012402351181,0.002309395094071682,0.0011122596111082436,7.318086987639509,0.004085560608461336,-0.0010818322892301466,-0.019490740740740746,3.459953703703704,0.11337962962962964,0.014985549488771148
2002-10-18,2003-01-18,0.007269012402351181,0.002309395094071682,0.0011122596111082436,7.318086987639509,0.004085560608461336,-0.0010818322892301466,-0.019490740740740746,3.459953703703704,0.11337962962962964,0.015785797958101585
2002-10-24,2003-01-24,0.007269012402351181,0.0009058480832703705,0.0002325086657743601,7.466091661720164,0.0020124909032428573,-0.003009155153201703,-0.06408419886375127,6.128279419212435,0.12267517414359418,0.014046535437001498
2002-11-06,2003-02-06,0.007269012402351181,0.002309395094071682,0.0011122596111082436,7.318086987639509,0.004085560608461336,-0.0010818322892301466,-0.019490740740740746,3.459953703703704,0.11337962962962964,0.013463454932282636
2002-11-12,2003-02-12,0.007269012402351181,0.002309395094071682,0.0011122596111082436,7.318086987639509,0.004085560608461336,-0.0010818322892301466,-0.019490740740740746,3.459953703703704,0.11337962962962964,0.012811134905412688
2002-11-18,2003-02-18,0.007269012402351181,0.002309395094071682,0.0011122596111082436,7.318086987639509,0.004085560608461336,-0.0010818322892301466,-0.019490740740740746,3.459953703703704,0.11337962962962964,0.012120359590526087
2002-11-24,2003-02-24,0.007269012402351181,0.0012206606998730006,0.00027703502799962326,7.488288216744971,0.002821229211083129,-0.004324984772413468,-0.03302377514880575,6.320010122438321,0.11919712741327564,0.011943185132940244
2002-12-06,2003-03-06,0.007269012402351181,0.002309395094071682,0.0011122596111082436,7.318086987639509,0.004085560608461336,-0.0010818322892301466,-0.019490740740740746,3.459953703703704,0.11337962962962964,0.011745505617164378
2002-12-12,2003-03-12,0.007269012402351181,0.002309395094071682,0.0011122596111082436,7.318086987639509,0.004085560608461336,-0.0010818322892301466,-0.019490740740740746,3.459953703703704,0.11337962962962964,0.01110584227273026
2002-12-18,2003-03-18,0.007269012402351181,0.002309395094071682,0.0011122596111082436,7.318086987639509,0.004085560608461336,-0.0010818322892301466,-0.019490740740740746,3.459953703703704,0.11337962962962964,0.011109087305480507
2002-12-24,2003-03-24,0.00698321813151064,0.0006662685023417836,-4.6605329486313794e-05,7.507953232712431,0.0029275944280134853,-0.004942583116573962,-0.04433103751466002,6.052706032808766,0.04828826498322987,0.010207274244013213
2003-01-06,2003-04-06,0.007269012402351181,0.002309395094071682,0.0011122596111082436,7.318086987639509,0.004085560608461336,-0.0010818322892301466,-0.019490740740740746,3.459953703703704,0.11337962962962964,0.010316010961491002
2003-01-12,2003-04-12,0.007269012402351181,0.002309395094071682,0.0011122596111082436,7.318086987639509,0.004085560608461336,-0.0010818322892301466,-0.019490740740740746,3.459953703703704,0.11337962962962964,0.011233225133065211
2003-01-18,2003-04-18,0.007269012402351181,0.002309395094071682,0.0011122596111082436,7.318086987639509,0.004085560608461336,-0.0010818322892301466,-0.019490740740740746,3.459953703703704,0.11337962962962964,0.010432690082057017
2003-01-24,2003-04-24,0.007269012402351181,0.0010892010741957961,0.00030351390271623525,7.531870775920558,0.002923234995261717,-0.004722864447226886,-0.016085962414346847,6.000720055728994,0.0965702455946935,0.011639364964571781
2003-02-06,2003-05-06,0.007269012402351181,0.002309395094071682,0.0011122596111082436,7.318086987639509,0.004085560608461336,-0.0010818322892301466,-0.019490740740740746,3.459953703703704,0.11337962962962964,0.011729837497943657
2003-02-12,2003-05-12,0.007269012402351181,0.002309395094071682,0.0011122596111082436,7.318086987639509,0.004085560608461336,-0.0010818322892301466,-0.019490740740740746,3.459953703703704,0.11337962962962964,0.011191469769898807
2003-02-18,2003-05-18,0.007269012402351181,0.002309395094071682,0.0011122596111082436,7.318086987639509,0.004085560608461336,-0.0010818322892301466,-0.019490740740740746,3.459953703703704,0.11337962962962964,0.010762369375519104
2003-02-24,2003-05-24,0.007269012402351181,0.0006928558850329133,3.0297236210700615e-05,7.463418476577805,0.002663624409372325,-0.0038038187778595654,-0.06347140516145838,5.692943067099165,0.05708445137056114,0.011185990327204952
2003-03-06,2003-06-06,0.007269012402351181,0.002309395094071682,0.0011122596111082436,7.318086987639509,0.004085560608461336,-0.0010818322892301466,-0.019490740740740746,3.459953703703704,0.11337962962962964,0.010871367965103667
2003-03-12,2003-06-12,0.007269012402351181,0.002309395094071682,0.0011122596111082436,7.318086987639509,0.004085560608461336,-0.0010818322892301466,-0.019490740740740746,3.459953703703704,0.11337962962962964,0.010963715431911557
2003-03-18,2003-06-18,0.007269012402351181,0.002309395094071682,0.0011122596111082436,7.318086987639509,0.004085560608461336,-0.0010818322892301466,-0.019490740740740746,3.459953703703704,0.11337962962962964,0.012346936106009667
2003-03-24,2003-06-24,0.00654273747344786,-3.1042432490591305e-05,-0.00025826293961807127,7.468004618604794,0.0017592821531852896,-0.0030202002021628774,-0.0999568381329351,5.619705107395278,0.02212020701831338,0.01228082820458808
2003-04-06,2003-07-06,0.007269012402351181,0.002309395094071682,0.0011122596111082436,7.318086987639509,0.004085560608461336,-0.0010818322892301466,-0.019490740740740746,3.459953703703704,0.11337962962962964,0.011885457351321693
2003-04-12,2003-07-12,0.007269012402351181,0.002309395094071682,0.0011122596111082436,7.318086987639509,0.004085560608461336,-0.0010818322892301466,-0.019490740740740746,3.459953703703704,0.11337962962962964,0.011302650036485003
2003-04-18,2003-07-18,0.007269012402351181,0.002309395094071682,0.0011122596111082436,7.318086987639509,0.004085560608461336,-0.0010818322892301466,-0.019490740740740746,3.459953703703704,0.11337962962962964,0.010946944684180053
2003-04-24,2003-07-24,0.007269012402351181,3.2047354085061944e-05,-0.0003183925897146196,7.438505276842916,0.0021929131562125484,-0.0032070754805094267,-0.1040466524572137,5.437800618091886,0.001583349750718166,0.010752444306019236
2003-05-06,2003-08-06,0.007269012402351181,0.002309395094071682,0.0011122596111082436,7.318086987639509,0.004085560608461336,-0.0010818322892301466,-0.019490740740740746,3.459953703703704,0.11337962962962964,0.010421888179950108
2003-05-12,2003-08-12,0.007269012402351181,0.002309395094071682,0.0011122596111082436,7.318086987639509,0.004085560608461336,-0.0010818322892301466,-0.019490740740740746,3.459953703703704,0.11337962962962964,0.010067631981646837
2003-05-18,2003-08-18,0.007269012402351181,0.002309395094071682,0.0011122596111082436,7.318086987639509,0.004085560608461336,-0.0010818322892301466,-0.019490740740740746,3.459953703703704,0.11337962962962964,0.009942063524319172
2003-05-24,2003-08-24,0.007269012402351181,2.116158609295673e-05,-0.00025831081643892177,7.460921186060641,0.002441481204986988,-0.00345761011206488,-0.0886939824027041,5.0491312644830835,-0.017969519225477765,0.010057558748662525
2003-06-06,2003-09-06,0.007269012402351181,0.002309395094071682,0.0011122596111082436,7.318086987639509,0.004085560608461336,-0.0010818322892301466,-0.019490740740740746,3.459953703703704,0.11337962962962964,0.009873766947165949
2003-06-12,2003-09-12,0.007269012402351181,0.002309395094071682,0.0011122596111082436,7.318086987639509,0.004085560608461336,-0.0010818322892301466,-0.019490740740740746,3.459953703703704,0.11337962962962964,0.009725392966730965
2003-06-18,2003-09-18,0.007269012402351181,0.002309395094071682,0.0011122596111082436,7.318086987639509,0.004085560608461336,-0.0010818322892301466,-0.019490740740740746,3.459953703703704,0.11337962962962964,0.009922023859350992
2003-06-24,2003-09-24,0.005793707324788699,-7.118652899531846e-05,-0.0002436560819505751,7.510239527465776,0.0024552496574251166,-0.0039933003869531405,-0.06960488071500279,5.063380757274741,-0.026739429706831047,0.009836015644314485
2003-07-06,2003-10-06,0.007269012402351181,0.002309395094071682,0.0011122596111082436,7.318086987639509,0.004085560608461336,-0.0010818322892301466,-0.019490740740740746,3.459953703703704,0.11337962962962964,0.00950480929271887
2003-07-12,2003-10-12,0.007269012402351181,0.002309395094071682,0.0011122596111082436,7.318086987639509,0.004085560608461336,-0.0010818322892301466,-0.019490740740740746,3.459953703703704,0.11337962962962964,0.009714148299035977
2003-07-18,2003-10-18,0.007269012402351181,0.002309395094071682,0.0011122596111082436,7.318086987639509,0.004085560608461336,-0.0010818322892301466,-0.019490740740740746,3.459953703703704,0.11337962962962964,0.009496625691218587
2003-07-24,2003-10-24,0.007269012402351181,0.0006562536816724308,7.304773211782851e-05,7.542687247995764,0.0030518472133503147,-0.005027807705614076,-0.021959230130310495,5.639499555738148,0.033966591842525345,0.009576216530237684
2003-08-06,2003-11-06,0.007269012402351181,0.002309395094071682,0.0011122596111082436,7.318086987639509,0.004085560608461336,-0.0010818322892301466,-0.019490740740740746,3.459953703703704,0.11337962962962964,0.009158751007464251
2003-08-12,2003-11-12,0.007269012402351181,0.002309395094071682,0.0011122596111082436,7.318086987639509,0.004085560608461336,-0.0010818322892301466,-0.019490740740740746,3.459953703703704,0.11337962962962964,0.009122487670138435
2003-08-18,2003-11-18,0.007269012402351181,0.002309395094071682,0.0011122596111082436,7.318086987639509,0.004085560608461336,-0.0010818322892301466,-0.019490740740740746,3.459953703703704,0.11337962962962964,0.008589934056539418
2003-08-24,2003-11-24,0.007269012402351181,0.0010777900500981178,0.00017996368462646468,7.55296652277112,0.003770360775747934,-0.006070633442879767,0.005390301064159962,5.872456079852084,0.0482089925369292,0.008294936891701157
2003-09-06,2003-12-06,0.007269012402351181,0.002309395094071682,0.0011122596111082436,7.318086987639509,0.004085560608461336,-0.0010818322892301466,-0.019490740740740746,3.459953703703704,0.11337962962962964,0.00825413381835292
2003-09-12,2003-12-12,0.007269012402351181,0.002309395094071682,0.0011122596111082436,7.318086987639509,0.004085560608461336,-0.0010818322892301466,-0.019490740740740746,3.459953703703704,0.11337962962962964,0.008404759521429276
2003-09-18,2003-12-18,0.007269012402351181,0.002309395094071682,0.0011122596111082436,7.318086987639509,0.004085560608461336,-0.0010818322892301466,-0.019490740740740746,3.459953703703704,0.11337962962962964,0.008519738981669514
2003-09-24,2003-12-24,0.00823500185507582,0.0014765411518702634,0.0005358398072808929,7.565664633103607,0.0037826000535319754,-0.0056078042362751246,0.029800500374574393,5.612395330389431,0.08865314863581865,0.009546542925594207
2003-10-06,2004-01-06,0.007269012402351181,0.002309395094071682,0.0011122596111082436,7.318086987639509,0.004085560608461336,-0.0010818322892301466,-0.019490740740740746,3.459953703703704,0.11337962962962964,0.009684536215612917
2003-10-12,2004-01-12,0.007269012402351181,0.002309395094071682,0.0011122596111082436,7.318086987639509,0.004085560608461336,-0.0010818322892301466,-0.019490740740740746,3.459953703703704,0.11337962962962964,0.009268433706468132
2003-10-18,2004-01-18,0.007269012402351181,0.002309395094071682,0.0011122596111082436,7.318086987639509,0.004085560608461336,-0.0010818322892301466,-0.019490740740740746,3.459953703703704,0.11337962962962964,0.008762135391375244
2003-10-24,2004-01-24,0.007269012402351181,0.0015965059854765001,0.0006200659115535505,7.583973721150132,0.00402284941320186,-0.005928655643068262,0.047670558251740096,5.530796097737015,0.08815156052514886,0.008890108370509672
2003-11-06,2004-02-06,0.007269012402351181,0.002309395094071682,0.0011122596111082436,7.318086987639509,0.004085560608461336,-0.0010818322892301466,-0.019490740740740746,3.459953703703704,0.11337962962962964,0.008585915485478822
2003-11-12,2004-02-12,0.007269012402351181,0.002309395094071682,0.0011122596111082436,7.318086987639509,0.004085560608461336,-0.0010818322892301466,-0.019490740740740746,3.459953703703704,0.11337962962962964,0.008305399583609043
2003-11-18,2004-02-18,0.007269012402351181,0.002309395094071682,0.0011122596111082436,7.318086987639509,0.004085560608461336,-0.0010818322892301466,-0.019490740740740746,3.459953703703704,0.11337962962962964,0.008377357672334561
2003-11-24,2004-02-24,0.007269012402351181,0.0015588045807325094,0.0006745935805776663,7.62569252585471,0.004097634355620466,-0.006339760848278258,0.06654886526420747,5.408568414417594,0.08016023492541859,0.008754618901128082
2003-12-06,2004-03-06,0.007269012402351181,0.002309395094071682,0.0011122596111082436,7.318086987639509,0.004085560608461336,-0.0010818322892301466,-0.019490740740740746,3.459953703703704,0.11337962962962964,0.00839105568792217
2003-12-12,2004-03-12,0.007269012402351181,0.002309395094071682,0.0011122596111082436,7.318086987639509,0.004085560608461336,-0.0010818322892301466,-0.019490740740740746,3.459953703703704,0.11337962962962964,0.008390329068729854
2003-12-18,2004-03-18,0.007269012402351181,0.002309395094071682,0.0011122596111082436,7.318086987639509,0.004085560608461336,-0.0010818322892301466,-0.019490740740740746,3.459953703703704,0.11337962962962964,0.008337238697559828
2003-12-24,2004-03-24,0.008226658757471646,0.0015548663593622338,0.0006551443370872368,7.630333066894532,0.004316079629052719,-0.006617462899857548,0.07251015677490247,5.311341394967466,0.06627847692729219,0.007851424895223988
2004-01-06,2004-04-06,0.007269012402351181,0.002309395094071682,0.0011122596111082436,7.318086987639509,0.004085560608461336,-0.0010818322892301466,-0.019490740740740746,3.459953703703704,0.11337962962962964,0.007794639812416794
2004-01-12,2004-04-12,0.007269012402351181,0.002309395094071682,0.0011122596111082436,7.318086987639509,0.004085560608461336,-0.0010818322892301466,-0.019490740740740746,3.459953703703704,0.11337962962962964,0.007960548317788009
2004-01-18,2004-04-18,0.007269012402351181,0.002309395094071682,0.0011122596111082436,7.318086987639509,0.004085560608461336,-0.0010818322892301466,-0.019490740740740746,3.459953703703704,0.11337962962962964,0.007868580497051761
2004-01-24,2004-04-24,0.007269012402351181,0.0017145483441757302,0.0007210457797599135,7.598686481042636,0.004385202005019929,-0.006210070310277167,0.0663897477617734,5.205908958379107,0.07724720553480596,0.007971254513770964
2004-02-06,2004-05-06,0.007269012402351181,0.002309395094071682,0.0011122596111082436,7.318086987639509,0.004085560608461336,-0.0010818322892301466,-0.019490740740740746,3.459953703703704,0.11337962962962964,0.008428209969711569
2004-02-12,2004-05-12,0.007269012402351181,0.002309395094071682,0.0011122596111082436,7.318086987639509,0.004085560608461336,-0.0010818322892301466,-0.019490740740740746,3.459953703703704,0.11337962962962964,0.008236723489431731
2004-02-18,2004-05-18,0.007269012402351181,0.002309395094071682,0.0011122596111082436,7.318086987639509,0.004085560608461336,-0.0010818322892301466,-0.019490740740740746,3.459953703703704,0.11337962962962964,0.008308438846221266
2004-02-24,2004-05-24,0.007269012402351181,0.0017486707154102197,0.0007214652554737473,7.565616856147429,0.004338726612243369,-0.005729679442292983,0.05278976380538588,5.094724470710458,0.08032408639923792,0.008214616888546166
2004-03-06,2004-06-06,0.007269012402351181,0.002309395094071682,0.0011122596111082436,7.318086987639509,0.004085560608461336,-0.0010818322892301466,-0.019490740740740746,3.459953703703704,0.11337962962962964,0.008032831259548906
2004-03-12,2004-06-12,0.007269012402351181,0.002309395094071682,0.0011122596111082436,7.318086987639509,0.004085560608461336,-0.0010818322892301466,-0.019490740740740746,3.459953703703704,0.11337962962962964,0.00856284782331386
2004-03-18,2004-06-18,0.007269012402351181,0.002309395094071682,0.0011122596111082436,7.318086987639509,0.004085560608461336,-0.0010818322892301466,-0.019490740740740746,3.459953703703704,0.11337962962962964,0.009373177040643114
2004-03-24,2004-06-24,0.008396671574014171,0.0017122407025530358,0.0008234589928988716,7.584935846943693,0.004137297081502367,-0.005386082897554686,0.061336406656054936,4.876371535216679,0.08307856603198427,0.008675933603893224
2004-04-06,2004-07-06,0.007269012402351181,0.002309395094071682,0.0011122596111082436,7.318086987639509,0.004085560608461336,-0.0010818322892301466,-0.019490740740740746,3.459953703703704,0.11337962962962964,0.008664590544544073
2004-04-12,2004-07-12,0.007269012402351181,0.002309395094071682,0.0011122596111082436,7.318086987639509,0.004085560608461336,-0.0010818322892301466,-0.019490740740740746,3.459953703703704,0.11337962962962964,0.008516808707131647
2004-04-18,2004-07-18,0.007269012402351181,0.002309395094071682,0.0011122596111082436,7.318086987639509,0.004085560608461336,-0.0010818322892301466,-0.019490740740740746,3.459953703703704,0.11337962962962964,0.008606036687249246
2004-04-24,2004-07-24,0.007269012402351181,0.0021551647905754725,0.0010087728600446117,7.597040237950552,0.004389922342154493,-0.005862166618597311,0.08438739980966067,5.306125743710217,0.12721795941781633,0.008977386151266798
2004-05-06,2004-08-06,0.007269012402351181,0.002309395094071682,0.0011122596111082436,7.318086987639509,0.004085560608461336,-0.0010818322892301466,-0.019490740740740746,3.459953703703704,0.11337962962962964,0.008832720488058445
2004-05-12,2004-08-12,0.007269012402351181,0.002309395094071682,0.0011122596111082436,7.318086987639509,0.004085560608461336,-0.0010818322892301466,-0.019490740740740746,3.459953703703704,0.11337962962962964,0.008727405128403818
2004-05-18,2004-08-18,0.007269012402351181,0.002309395094071682,0.0011122596111082436,7.318086987639509,0.004085560608461336,-0.0010818322892301466,-0.019490740740740746,3.459953703703704,0.11337962962962964,0.008420561220502281
2004-05-24,2004-08-24,0.007269012402351181,0.0030813430992224786,0.0014571751342697906,7.61866738311605,0.005248504109857936,-0.006764013082557288,0.13985921618082287,5.560940656280981,0.19114411378396012,0.008562250418812388
2004-06-06,2004-09-06,0.007269012402351181,0.002309395094071682,0.0011122596111082436,7.318086987639509,0.004085560608461336,-0.0010818322892301466,-0.019490740740740746,3.459953703703704,0.11337962962962964,0.008284858401177923
2004-06-12,2004-09-12,0.007269012402351181,0.002309395094071682,0.0011122596111082436,7.318086987639509,0.004085560608461336,-0.0010818322892301466,-0.019490740740740746,3.459953703703704,0.11337962962962964,0.008402531042293031
2004-06-18,2004-09-18,0.007269012402351181,0.002309395094071682,0.0011122596111082436,7.318086987639509,0.004085560608461336,-0.0010818322892301466,-0.019490740740740746,3.459953703703704,0.11337962962962964,0.00819669761235563
2004-06-24,2004-09-24,0.009095297729387676,0.00269755780640622,0.0011776536813168912,7.557514059112969,0.0051586494314821586,-0.006114902011444457,0.09903228648035223,5.2164176115078185,0.1434991834365943,0.0074692967664698635
2004-07-06,2004-10-06,0.007269012402351181,0.002309395094071682,0.0011122596111082436,7.318086987639509,0.004085560608461336,-0.0010818322892301466,-0.019490740740740746,3.459953703703704,0.11337962962962964,0.007546105282609907
2004-07-12,2004-10-12,0.007269012402351181,0.002309395094071682,0.0011122596111082436,7.318086987639509,0.004085560608461336,-0.0010818322892301466,-0.019490740740740746,3.459953703703704,0.11337962962962964,0.007816315610599816
2004-07-18,2004-10-18,0.007269012402351181,0.002309395094071682,0.0011122596111082436,7.318086987639509,0.004085560608461336,-0.0010818322892301466,-0.019490740740740746,3.459953703703704,0.11337962962962964,0.007611896772981507
2004-07-24,2004-10-24,0.007269012402351181,0.0025947085432674196,0.0012751848183118883,7.581653802335614,0.004885982715083616,-0.0057263221448853995,0.10420696891990341,4.881831290265439,0.1427344688776645,0.008562821401217637
2004-08-06,2004-11-06,0.007269012402351181,0.002309395094071682,0.0011122596111082436,7.318086987639509,0.004085560608461336,-0.0010818322892301466,-0.019490740740740746,3.459953703703704,0.11337962962962964,0.008202683672763922
2004-08-12,2004-11-12,0.007269012402351181,0.002309395094071682,0.0011122596111082436,7.318086987639509,0.004085560608461336,-0.0010818322892301466,-0.019490740740740746,3.459953703703704,0.11337962962962964,0.009105237642051444
2004-08-18,2004-11-18,0.007269012402351181,0.002309395094071682,0.0011122596111082436,7.318086987639509,0.004085560608461336,-0.0010818322892301466,-0.019490740740740746,3.459953703703704,0.11337962962962964,0.009062729722720458
2004-08-24,2004-11-24,0.007269012402351181,0.002273757279288364,0.0011814921648202134,7.583392956395397,0.004631817257829474,-0.005320451622976897,0.09263119045623563,4.546946001738205,0.11402273645389512,0.008484565796370231
2004-09-06,2004-12-06,0.007269012402351181,0.002309395094071682,0.0011122596111082436,7.318086987639509,0.004085560608461336,-0.0010818322892301466,-0.019490740740740746,3.459953703703704,0.11337962962962964,0.008382093327926525
2004-09-12,2004-12-12,0.007269012402351181,0.002309395094071682,0.0011122596111082436,7.318086987639509,0.004085560608461336,-0.0010818322892301466,-0.019490740740740746,3.459953703703704,0.11337962962962964,0.008247322511080867
2004-09-18,2004-12-18,0.007269012402351181,0.002309395094071682,0.0011122596111082436,7.318086987639509,0.004085560608461336,-0.0010818322892301466,-0.019490740740740746,3.459953703703704,0.11337962962962964,0.007975888067225113
2004-09-24,2004-12-24,0.00867541487965105,0.0022554836544474172,0.001205997905333999,7.561535453344904,0.004665896003552241,-0.004842769033519961,0.08666401198627299,4.1783709001913945,0.1021365867508918,0.008097581293239321
2004-10-06,2005-01-06,0.007269012402351181,0.002309395094071682,0.0011122596111082436,7.318086987639509,0.004085560608461336,-0.0010818322892301466,-0.019490740740740746,3.459953703703704,0.11337962962962964,0.0079991132781659
2004-10-12,2005-01-12,0.007269012402351181,0.002309395094071682,0.0011122596111082436,7.318086987639509,0.004085560608461336,-0.0010818322892301466,-0.019490740740740746,3.459953703703704,0.11337962962962964,0.008269671172068789
2004-10-18,2005-01-18,0.007269012402351181,0.002309395094071682,0.0011122596111082436,7.318086987639509,0.004085560608461336,-0.0010818322892301466,-0.019490740740740746,3.459953703703704,0.11337962962962964,0.008362127227950144
2004-10-24,2005-01-24,0.007269012402351181,0.002693922651669747,0.0015556758350846387,7.5940794846989945,0.004868148024805982,-0.0049149466205916925,0.12328807397686709,4.049177195924788,0.13980810888567358,0.008718462145067237
2004-11-06,2005-02-06,0.007269012402351181,0.002309395094071682,0.0011122596111082436,7.318086987639509,0.004085560608461336,-0.0010818322892301466,-0.019490740740740746,3.459953703703704,0.11337962962962964,0.008583189573683536
2004-11-12,2005-02-12,0.007269012402351181,0.002309395094071682,0.0011122596111082436,7.318086987639509,0.004085560608461336,-0.0010818322892301466,-0.019490740740740746,3.459953703703704,0.11337962962962964,0.0086697108133895
2004-11-18,2005-02-18,0.007269012402351181,0.002309395094071682,0.0011122596111082436,7.318086987639509,0.004085560608461336,-0.0010818322892301466,-0.019490740740740746,3.459953703703704,0.11337962962962964,0.008434702028737617
2004-11-24,2005-02-24,0.007269012402351181,0.002471528380386364,0.001358839575335831,7.522466304353384,0.004761609390964843,-0.004070937611391841,0.08356658100876235,3.781862252169068,0.11193820352253014,0.008095836658464868
2004-12-06,2005-03-06,0.007269012402351181,0.002309395094071682,0.0011122596111082436,7.318086987639509,0.004085560608461336,-0.0010818322892301466,-0.019490740740740746,3.459953703703704,0.11337962962962964,0.008078717451640655
2004-12-12,2005-03-12,0.007269012402351181,0.002309395094071682,0.0011122596111082436,7.318086987639509,0.004085560608461336,-0.0010818322892301466,-0.019490740740740746,3.459953703703704,0.11337962962962964,0.008245483184589855
2004-12-18,2005-03-18,0.007269012402351181,0.002309395094071682,0.0011122596111082436,7.318086987639509,0.004085560608461336,-0.0010818322892301466,-0.019490740740740746,3.459953703703704,0.11337962962962964,0.008024849052055697
2004-12-24,2005-03-24,0.00893709128802125,0.002439250892065069,0.0014520093769875412,7.568026622254882,0.004803223656445301,-0.00437616638411468,0.10457983377484809,3.559165236138255,0.104999377255118,0.0081888002015335
2005-01-06,2005-04-06,0.007269012402351181,0.002309395094071682,0.0011122596111082436,7.318086987639509,0.004085560608461336,-0.0010818322892301466,-0.019490740740740746,3.459953703703704,0.11337962962962964,0.008037667375541568
2005-01-12,2005-04-12,0.007269012402351181,0.002309395094071682,0.0011122596111082436,7.318086987639509,0.004085560608461336,-0.0010818322892301466,-0.019490740740740746,3.459953703703704,0.11337962962962964,0.008114891839492816
2005-01-18,2005-04-18,0.007269012402351181,0.002309395094071682,0.0011122596111082436,7.318086987639509,0.004085560608461336,-0.0010818322892301466,-0.019490740740740746,3.459953703703704,0.11337962962962964,0.0081811350754162
2005-01-24,2005-04-24,0.007269012402351181,0.002210983471685647,0.001447833146554687,7.588806667926986,0.004576142201124606,-0.004099685345849222,0.10597652495104717,3.2396145646711756,0.08623234738324885,0.008292639042359147
2005-02-06,2005-05-06,0.007269012402351181,0.002309395094071682,0.0011122596111082436,7.318086987639509,0.004085560608461336,-0.0010818322892301466,-0.019490740740740746,3.459953703703704,0.11337962962962964,0.00797516537985561
2005-02-12,2005-05-12,0.007269012402351181,0.002309395094071682,0.0011122596111082436,7.318086987639509,0.004085560608461336,-0.0010818322892301466,-0.019490740740740746,3.459953703703704,0.11337962962962964,0.008020095209289254
2005-02-18,2005-05-18,0.007269012402351181,0.002309395094071682,0.0011122596111082436,7.318086987639509,0.004085560608461336,-0.0010818322892301466,-0.019490740740740746,3.459953703703704,0.11337962962962964,0.007952995892147666
2005-02-24,2005-05-24,0.007269012402351181,0.0022673754672483627,0.001631593533625064,7.623103550407143,0.004664442416725508,-0.004043304827845046,0.1294594818754372,2.7630262976943594,0.08116493620134427,0.008271194387402954
2005-03-06,2005-06-06,0.007269012402351181,0.002309395094071682,0.0011122596111082436,7.318086987639509,0.004085560608461336,-0.0010818322892301466,-0.019490740740740746,3.459953703703704,0.11337962962962964,0.00825863829668165
2005-03-12,2005-06-12,0.007269012402351181,0.002309395094071682,0.0011122596111082436,7.318086987639509,0.004085560608461336,-0.0010818322892301466,-0.019490740740740746,3.459953703703704,0.11337962962962964,0.008186126275604238
2005-03-18,2005-06-18,0.007269012402351181,0.002309395094071682,0.0011122596111082436,7.318086987639509,0.004085560608461336,-0.0010818322892301466,-0.019490740740740746,3.459953703703704,0.11337962962962964,0.008340873780084284
2005-03-24,2005-06-24,0.008382103530223423,0.0021564850885331076,0.0014239819449676037,7.557543554319184,0.00457868242569123,-0.003563779288968431,0.0945120329996933,2.9461684650139515,0.07196603565636628,0.007645684427371647
2005-04-06,2005-07-06,0.007269012402351181,0.002309395094071682,0.0011122596111082436,7.318086987639509,0.004085560608461336,-0.0010818322892301466,-0.019490740740740746,3.459953703703704,0.11337962962962964,0.007927570222377939
2005-04-12,2005-07-12,0.007269012402351181,0.002309395094071682,0.0011122596111082436,7.318086987639509,0.004085560608461336,-0.0010818322892301466,-0.019490740740740746,3.459953703703704,0.11337962962962964,0.007770647805977485
2005-04-18,2005-07-18,0.007269012402351181,0.002309395094071682,0.0011122596111082436,7.318086987639509,0.004085560608461336,-0.0010818322892301466,-0.019490740740740746,3.459953703703704,0.11337962962962964,0.008376913170274348
2005-04-24,2005-07-24,0.007269012402351181,0.002354331742674783,0.0016807521205426594,7.583138300813179,0.00435761891558536,-0.0031636108416910978,0.11247143998059961,2.8237928107841004,0.10528881449458337,0.009224518818489336
2005-05-06,2005-08-06,0.007269012402351181,0.002309395094071682,0.0011122596111082436,7.318086987639509,0.004085560608461336,-0.0010818322892301466,-0.019490740740740746,3.459953703703704,0.11337962962962964,0.009003237757297607
2005-05-12,2005-08-12,0.007269012402351181,0.002309395094071682,0.0011122596111082436,7.318086987639509,0.004085560608461336,-0.0010818322892301466,-0.019490740740740746,3.459953703703704,0.11337962962962964,0.008727995539505857
2005-05-18,2005-08-18,0.007269012402351181,0.002309395094071682,0.0011122596111082436,7.318086987639509,0.004085560608461336,-0.0010818322892301466,-0.019490740740740746,3.459953703703704,0.11337962962962964,0.00883705259774093
2005-05-24,2005-08-24,0.007269012402351181,0.0020433566910138083,0.001491754187371993,7.572135984121285,0.0043718180438582065,-0.003167674778670829,0.09611855328533483,2.5754842957899635,0.06540324539978644,0.00841454307035829
2005-06-06,2005-09-06,0.007269012402351181,0.002309395094071682,0.0011122596111082436,7.318086987639509,0.004085560608461336,-0.0010818322892301466,-0.019490740740740746,3.459953703703704,0.11337962962962964,0.00822595557594081
2005-06-12,2005-09-12,0.007269012402351181,0.002309395094071682,0.0011122596111082436,7.318086987639509,0.004085560608461336,-0.0010818322892301466,-0.019490740740740746,3.459953703703704,0.11337962962962964,0.008005266766722877
2005-06-18,2005-09-18,0.007269012402351181,0.002309395094071682,0.0011122596111082436,7.318086987639509,0.004085560608461336,-0.0010818322892301466,-0.019490740740740746,3.459953703703704,0.11337962962962964,0.00760793329603662
2005-06-24,2005-09-24,0.008521848223470511,0.002160903295699093,0.0015909778268122564,7.588897626470225,0.004664168421321527,-0.0034317137834003197,0.11490959231603712,2.3515088704640954,0.05944104839953241,0.007597379310857271
2005-07-06,2005-10-06,0.007269012402351181,0.002309395094071682,0.0011122596111082436,7.318086987639509,0.004085560608461336,-0.0010818322892301466,-0.019490740740740746,3.459953703703704,0.11337962962962964,0.007647200657952552
2005-07-12,2005-10-12,0.007269012402351181,0.002309395094071682,0.0011122596111082436,7.318086987639509,0.004085560608461336,-0.0010818322892301466,-0.019490740740740746,3.459953703703704,0.11337962962962964,0.00785169228202667
2005-07-18,2005-10-18,0.007269012402351181,0.002309395094071682,0.0011122596111082436,7.318086987639509,0.004085560608461336,-0.0010818322892301466,-0.019490740740740746,3.459953703703704,0.11337962962962964,0.007787960531257094
2005-07-24,2005-10-24,0.007269012402351181,0.0021477864095656883,0.0016193462229407976,7.591196696378209,0.004697232381413802,-0.003335337397808646,0.1180841845181351,2.1704240370940155,0.052793685663350416,0.007353697893218265
2005-08-06,2005-11-06,0.007269012402351181,0.002309395094071682,0.0011122596111082436,7.318086987639509,0.004085560608461336,-0.0010818322892301466,-0.019490740740740746,3.459953703703704,0.11337962962962964,0.007435015948298555
2005-08-12,2005-11-12,0.007269012402351181,0.002309395094071682,0.0011122596111082436,7.318086987639509,0.004085560608461336,-0.0010818322892301466,-0.019490740740740746,3.459953703703704,0.11337962962962964,0.007683796997809378
2005-08-18,2005-11-18,0.007269012402351181,0.002309395094071682,0.0011122596111082436,7.318086987639509,0.004085560608461336,-0.0010818322892301466,-0.019490740740740746,3.459953703703704,0.11337962962962964,0.007833331286967987
2005-08-24,2005-11-24,0.007269012402351181,0.0018619945352891004,0.0015144947132802106,7.585111058427218,0.004361025297118686,-0.0028957640545241034,0.10010707513361611,2.0018833148452915,0.03603798588720308,0.007954455137867904
2005-09-06,2005-12-06,0.007269012402351181,0.002309395094071682,0.0011122596111082436,7.318086987639509,0.004085560608461336,-0.0010818322892301466,-0.019490740740740746,3.459953703703704,0.11337962962962964,0.007956487517851302
2005-09-12,2005-12-12,0.007269012402351181,0.002309395094071682,0.0011122596111082436,7.318086987639509,0.004085560608461336,-0.0010818322892301466,-0.019490740740740746,3.459953703703704,0.11337962962962964,0.008019086812886694
2005-09-18,2005-12-18,0.007269012402351181,0.002309395094071682,0.0011122596111082436,7.318086987639509,0.004085560608461336,-0.0010818322892301466,-0.019490740740740746,3.459953703703704,0.11337962962962964,0.007966401649792901
2005-09-24,2005-12-24,0.006423764580093537,0.0006617139851649698,0.000881888506043544,7.607560717119463,0.003657206565408515,-0.0029777187511915667,0.05552217849532994,1.9208033574347434,-0.06299983167831164,0.006793412861792642
2005-10-06,2006-01-06,0.007269012402351181,0.002309395094071682,0.0011122596111082436,7.318086987639509,0.004085560608461336,-0.0010818322892301466,-0.019490740740740746,3.459953703703704,0.11337962962962964,0.006898629111522168
2005-10-12,2006-01-12,0.007269012402351181,0.002309395094071682,0.0011122596111082436,7.318086987639509,0.004085560608461336,-0.0010818322892301466,-0.019490740740740746,3.459953703703704,0.11337962962962964,0.007799885433706301
2005-10-18,2006-01-18,0.007269012402351181,0.002309395094071682,0.0011122596111082436,7.318086987639509,0.004085560608461336,-0.0010818322892301466,-0.019490740740740746,3.459953703703704,0.11337962962962964,0.007955607986198087
2005-10-24,2006-01-24,0.007269012402351181,0.0012290912184595834,0.0012458749360954745,7.577625451566566,0.003418650798626211,-0.0020145063849455725,0.0590231965653829,2.0617540032000994,0.015793343209059202,0.009608475733119931
2005-11-06,2006-02-06,0.007269012402351181,0.002309395094071682,0.0011122596111082436,7.318086987639509,0.004085560608461336,-0.0010818322892301466,-0.019490740740740746,3.459953703703704,0.11337962962962964,0.009463001287520652
2005-11-12,2006-02-12,0.007269012402351181,0.002309395094071682,0.0011122596111082436,7.318086987639509,0.004085560608461336,-0.0010818322892301466,-0.019490740740740746,3.459953703703704,0.11337962962962964,0.008614976797490344
2005-11-18,2006-02-18,0.007269012402351181,0.002309395094071682,0.0011122596111082436,7.318086987639509,0.004085560608461336,-0.0010818322892301466,-0.019490740740740746,3.459953703703704,0.11337962962962964,0.008321990176856421
2005-11-24,2006-02-24,0.007269012402351181,0.002166594811176595,0.001744356577879513,7.595332796987993,0.00444191778379696,-0.0027670716148157416,0.11897800798277827,1.93279512669128,0.06517938150482683,0.008571989089757856
2005-12-06,2006-03-06,0.007269012402351181,0.002309395094071682,0.0011122596111082436,7.318086987639509,0.004085560608461336,-0.0010818322892301466,-0.019490740740740746,3.459953703703704,0.11337962962962964,0.008352475852501024
2005-12-12,2006-03-12,0.007269012402351181,0.002309395094071682,0.0011122596111082436,7.318086987639509,0.004085560608461336,-0.0010818322892301466,-0.019490740740740746,3.459953703703704,0.11337962962962964,0.008005459068802352
2005-12-18,2006-03-18,0.007269012402351181,0.002309395094071682,0.0011122596111082436,7.318086987639509,0.004085560608461336,-0.0010818322892301466,-0.019490740740740746,3.459953703703704,0.11337962962962964,0.007733734167621192
2005-12-24,2006-03-24,0.00788307466215847,0.001825813763361514,0.0015185275754798142,7.5658274952132,0.004354277092631875,-0.0024921118087011776,0.09253075070614022,1.7227426495113225,0.026452760385832524,0.007797367198982626
2006-01-06,2006-04-06,0.007269012402351181,0.002309395094071682,0.0011122596111082436,7.318086987639509,0.004085560608461336,-0.0010818322892301466,-0.019490740740740746,3.459953703703704,0.11337962962962964,0.00794809840409273
2006-01-12,2006-04-12,0.007269012402351181,0.002309395094071682,0.0011122596111082436,7.318086987639509,0.004085560608461336,-0.0010818322892301466,-0.019490740740740746,3.459953703703704,0.11337962962962964,0.008101154552376092
2006-01-18,2006-04-18,0.007269012402351181,0.002309395094071682,0.0011122596111082436,7.318086987639509,0.004085560608461336,-0.0010818322892301466,-0.019490740740740746,3.459953703703704,0.11337962962962964,0.007893679537743455
2006-01-24,2006-04-24,0.007269012402351181,0.0015866058330908342,0.0015642002108204392,7.630982222200615,0.004151568367411245,-0.0026993841427613934,0.11369834509883359,1.468757666942626,0.008194342514233746,0.007869000114196292
2006-02-06,2006-05-06,0.007269012402351181,0.002309395094071682,0.0011122596111082436,7.318086987639509,0.004085560608461336,-0.0010818322892301466,-0.019490740740740746,3.459953703703704,0.11337962962962964,0.007697547258135779
2006-02-12,2006-05-12,0.007269012402351181,0.002309395094071682,0.0011122596111082436,7.318086987639509,0.004085560608461336,-0.0010818322892301466,-0.019490740740740746,3.459953703703704,0.11337962962962964,0.007852696150329169
2006-02-18,2006-05-18,0.007269012402351181,0.002309395094071682,0.0011122596111082436,7.318086987639509,0.004085560608461336,-0.0010818322892301466,-0.019490740740740746,3.459953703703704,0.11337962962962964,0.007961319814711772
2006-02-24,2006-05-24,0.007269012402351181,0.0014543551994318994,0.0014727395123300872,7.603916502513229,0.004093074241914714,-0.0023514228106879635,0.0963819251789001,1.3011567372657216,-0.007482675710984488,0.00769150406191235
2006-03-06,2006-06-06,0.007269012402351181,0.002309395094071682,0.0011122596111082436,7.318086987639509,0.004085560608461336,-0.0010818322892301466,-0.019490740740740746,3.459953703703704,0.11337962962962964,0.00780286963258734
2006-03-12,2006-06-12,0.007269012402351181,0.002309395094071682,0.0011122596111082436,7.318086987639509,0.004085560608461336,-0.0010818322892301466,-0.019490740740740746,3.459953703703704,0.11337962962962964,0.00779704565548309
2006-03-18,2006-06-18,0.007269012402351181,0.002309395094071682,0.0011122596111082436,7.318086987639509,0.004085560608461336,-0.0010818322892301466,-0.019490740740740746,3.459953703703704,0.11337962962962964,0.007773609607129405
2006-03-24,2006-06-24,0.007975570858419797,0.0019191106836289262,0.0016371452933420915,7.566729517684057,0.004422712912083563,-0.0022170205322167994,0.10218783608314924,1.4389631651983903,0.027162111876597617,0.007499631846625476
2006-04-06,2006-07-06,0.007269012402351181,0.002309395094071682,0.0011122596111082436,7.318086987639509,0.004085560608461336,-0.0010818322892301466,-0.019490740740740746,3.459953703703704,0.11337962962962964,0.007520763548748107
2006-04-12,2006-07-12,0.007269012402351181,0.002309395094071682,0.0011122596111082436,7.318086987639509,0.004085560608461336,-0.0010818322892301466,-0.019490740740740746,3.459953703703704,0.11337962962962964,0.0075495214873019766
2006-04-18,2006-07-18,0.007269012402351181,0.002309395094071682,0.0011122596111082436,7.318086987639509,0.004085560608461336,-0.0010818322892301466,-0.019490740740740746,3.459953703703704,0.11337962962962964,0.007744356904602644
2006-04-24,2006-07-24,0.007269012402351181,0.0018851886448855927,0.0015182633536132521,7.5100331353591905,0.0042441717372231095,-0.0016409664520085632,0.07085619544119126,1.598173926433923,0.033270151016041666,0.007954052991794207
2006-05-06,2006-08-06,0.007269012402351181,0.002309395094071682,0.0011122596111082436,7.318086987639509,0.004085560608461336,-0.0010818322892301466,-0.019490740740740746,3.459953703703704,0.11337962962962964,0.0077382564127135185
2006-05-12,2006-08-12,0.007269012402351181,0.002309395094071682,0.0011122596111082436,7.318086987639509,0.004085560608461336,-0.0010818322892301466,-0.019490740740740746,3.459953703703704,0.11337962962962964,0.007943423408370774
2006-05-18,2006-08-18,0.007269012402351181,0.002309395094071682,0.0011122596111082436,7.318086987639509,0.004085560608461336,-0.0010818322892301466,-0.019490740740740746,3.459953703703704,0.11337962962962964,0.008495519691070789
2006-05-24,2006-08-24,0.007269012402351181,0.0011378045183376736,0.0011454231661629877,7.5043068486572215,0.003551806474408924,-0.0011548760951921306,0.029486822321051764,1.5282511257350992,-0.014989879137121936,0.008437010102904567
2006-06-06,2006-09-06,0.007269012402351181,0.002309395094071682,0.0011122596111082436,7.318086987639509,0.004085560608461336,-0.0010818322892301466,-0.019490740740740746,3.459953703703704,0.11337962962962964,0.008851633528325438
2006-06-12,2006-09-12,0.007269012402351181,0.002309395094071682,0.0011122596111082436,7.318086987639509,0.004085560608461336,-0.0010818322892301466,-0.019490740740740746,3.459953703703704,0.11337962962962964,0.00907505331908564
2006-06-18,2006-09-18,0.007269012402351181,0.002309395094071682,0.0011122596111082436,7.318086987639509,0.004085560608461336,-0.0010818322892301466,-0.019490740740740746,3.459953703703704,0.11337962962962964,0.009301323497152028
2006-06-24,2006-09-24,0.006672432547327792,0.0011861592134880274,0.0011606809446069802,7.452232923320441,0.0033414795045428034,-0.00022581362108763168,0.0067228727519393905,1.414795527366397,-0.0030432392718271473,0.009132421075344756
2006-07-06,2006-10-06,0.007269012402351181,0.002309395094071682,0.0011122596111082436,7.318086987639509,0.004085560608461336,-0.0010818322892301466,-0.019490740740740746,3.459953703703704,0.11337962962962964,0.00926745150816263
2006-07-12,2006-10-12,0.007269012402351181,0.002309395094071682,0.0011122596111082436,7.318086987639509,0.004085560608461336,-0.0010818322892301466,-0.019490740740740746,3.459953703703704,0.11337962962962964,0.00891943679385931
2006-07-18,2006-10-18,0.007269012402351181,0.002309395094071682,0.0011122596111082436,7.318086987639509,0.004085560608461336,-0.0010818322892301466,-0.019490740740740746,3.459953703703704,0.11337962962962964,0.009122059221132035
2006-07-24,2006-10-24,0.007269012402351181,0.0011380520127712674,0.0011550062448995246,7.42211144376714,0.003199381803440008,0.0004184163274597436,-0.008402194188320963,1.189465403413072,-0.006321977032106185,0.00941294315810274
2006-08-06,2006-11-06,0.007269012402351181,0.002309395094071682,0.0011122596111082436,7.318086987639509,0.004085560608461336,-0.0010818322892301466,-0.019490740740740746,3.459953703703704,0.11337962962962964,0.008955923415541639
2006-08-12,2006-11-12,0.007269012402351181,0.002309395094071682,0.0011122596111082436,7.318086987639509,0.004085560608461336,-0.0010818322892301466,-0.019490740740740746,3.459953703703704,0.11337962962962964,0.008413756397631113
2006-08-18,2006-11-18,0.007269012402351181,0.002309395094071682,0.0011122596111082436,7.318086987639509,0.004085560608461336,-0.0010818322892301466,-0.019490740740740746,3.459953703703704,0.11337962962962964,0.008507648444984386
2006-08-24,2006-11-24,0.007269012402351181,0.00127707942348393,0.0010860099835216155,7.3893929095288025,0.0036499716074626107,8.133783735920206e-05,-0.012761800082046453,1.2528348464280676,-0.015216910048627241,0.007986863784885754
2006-09-06,2006-12-06,0.007269012402351181,0.002309395094071682,0.0011122596111082436,7.318086987639509,0.004085560608461336,-0.0010818322892301466,-0.019490740740740746,3.459953703703704,0.11337962962962964,0.007771606337251877
2006-09-12,2006-12-12,0.007269012402351181,0.002309395094071682,0.0011122596111082436,7.318086987639509,0.004085560608461336,-0.0010818322892301466,-0.019490740740740746,3.459953703703704,0.11337962962962964,0.007793932797648988
2006-09-18,2006-12-18,0.007269012402351181,0.002309395094071682,0.0011122596111082436,7.318086987639509,0.004085560608461336,-0.0010818322892301466,-0.019490740740740746,3.459953703703704,0.11337962962962964,0.007737215387018669
2006-09-24,2006-12-24,0.005006236393719988,0.0007504314153651006,0.0008059907636140888,7.39084195360236,0.0033415012117337913,0.00014945664902988047,-0.036921939858835004,1.1476886934385284,-0.059401190657352027,0.007698828708984087
2006-10-06,2007-01-06,0.007269012402351181,0.002309395094071682,0.0011122596111082436,7.318086987639509,0.004085560608461336,-0.0010818322892301466,-0.019490740740740746,3.459953703703704,0.11337962962962964,0.0077083040501529
2006-10-12,2007-01-12,0.007269012402351181,0.002309395094071682,0.0011122596111082436,7.318086987639509,0.004085560608461336,-0.0010818322892301466,-0.019490740740740746,3.459953703703704,0.11337962962962964,0.007726173776270832
2006-10-18,2007-01-18,0.007269012402351181,0.002309395094071682,0.0011122596111082436,7.318086987639509,0.004085560608461336,-0.0010818322892301466,-0.019490740740740746,3.459953703703704,0.11337962962962964,0.007528766770093425
2006-10-24,2007-01-24,0.007269012402351181,0.0005712088854721369,0.0005772123325341483,7.318470950160425,0.003188001618082709,0.0008059761628222038,-0.0792624312676854,1.2016385489247488,-0.07405058050944141,0.007440326109220234
2006-11-06,2007-02-06,0.007269012402351181,0.002309395094071682,0.0011122596111082436,7.318086987639509,0.004085560608461336,-0.0010818322892301466,-0.019490740740740746,3.459953703703704,0.11337962962962964,0.0075735626982088595
2006-11-12,2007-02-12,0.007269012402351181,0.002309395094071682,0.0011122596111082436,7.318086987639509,0.004085560608461336,-0.0010818322892301466,-0.019490740740740746,3.459953703703704,0.11337962962962964,0.007715328811817915
2006-11-18,2007-02-18,0.007269012402351181,0.002309395094071682,0.0011122596111082436,7.318086987639509,0.004085560608461336,-0.0010818322892301466,-0.019490740740740746,3.459953703703704,0.11337962962962964,0.007387653326428793
2006-11-24,2007-02-24,0.007269012402351181,0.0006163862780835267,0.0006454763830510557,7.311285178239219,0.0031890337891443163,0.001112363833719681,-0.07863311640033126,0.9759590838341259,-0.0732512163954081,0.0075739668588645365
2006-12-06,2007-03-06,0.007269012402351181,0.002309395094071682,0.0011122596111082436,7.318086987639509,0.004085560608461336,-0.0010818322892301466,-0.019490740740740746,3.459953703703704,0.11337962962962964,0.00792209538096199
2006-12-12,2007-03-12,0.007269012402351181,0.002309395094071682,0.0011122596111082436,7.318086987639509,0.004085560608461336,-0.0010818322892301466,-0.019490740740740746,3.459953703703704,0.11337962962962964,0.0076819776553044734
2006-12-18,2007-03-18,0.007269012402351181,0.002309395094071682,0.0011122596111082436,7.318086987639509,0.004085560608461336,-0.0010818322892301466,-0.019490740740740746,3.459953703703704,0.11337962962962964,0.0075681996195053995
2006-12-24,2007-03-24,0.005086564759365041,0.001097216352660076,0.0009371425370571228,7.336131761926762,0.0035103207335133208,0.0007575564909602058,-0.04443939749917694,1.0717092356514977,-0.033625462318198684,0.007822630302785134
2007-01-06,2007-04-06,0.007269012402351181,0.002309395094071682,0.0011122596111082436,7.318086987639509,0.004085560608461336,-0.0010818322892301466,-0.019490740740740746,3.459953703703704,0.11337962962962964,0.0075865531753249215
2007-01-12,2007-04-12,0.007269012402351181,0.002309395094071682,0.0011122596111082436,7.318086987639509,0.004085560608461336,-0.0010818322892301466,-0.019490740740740746,3.459953703703704,0.11337962962962964,0.007396008960383853
2007-01-18,2007-04-18,0.007269012402351181,0.002309395094071682,0.0011122596111082436,7.318086987639509,0.004085560608461336,-0.0010818322892301466,-0.019490740740740746,3.459953703703704,0.11337962962962964,0.007283206657952667
2007-01-24,2007-04-24,0.007269012402351181,0.0011703517258906827,0.0008474299138904065,7.272453613080182,0.003561353538539108,0.0012288406331729957,-0.06942066296720337,1.1804881312132465,-0.03015568060910309,0.0073682776467509465
2007-02-06,2007-05-06,0.007269012402351181,0.002309395094071682,0.0011122596111082436,7.318086987639509,0.004085560608461336,-0.0010818322892301466,-0.019490740740740746,3.459953703703704,0.11337962962962964,0.0074906682537095514
2007-02-12,2007-05-12,0.007269012402351181,0.002309395094071682,0.0011122596111082436,7.318086987639509,0.004085560608461336,-0.0010818322892301466,-0.019490740740740746,3.459953703703704,0.11337962962962964,0.00732681368417719
2007-02-18,2007-05-18,0.007269012402351181,0.002309395094071682,0.0011122596111082436,7.318086987639509,0.004085560608461336,-0.0010818322892301466,-0.019490740740740746,3.459953703703704,0.11337962962962964,0.00748373817183285
2007-02-24,2007-05-24,0.007269012402351181,0.0011745733054285233,0.0008713737622496312,7.263697802725011,0.0033750113416297998,0.0015554984681466538,-0.07707801941467757,1.1829611062898207,-0.01910496619845911,0.00833385956631056
2007-03-06,2007-06-06,0.007269012402351181,0.002309395094071682,0.0011122596111082436,7.318086987639509,0.004085560608461336,-0.0010818322892301466,-0.019490740740740746,3.459953703703704,0.11337962962962964,0.010316091191421422
2007-03-12,2007-06-12,0.007269012402351181,0.002309395094071682,0.0011122596111082436,7.318086987639509,0.004085560608461336,-0.0010818322892301466,-0.019490740740740746,3.459953703703704,0.11337962962962964,0.0095256578664943
2007-03-18,2007-06-18,0.007269012402351181,0.002309395094071682,0.0011122596111082436,7.318086987639509,0.004085560608461336,-0.0010818322892301466,-0.019490740740740746,3.459953703703704,0.11337962962962964,0.009550047272675046
2007-03-24,2007-06-24,0.005269780766085065,0.0010727523458471328,0.0009023998652578624,7.276473458293655,0.002959524665881209,0.001963768426310232,-0.07996845164289798,1.2310324615345358,-0.007492484009835668,0.009498426649059309
2007-04-06,2007-07-06,0.007269012402351181,0.002309395094071682,0.0011122596111082436,7.318086987639509,0.004085560608461336,-0.0010818322892301466,-0.019490740740740746,3.459953703703704,0.11337962962962964,0.009030109810914629
2007-04-12,2007-07-12,0.007269012402351181,0.002309395094071682,0.0011122596111082436,7.318086987639509,0.004085560608461336,-0.0010818322892301466,-0.019490740740740746,3.459953703703704,0.11337962962962964,0.008487097451537697
2007-04-18,2007-07-18,0.007269012402351181,0.002309395094071682,0.0011122596111082436,7.318086987639509,0.004085560608461336,-0.0010818322892301466,-0.019490740740740746,3.459953703703704,0.11337962962962964,0.008304283693027912
2007-04-24,2007-07-24,0.007269012402351181,0.0010292064057423967,0.0007945415439053515,7.26852525322913,0.003205977571751578,0.0015600213740365719,-0.08370863096528536,1.2705400778326101,-0.024655635441852675,0.008560368382746065
2007-05-06,2007-08-06,0.007269012402351181,0.002309395094071682,0.0011122596111082436,7.318086987639509,0.004085560608461336,-0.0010818322892301466,-0.019490740740740746,3.459953703703704,0.11337962962962964,0.008320539569573914
2007-05-12,2007-08-12,0.007269012402351181,0.002309395094071682,0.0011122596111082436,7.318086987639509,0.004085560608461336,-0.0010818322892301466,-0.019490740740740746,3.459953703703704,0.11337962962962964,0.008207818137534581
2007-05-18,2007-08-18,0.007269012402351181,0.002309395094071682,0.0011122596111082436,7.318086987639509,0.004085560608461336,-0.0010818322892301466,-0.019490740740740746,3.459953703703704,0.11337962962962964,0.008153016340676689
2007-05-24,2007-08-24,0.007269012402351181,0.0011666834546715716,0.0008007822097569372,7.247346382467947,0.003429740012752043,0.0015098796407667359,-0.08463828633516868,1.3051920247105642,-0.022001365300185427,0.00791569895199826
2007-06-06,2007-09-06,0.007269012402351181,0.002309395094071682,0.0011122596111082436,7.318086987639509,0.004085560608461336,-0.0010818322892301466,-0.019490740740740746,3.459953703703704,0.11337962962962964,0.007913649011431297
2007-06-12,2007-09-12,0.007269012402351181,0.002309395094071682,0.0011122596111082436,7.318086987639509,0.004085560608461336,-0.0010818322892301466,-0.019490740740740746,3.459953703703704,0.11337962962962964,0.008311036608196496
2007-06-18,2007-09-18,0.007269012402351181,0.002309395094071682,0.0011122596111082436,7.318086987639509,0.004085560608461336,-0.0010818322892301466,-0.019490740740740746,3.459953703703704,0.11337962962962964,0.008885967569063041
2007-06-24,2007-09-24,0.004787143728707775,0.0010430083362879283,0.0007153657505156107,7.239698262448202,0.0030247954018677303,0.0017859018279006197,-0.10073671934715103,1.6406517972947485,-0.009090567652081286,0.008961579720331505
2007-07-06,2007-10-06,0.007269012402351181,0.002309395094071682,0.0011122596111082436,7.318086987639509,0.004085560608461336,-0.0010818322892301466,-0.019490740740740746,3.459953703703704,0.11337962962962964,0.008679007469203349
2007-07-12,2007-10-12,0.007269012402351181,0.002309395094071682,0.0011122596111082436,7.318086987639509,0.004085560608461336,-0.0010818322892301466,-0.019490740740740746,3.459953703703704,0.11337962962962964,0.008515250144697254
2007-07-18,2007-10-18,0.007269012402351181,0.002309395094071682,0.0011122596111082436,7.318086987639509,0.004085560608461336,-0.0010818322892301466,-0.019490740740740746,3.459953703703704,0.11337962962962964,0.008712924875097335
2007-07-24,2007-10-24,0.007269012402351181,0.00062273923072647,0.0004926201006255741,7.1962158487837335,0.0024760530563697363,0.0027475156799215937,-0.14302163385684227,1.503746895461469,-0.031525789612256994,0.009651713299033408
2007-08-06,2007-11-06,0.007269012402351181,0.002309395094071682,0.0011122596111082436,7.318086987639509,0.004085560608461336,-0.0010818322892301466,-0.019490740740740746,3.459953703703704,0.11337962962962964,0.010203924244500102
2007-08-12,2007-11-12,0.007269012402351181,0.002309395094071682,0.0011122596111082436,7.318086987639509,0.004085560608461336,-0.0010818322892301466,-0.019490740740740746,3.459953703703704,0.11337962962962964,0.011342483032627013
2007-08-18,2007-11-18,0.007269012402351181,0.002309395094071682,0.0011122596111082436,7.318086987639509,0.004085560608461336,-0.0010818322892301466,-0.019490740740740746,3.459953703703704,0.11337962962962964,0.011279098380398821
2007-08-24,2007-11-24,0.007269012402351181,0.0008662771156972423,0.0006256982394776942,7.163135000946736,0.002315295622294556,0.0034494790963631268,-0.14954747455531522,1.589327431914997,0.0035501881776808797,0.010642352655560988
2007-09-06,2007-12-06,0.007269012402351181,0.002309395094071682,0.0011122596111082436,7.318086987639509,0.004085560608461336,-0.0010818322892301466,-0.019490740740740746,3.459953703703704,0.11337962962962964,0.011088408523898245
2007-09-12,2007-12-12,0.007269012402351181,0.002309395094071682,0.0011122596111082436,7.318086987639509,0.004085560608461336,-0.0010818322892301466,-0.019490740740740746,3.459953703703704,0.11337962962962964,0.010431319329072226
2007-09-18,2007-12-18,0.007269012402351181,0.002309395094071682,0.0011122596111082436,7.318086987639509,0.004085560608461336,-0.0010818322892301466,-0.019490740740740746,3.459953703703704,0.11337962962962964,0.01033298906951318
2007-09-24,2007-12-24,0.004672315095022364,0.0014693014828734514,0.0008051096273425334,7.094967012074989,0.0028748699230199586,0.0036989960498469455,-0.14938793712797765,1.6243914509957753,0.038787386739867064,0.010044992899637924
2007-10-06,2008-01-06,0.007269012402351181,0.002309395094071682,0.0011122596111082436,7.318086987639509,0.004085560608461336,-0.0010818322892301466,-0.019490740740740746,3.459953703703704,0.11337962962962964,0.009402820305646953
2007-10-12,2008-01-12,0.007269012402351181,0.002309395094071682,0.0011122596111082436,7.318086987639509,0.004085560608461336,-0.0010818322892301466,-0.019490740740740746,3.459953703703704,0.11337962962962964,0.008961117755627999
2007-10-18,2008-01-18,0.007269012402351181,0.002309395094071682,0.0011122596111082436,7.318086987639509,0.004085560608461336,-0.0010818322892301466,-0.019490740740740746,3.459953703703704,0.11337962962962964,0.009140320720255555
2007-10-24,2008-01-24,0.007269012402351181,0.0013947132819494908,0.0006828658321716367,7.114860263631417,0.0031032472726067032,0.0028867973620245535,-0.1425321396067161,1.881502086529187,0.02330182103851247,0.008915841374374603
2007-11-06,2008-02-06,0.007269012402351181,0.002309395094071682,0.0011122596111082436,7.318086987639509,0.004085560608461336,-0.0010818322892301466,-0.019490740740740746,3.459953703703704,0.11337962962962964,0.009176789103030599
2007-11-12,2008-02-12,0.007269012402351181,0.002309395094071682,0.0011122596111082436,7.318086987639509,0.004085560608461336,-0.0010818322892301466,-0.019490740740740746,3.459953703703704,0.11337962962962964,0.010317099542840057
2007-11-18,2008-02-18,0.007269012402351181,0.002309395094071682,0.0011122596111082436,7.318086987639509,0.004085560608461336,-0.0010818322892301466,-0.019490740740740746,3.459953703703704,0.11337962962962964,0.010996758132538802
2007-11-24,2008-02-24,0.007269012402351181,0.0018058653678989034,0.0009325156748700399,7.079137897187811,0.00284973447185689,0.003821036546316955,-0.14613473785324824,2.03382325185546,0.08384952141920529,0.010917932225220209
2007-12-06,2008-03-06,0.007269012402351181,0.002309395094071682,0.0011122596111082436,7.318086987639509,0.004085560608461336,-0.0010818322892301466,-0.019490740740740746,3.459953703703704,0.11337962962962964,0.01135669711866796
2007-12-12,2008-03-12,0.007269012402351181,0.002309395094071682,0.0011122596111082436,7.318086987639509,0.004085560608461336,-0.0010818322892301466,-0.019490740740740746,3.459953703703704,0.11337962962962964,0.010817810397200625
2007-12-18,2008-03-18,0.007269012402351181,0.002309395094071682,0.0011122596111082436,7.318086987639509,0.004085560608461336,-0.0010818322892301466,-0.019490740740740746,3.459953703703704,0.11337962962962964,0.010787828489026046
2007-12-24,2008-03-24,0.005782691570337628,0.0028464712465451586,0.0012467449536935967,6.986618548763413,0.003759886322467853,0.003924877720043557,-0.1360249463719335,2.3393416711586434,0.1522240166522124,0.009934160729930596
