Pred Date,Target Date,0,1,2,3,4,5,6,7,8,9
1990-01-06,1990-04-06,0.007269012402351181,0.002309395094071682,0.0011122596111082436,7.318086987639509,0.004085560608461336,-0.0010818322892301466,-0.019490740740740746,3.459953703703704,0.11337962962962964,0.00863261818963685
1990-01-12,1990-04-12,0.007269012402351181,0.002309395094071682,0.0011122596111082436,7.318086987639509,0.004085560608461336,-0.0010818322892301466,-0.019490740740740746,3.459953703703704,0.11337962962962964,0.009177369068233413
1990-01-18,1990-04-18,0.007269012402351181,0.002309395094071682,0.0011122596111082436,7.318086987639509,0.004085560608461336,-0.0010818322892301466,-0.019490740740740746,3.459953703703704,0.11337962962962964,0.009869822212562098
1990-01-24,1990-04-24,0.007269012402351181,0.0007441059135264679,0.0007623212789712251,7.324351235434087,0.003173996033739072,-0.0002707178365392248,-0.07203375044632568,1.8337074415534982,-0.02963541447325105,0.009677725622715457
1990-02-06,1990-05-06,0.007269012402351181,0.002309395094071682,0.0011122596111082436,7.318086987639509,0.004085560608461336,-0.0010818322892301466,-0.019490740740740746,3.459953703703704,0.11337962962962964,0.009760152501610931
1990-02-12,1990-05-12,0.007269012402351181,0.002309395094071682,0.0011122596111082436,7.318086987639509,0.004085560608461336,-0.0010818322892301466,-0.019490740740740746,3.459953703703704,0.11337962962962964,0.00932599947120461
1990-02-18,1990-05-18,0.007269012402351181,0.002309395094071682,0.0011122596111082436,7.318086987639509,0.004085560608461336,-0.0010818322892301466,-0.019490740740740746,3.459953703703704,0.11337962962962964,0.008946665929172018
1990-02-24,1990-05-24,0.007269012402351181,0.0009653439766196192,0.0008024253979257915,7.280745246919532,0.0031635942389297736,-0.00010113588956490961,-0.0748964735852918,1.9904636687101307,-0.001674486496321806,0.009184767098405646
1990-03-06,1990-06-06,0.007269012402351181,0.002309395094071682,0.0011122596111082436,7.318086987639509,0.004085560608461336,-0.0010818322892301466,-0.019490740740740746,3.459953703703704,0.11337962962962964,0.008814528370324093
1990-03-12,1990-06-12,0.007269012402351181,0.002309395094071682,0.0011122596111082436,7.318086987639509,0.004085560608461336,-0.0010818322892301466,-0.019490740740740746,3.459953703703704,0.11337962962962964,0.008812018804010814
1990-03-18,1990-06-18,0.007269012402351181,0.002309395094071682,0.0011122596111082436,7.318086987639509,0.004085560608461336,-0.0010818322892301466,-0.019490740740740746,3.459953703703704,0.11337962962962964,0.008595572631875175
1990-03-24,1990-06-24,0.005316637522501664,0.001241201473519998,0.0008731369641190615,7.204877511556098,0.003089115948590717,0.00021753149467443745,-0.08264566498390996,2.0553633650878655,0.034014587685923664,0.008778743072136953
1990-04-06,1990-07-06,0.007269012402351181,0.002309395094071682,0.0011122596111082436,7.318086987639509,0.004085560608461336,-0.0010818322892301466,-0.019490740740740746,3.459953703703704,0.11337962962962964,0.008501379047903303
1990-04-12,1990-07-12,0.007269012402351181,0.002309395094071682,0.0011122596111082436,7.318086987639509,0.004085560608461336,-0.0010818322892301466,-0.019490740740740746,3.459953703703704,0.11337962962962964,0.00849998768809849
1990-04-18,1990-07-18,0.007269012402351181,0.002309395094071682,0.0011122596111082436,7.318086987639509,0.004085560608461336,-0.0010818322892301466,-0.019490740740740746,3.459953703703704,0.11337962962962964,0.00815921385419047
1990-04-24,1990-07-24,0.007269012402351181,0.000831301433310707,0.0006162659626107565,7.15149024769487,0.0027435926525225278,0.00018883923264603275,-0.12016487031689738,2.2263361656430005,0.02207122223068969,0.008697555299346049
1990-05-06,1990-08-06,0.007269012402351181,0.002309395094071682,0.0011122596111082436,7.318086987639509,0.004085560608461336,-0.0010818322892301466,-0.019490740740740746,3.459953703703704,0.11337962962962964,0.008521316888250682
1990-05-12,1990-08-12,0.007269012402351181,0.002309395094071682,0.0011122596111082436,7.318086987639509,0.004085560608461336,-0.0010818322892301466,-0.019490740740740746,3.459953703703704,0.11337962962962964,0.008645906762427586
1990-05-18,1990-08-18,0.007269012402351181,0.002309395094071682,0.0011122596111082436,7.318086987639509,0.004085560608461336,-0.0010818322892301466,-0.019490740740740746,3.459953703703704,0.11337962962962964,0.008810560452165194
1990-05-24,1990-08-24,0.007269012402351181,0.0010563621418138427,0.0006528860675326605,7.114233924350592,0.0027753056646109796,0.0001824373023114451,-0.12235427988970754,2.440462147622844,0.04941199949424542,0.008660528034464189
1990-06-06,1990-09-06,0.007269012402351181,0.002309395094071682,0.0011122596111082436,7.318086987639509,0.004085560608461336,-0.0010818322892301466,-0.019490740740740746,3.459953703703704,0.11337962962962964,0.008778258942833624
1990-06-12,1990-09-12,0.007269012402351181,0.002309395094071682,0.0011122596111082436,7.318086987639509,0.004085560608461336,-0.0010818322892301466,-0.019490740740740746,3.459953703703704,0.11337962962962964,0.008683741464656421
1990-06-18,1990-09-18,0.007269012402351181,0.002309395094071682,0.0011122596111082436,7.318086987639509,0.004085560608461336,-0.0010818322892301466,-0.019490740740740746,3.459953703703704,0.11337962962962964,0.008978107567966707
1990-06-24,1990-09-24,0.003699196549643513,0.000522465283433859,0.00044654513016930254,7.083430188248105,0.002409074765943804,0.00026737233901046324,-0.15419772683435018,2.2037088354257084,0.014347280060877918,0.009007000645064303
1990-07-06,1990-10-06,0.007269012402351181,0.002309395094071682,0.0011122596111082436,7.318086987639509,0.004085560608461336,-0.0010818322892301466,-0.019490740740740746,3.459953703703704,0.11337962962962964,0.008698680063013605
1990-07-12,1990-10-12,0.007269012402351181,0.002309395094071682,0.0011122596111082436,7.318086987639509,0.004085560608461336,-0.0010818322892301466,-0.019490740740740746,3.459953703703704,0.11337962962962964,0.008802351235253598
1990-07-18,1990-10-18,0.007269012402351181,0.002309395094071682,0.0011122596111082436,7.318086987639509,0.004085560608461336,-0.0010818322892301466,-0.019490740740740746,3.459953703703704,0.11337962962962964,0.008795127997006625
1990-07-24,1990-10-24,0.007269012402351181,-0.00014551516568375505,8.842689390881411e-05,7.066936962892951,0.0020346948770139815,6.128158708581274e-05,-0.19455226228958314,2.379738470247825,-0.021990763448474338,0.009016013646984658
1990-08-06,1990-11-06,0.007269012402351181,0.002309395094071682,0.0011122596111082436,7.318086987639509,0.004085560608461336,-0.0010818322892301466,-0.019490740740740746,3.459953703703704,0.11337962962962964,0.008827165523462199
1990-08-12,1990-11-12,0.007269012402351181,0.002309395094071682,0.0011122596111082436,7.318086987639509,0.004085560608461336,-0.0010818322892301466,-0.019490740740740746,3.459953703703704,0.11337962962962964,0.010594530200703884
1990-08-18,1990-11-18,0.007269012402351181,0.002309395094071682,0.0011122596111082436,7.318086987639509,0.004085560608461336,-0.0010818322892301466,-0.019490740740740746,3.459953703703704,0.11337962962962964,0.010038032456575465
1990-08-24,1990-11-24,0.007269012402351181,-0.0009205774487927709,-0.00031537023671746067,7.03694130759439,0.001687622998387422,-0.000907695006731262,-0.24770844533753583,2.6328969237320274,-0.06673658491202264,0.011891143767521914
1990-09-06,1990-12-06,0.007269012402351181,0.002309395094071682,0.0011122596111082436,7.318086987639509,0.004085560608461336,-0.0010818322892301466,-0.019490740740740746,3.459953703703704,0.11337962962962964,0.01139567129935161
1990-09-12,1990-12-12,0.007269012402351181,0.002309395094071682,0.0011122596111082436,7.318086987639509,0.004085560608461336,-0.0010818322892301466,-0.019490740740740746,3.459953703703704,0.11337962962962964,0.010430722258109159
1990-09-18,1990-12-18,0.007269012402351181,0.002309395094071682,0.0011122596111082436,7.318086987639509,0.004085560608461336,-0.0010818322892301466,-0.019490740740740746,3.459953703703704,0.11337962962962964,0.009714777665437649
1990-09-24,1990-12-24,0.0015955703554536467,-0.0008834449208739658,-0.00036713964906673986,7.028270086775453,0.0016315462752136182,-0.000587146820770226,-0.24970131123184794,2.8409234621246577,-0.054028685694464285,0.010124541986943394
1990-10-06,1991-01-06,0.007269012402351181,0.002309395094071682,0.0011122596111082436,7.318086987639509,0.004085560608461336,-0.0010818322892301466,-0.019490740740740746,3.459953703703704,0.11337962962962964,0.010791041731852538
1990-10-12,1991-01-12,0.007269012402351181,0.002309395094071682,0.0011122596111082436,7.318086987639509,0.004085560608461336,-0.0010818322892301466,-0.019490740740740746,3.459953703703704,0.11337962962962964,0.010776716357053793
1990-10-18,1991-01-18,0.007269012402351181,0.002309395094071682,0.0011122596111082436,7.318086987639509,0.004085560608461336,-0.0010818322892301466,-0.019490740740740746,3.459953703703704,0.11337962962962964,0.01110339261701269
1990-10-24,1991-01-24,0.007269012402351181,-0.0010910793826995504,-0.0005453152175441151,6.979814245905661,0.0014341183391966294,-0.0008091699512039999,-0.2778105187464538,3.113732285139462,-0.05244677550496055,0.010589612066079602
1990-11-06,1991-02-06,0.007269012402351181,0.002309395094071682,0.0011122596111082436,7.318086987639509,0.004085560608461336,-0.0010818322892301466,-0.019490740740740746,3.459953703703704,0.11337962962962964,0.010329660066639842
1990-11-12,1991-02-12,0.007269012402351181,0.002309395094071682,0.0011122596111082436,7.318086987639509,0.004085560608461336,-0.0010818322892301466,-0.019490740740740746,3.459953703703704,0.11337962962962964,0.010357218007253935
1990-11-18,1991-02-18,0.007269012402351181,0.002309395094071682,0.0011122596111082436,7.318086987639509,0.004085560608461336,-0.0010818322892301466,-0.019490740740740746,3.459953703703704,0.11337962962962964,0.01020234503726893
1990-11-24,1991-02-24,0.007269012402351181,-0.0011100108687655667,-0.0005868338680047498,7.023457105332892,0.001503659953633013,-0.0007204231192669925,-0.2681375985125478,3.2951155345907113,-0.055313010169133536,0.009190295117362433
1990-12-06,1991-03-06,0.007269012402351181,0.002309395094071682,0.0011122596111082436,7.318086987639509,0.004085560608461336,-0.0010818322892301466,-0.019490740740740746,3.459953703703704,0.11337962962962964,0.009382294205944816
1990-12-12,1991-03-12,0.007269012402351181,0.002309395094071682,0.0011122596111082436,7.318086987639509,0.004085560608461336,-0.0010818322892301466,-0.019490740740740746,3.459953703703704,0.11337962962962964,0.009013714193500449
1990-12-18,1991-03-18,0.007269012402351181,0.002309395094071682,0.0011122596111082436,7.318086987639509,0.004085560608461336,-0.0010818322892301466,-0.019490740740740746,3.459953703703704,0.11337962962962964,0.008846306010413854
1990-12-24,1991-03-24,0.0011071796868331908,-0.0007668082156977517,-0.0005420330406226814,6.9421933942003555,0.0014589460191956997,-0.0004834686686698195,-0.2771731858018763,3.5891734488170997,-0.00822183660951091,0.008530540289311644
1991-01-06,1991-04-06,0.007269012402351181,0.002309395094071682,0.0011122596111082436,7.318086987639509,0.004085560608461336,-0.0010818322892301466,-0.019490740740740746,3.459953703703704,0.11337962962962964,0.008515976721780805
1991-01-12,1991-04-12,0.007269012402351181,0.002309395094071682,0.0011122596111082436,7.318086987639509,0.004085560608461336,-0.0010818322892301466,-0.019490740740740746,3.459953703703704,0.11337962962962964,0.009250394249356652
1991-01-18,1991-04-18,0.007269012402351181,0.002309395094071682,0.0011122596111082436,7.318086987639509,0.004085560608461336,-0.0010818322892301466,-0.019490740740740746,3.459953703703704,0.11337962962962964,0.010180902157096206
1991-01-24,1991-04-24,0.007269012402351181,-0.0006488064224646267,-0.0006498862171161134,6.810059109705999,0.0012615450370720396,-0.000836408584917892,-0.3162467835869399,4.076550882872406,0.034392266334037816,0.0100442904924536
1991-02-06,1991-05-06,0.007269012402351181,0.002309395094071682,0.0011122596111082436,7.318086987639509,0.004085560608461336,-0.0010818322892301466,-0.019490740740740746,3.459953703703704,0.11337962962962964,0.009708448823285455
1991-02-12,1991-05-12,0.007269012402351181,0.002309395094071682,0.0011122596111082436,7.318086987639509,0.004085560608461336,-0.0010818322892301466,-0.019490740740740746,3.459953703703704,0.11337962962962964,0.009949622376620254
1991-02-18,1991-05-18,0.007269012402351181,0.002309395094071682,0.0011122596111082436,7.318086987639509,0.004085560608461336,-0.0010818322892301466,-0.019490740740740746,3.459953703703704,0.11337962962962964,0.010256902510749124
1991-02-24,1991-05-24,0.007269012402351181,-0.000985990521750395,-0.0008605168570015446,6.861530145331599,0.0012285053293897685,-0.0011153243126252445,-0.323014330076218,4.401394992024968,0.010990811190112804,0.009360461522365028
1991-03-06,1991-06-06,0.007269012402351181,0.002309395094071682,0.0011122596111082436,7.318086987639509,0.004085560608461336,-0.0010818322892301466,-0.019490740740740746,3.459953703703704,0.11337962962962964,0.009589313438485503
1991-03-12,1991-06-12,0.007269012402351181,0.002309395094071682,0.0011122596111082436,7.318086987639509,0.004085560608461336,-0.0010818322892301466,-0.019490740740740746,3.459953703703704,0.11337962962962964,0.009352823719813698
1991-03-18,1991-06-18,0.007269012402351181,0.002309395094071682,0.0011122596111082436,7.318086987639509,0.004085560608461336,-0.0010818322892301466,-0.019490740740740746,3.459953703703704,0.11337962962962964,0.009083655684916914
1991-03-24,1991-06-24,0.0011453947975213815,-0.0003672438412212252,-0.0005901318308877013,6.864592953774803,0.0015475287491957999,-0.0009713814105306838,-0.2920300926956329,4.466121322511844,0.053192063845877616,0.008994895130650197
1991-04-06,1991-07-06,0.007269012402351181,0.002309395094071682,0.0011122596111082436,7.318086987639509,0.004085560608461336,-0.0010818322892301466,-0.019490740740740746,3.459953703703704,0.11337962962962964,0.009167429389095455
1991-04-12,1991-07-12,0.007269012402351181,0.002309395094071682,0.0011122596111082436,7.318086987639509,0.004085560608461336,-0.0010818322892301466,-0.019490740740740746,3.459953703703704,0.11337962962962964,0.0094126863319666
1991-04-18,1991-07-18,0.007269012402351181,0.002309395094071682,0.0011122596111082436,7.318086987639509,0.004085560608461336,-0.0010818322892301466,-0.019490740740740746,3.459953703703704,0.11337962962962964,0.009361157528381597
1991-04-24,1991-07-24,0.007269012402351181,-1.991626025207513e-05,-0.0004062894973909418,6.909838136483083,0.0018578671367825406,-0.0010912521319562049,-0.2626110514104966,4.475352997177866,0.06670250679958548,0.00917351089995999
1991-05-06,1991-08-06,0.007269012402351181,0.002309395094071682,0.0011122596111082436,7.318086987639509,0.004085560608461336,-0.0010818322892301466,-0.019490740740740746,3.459953703703704,0.11337962962962964,0.009174337541476708
1991-05-12,1991-08-12,0.007269012402351181,0.002309395094071682,0.0011122596111082436,7.318086987639509,0.004085560608461336,-0.0010818322892301466,-0.019490740740740746,3.459953703703704,0.11337962962962964,0.008986931277553324
1991-05-18,1991-08-18,0.007269012402351181,0.002309395094071682,0.0011122596111082436,7.318086987639509,0.004085560608461336,-0.0010818322892301466,-0.019490740740740746,3.459953703703704,0.11337962962962964,0.009453501841594731
1991-05-24,1991-08-24,0.007269012402351181,0.0006188817715200702,-0.00010412751490896798,6.923621472482602,0.0022140729560163773,-0.0009447139697519475,-0.22671884955797164,4.469075667325497,0.10619913012430303,0.008902920441467304
1991-06-06,1991-09-06,0.007269012402351181,0.002309395094071682,0.0011122596111082436,7.318086987639509,0.004085560608461336,-0.0010818322892301466,-0.019490740740740746,3.459953703703704,0.11337962962962964,0.008771612635797567
1991-06-12,1991-09-12,0.007269012402351181,0.002309395094071682,0.0011122596111082436,7.318086987639509,0.004085560608461336,-0.0010818322892301466,-0.019490740740740746,3.459953703703704,0.11337962962962964,0.008589511064129581
1991-06-18,1991-09-18,0.007269012402351181,0.002309395094071682,0.0011122596111082436,7.318086987639509,0.004085560608461336,-0.0010818322892301466,-0.019490740740740746,3.459953703703704,0.11337962962962964,0.008843315425109008
1991-06-24,1991-09-24,0.004597114139240646,0.0019023071993178084,0.0005448986460393599,6.954309016510464,0.002953005168842623,-0.0007257851337747214,-0.1522506113229683,4.308841391807215,0.18002645907765588,0.009065489494011278
1991-07-06,1991-10-06,0.007269012402351181,0.002309395094071682,0.0011122596111082436,7.318086987639509,0.004085560608461336,-0.0010818322892301466,-0.019490740740740746,3.459953703703704,0.11337962962962964,0.009165822491975156
1991-07-12,1991-10-12,0.007269012402351181,0.002309395094071682,0.0011122596111082436,7.318086987639509,0.004085560608461336,-0.0010818322892301466,-0.019490740740740746,3.459953703703704,0.11337962962962964,0.00881496338775738
1991-07-18,1991-10-18,0.007269012402351181,0.002309395094071682,0.0011122596111082436,7.318086987639509,0.004085560608461336,-0.0010818322892301466,-0.019490740740740746,3.459953703703704,0.11337962962962964,0.008543875220929073
1991-07-24,1991-10-24,0.007269012402351181,0.0020664952089206033,0.0006282875468336664,6.9803259076158515,0.0030840723438189145,-0.000613263336284892,-0.136349624334912,4.308253984079158,0.18682584110547448,0.008442933613670269
1991-08-06,1991-11-06,0.007269012402351181,0.002309395094071682,0.0011122596111082436,7.318086987639509,0.004085560608461336,-0.0010818322892301466,-0.019490740740740746,3.459953703703704,0.11337962962962964,0.008316171955398844
1991-08-12,1991-11-12,0.007269012402351181,0.002309395094071682,0.0011122596111082436,7.318086987639509,0.004085560608461336,-0.0010818322892301466,-0.019490740740740746,3.459953703703704,0.11337962962962964,0.008361916614773783
1991-08-18,1991-11-18,0.007269012402351181,0.002309395094071682,0.0011122596111082436,7.318086987639509,0.004085560608461336,-0.0010818322892301466,-0.019490740740740746,3.459953703703704,0.11337962962962964,0.008613349436624661
1991-08-24,1991-11-24,0.007269012402351181,0.0015899765311079546,0.0004447889034540494,6.97894898999952,0.002895139748449043,-0.001065593094774203,-0.1606530050583376,4.215523753993457,0.1500893429716289,0.010192933126327821
1991-09-06,1991-12-06,0.007269012402351181,0.002309395094071682,0.0011122596111082436,7.318086987639509,0.004085560608461336,-0.0010818322892301466,-0.019490740740740746,3.459953703703704,0.11337962962962964,0.00913259002475064
1991-09-12,1991-12-12,0.007269012402351181,0.002309395094071682,0.0011122596111082436,7.318086987639509,0.004085560608461336,-0.0010818322892301466,-0.019490740740740746,3.459953703703704,0.11337962962962964,0.008776475908773895
1991-09-18,1991-12-18,0.007269012402351181,0.002309395094071682,0.0011122596111082436,7.318086987639509,0.004085560608461336,-0.0010818322892301466,-0.019490740740740746,3.459953703703704,0.11337962962962964,0.008590725766512607
1991-09-24,1991-12-24,0.004552974107072961,0.001870915408306685,0.000523158730918611,6.962273304191882,0.002927728020581819,-0.0005594094967558471,-0.15108375732223062,4.322923166034787,0.17837615186957706,0.008253147620189414
1991-10-06,1992-01-06,0.007269012402351181,0.002309395094071682,0.0011122596111082436,7.318086987639509,0.004085560608461336,-0.0010818322892301466,-0.019490740740740746,3.459953703703704,0.11337962962962964,0.008044693116460454
1991-10-12,1992-01-12,0.007269012402351181,0.002309395094071682,0.0011122596111082436,7.318086987639509,0.004085560608461336,-0.0010818322892301466,-0.019490740740740746,3.459953703703704,0.11337962962962964,0.008444543639797361
1991-10-18,1992-01-18,0.007269012402351181,0.002309395094071682,0.0011122596111082436,7.318086987639509,0.004085560608461336,-0.0010818322892301466,-0.019490740740740746,3.459953703703704,0.11337962962962964,0.00864172767356617
1991-10-24,1992-01-24,0.007269012402351181,0.001857902215672441,0.000485854599767637,6.992368440343702,0.0030266359744752606,-0.0008430905405841326,-0.14670271910922186,4.5346572374827385,0.1761543017559573,0.008394015650552991
1991-11-06,1992-02-06,0.007269012402351181,0.002309395094071682,0.0011122596111082436,7.318086987639509,0.004085560608461336,-0.0010818322892301466,-0.019490740740740746,3.459953703703704,0.11337962962962964,0.008454800902707714
1991-11-12,1992-02-12,0.007269012402351181,0.002309395094071682,0.0011122596111082436,7.318086987639509,0.004085560608461336,-0.0010818322892301466,-0.019490740740740746,3.459953703703704,0.11337962962962964,0.008138340379739898
1991-11-18,1992-02-18,0.007269012402351181,0.002309395094071682,0.0011122596111082436,7.318086987639509,0.004085560608461336,-0.0010818322892301466,-0.019490740740740746,3.459953703703704,0.11337962962962964,0.009536916440348785
1991-11-24,1992-02-24,0.007269012402351181,0.0015450639682275823,0.00028568291872514055,7.014294161852129,0.0030127544915973187,-0.0015987233475184038,-0.1628111133327422,4.89050465281118,0.15658864480500553,0.009854593477869369
1991-12-06,1992-03-06,0.007269012402351181,0.002309395094071682,0.0011122596111082436,7.318086987639509,0.004085560608461336,-0.0010818322892301466,-0.019490740740740746,3.459953703703704,0.11337962962962964,0.00929465184864564
1991-12-12,1992-03-12,0.007269012402351181,0.002309395094071682,0.0011122596111082436,7.318086987639509,0.004085560608461336,-0.0010818322892301466,-0.019490740740740746,3.459953703703704,0.11337962962962964,0.008839372966654
1991-12-18,1992-03-18,0.007269012402351181,0.002309395094071682,0.0011122596111082436,7.318086987639509,0.004085560608461336,-0.0010818322892301466,-0.019490740740740746,3.459953703703704,0.11337962962962964,0.008567443654752337
1991-12-24,1992-03-24,0.0044706874985397296,0.0015297784663711308,0.00024101285033786206,7.019184010085306,0.003023394066059024,-0.0016829969330685876,-0.16447547697549383,5.057293321487007,0.15899723544660976,0.009623623947090982
1992-01-06,1992-04-06,0.007269012402351181,0.002309395094071682,0.0011122596111082436,7.318086987639509,0.004085560608461336,-0.0010818322892301466,-0.019490740740740746,3.459953703703704,0.11337962962962964,0.009540706728779522
1992-01-12,1992-04-12,0.007269012402351181,0.002309395094071682,0.0011122596111082436,7.318086987639509,0.004085560608461336,-0.0010818322892301466,-0.019490740740740746,3.459953703703704,0.11337962962962964,0.008654438995183884
1992-01-18,1992-04-18,0.007269012402351181,0.002309395094071682,0.0011122596111082436,7.318086987639509,0.004085560608461336,-0.0010818322892301466,-0.019490740740740746,3.459953703703704,0.11337962962962964,0.008779390654343197
1992-01-24,1992-04-24,0.007269012402351181,0.0015835630402656815,0.00022126776827662443,7.075683205262236,0.0031875554434923153,-0.0017796956684780246,-0.14940054159043087,5.335634588067956,0.15986582455197382,0.008574002881226145
1992-02-06,1992-05-06,0.007269012402351181,0.002309395094071682,0.0011122596111082436,7.318086987639509,0.004085560608461336,-0.0010818322892301466,-0.019490740740740746,3.459953703703704,0.11337962962962964,0.008730056659924507
1992-02-12,1992-05-12,0.007269012402351181,0.002309395094071682,0.0011122596111082436,7.318086987639509,0.004085560608461336,-0.0010818322892301466,-0.019490740740740746,3.459953703703704,0.11337962962962964,0.008438393308275395
1992-02-18,1992-05-18,0.007269012402351181,0.002309395094071682,0.0011122596111082436,7.318086987639509,0.004085560608461336,-0.0010818322892301466,-0.019490740740740746,3.459953703703704,0.11337962962962964,0.008424519051242217
1992-02-24,1992-05-24,0.007269012402351181,0.0019963452554929264,0.00044905258958915237,7.131654166153796,0.0035582943937541604,-0.001894704504965775,-0.11326411898035416,5.309512384375282,0.1746558401072532,0.008763703711069616
1992-03-06,1992-06-06,0.007269012402351181,0.002309395094071682,0.0011122596111082436,7.318086987639509,0.004085560608461336,-0.0010818322892301466,-0.019490740740740746,3.459953703703704,0.11337962962962964,0.008466533825479027
1992-03-12,1992-06-12,0.007269012402351181,0.002309395094071682,0.0011122596111082436,7.318086987639509,0.004085560608461336,-0.0010818322892301466,-0.019490740740740746,3.459953703703704,0.11337962962962964,0.00831753139688849
1992-03-18,1992-06-18,0.007269012402351181,0.002309395094071682,0.0011122596111082436,7.318086987639509,0.004085560608461336,-0.0010818322892301466,-0.019490740740740746,3.459953703703704,0.11337962962962964,0.008078802164268283
1992-03-24,1992-06-24,0.007226054426301091,0.003062673308005326,0.000958798887355964,7.175052233823786,0.004198755097745934,-0.0016484042931467209,-0.04764767045271234,5.309456330628235,0.2372854604654642,0.008044007786614866
1992-04-06,1992-07-06,0.007269012402351181,0.002309395094071682,0.0011122596111082436,7.318086987639509,0.004085560608461336,-0.0010818322892301466,-0.019490740740740746,3.459953703703704,0.11337962962962964,0.008008035630705203
1992-04-12,1992-07-12,0.007269012402351181,0.002309395094071682,0.0011122596111082436,7.318086987639509,0.004085560608461336,-0.0010818322892301466,-0.019490740740740746,3.459953703703704,0.11337962962962964,0.009142248374550403
1992-04-18,1992-07-18,0.007269012402351181,0.002309395094071682,0.0011122596111082436,7.318086987639509,0.004085560608461336,-0.0010818322892301466,-0.019490740740740746,3.459953703703704,0.11337962962962964,0.009247543910833414
1992-04-24,1992-07-24,0.007269012402351181,0.0035972235317972955,0.0011292072618722814,7.105858196658656,0.00433680802671819,-0.0017256821050998764,-0.04412043275262969,5.531612895232481,0.2897941518582,0.00884013649186476
1992-05-06,1992-08-06,0.007269012402351181,0.002309395094071682,0.0011122596111082436,7.318086987639509,0.004085560608461336,-0.0010818322892301466,-0.019490740740740746,3.459953703703704,0.11337962962962964,0.008575444883861078
1992-05-12,1992-08-12,0.007269012402351181,0.002309395094071682,0.0011122596111082436,7.318086987639509,0.004085560608461336,-0.0010818322892301466,-0.019490740740740746,3.459953703703704,0.11337962962962964,0.008329466391895999
1992-05-18,1992-08-18,0.007269012402351181,0.002309395094071682,0.0011122596111082436,7.318086987639509,0.004085560608461336,-0.0010818322892301466,-0.019490740740740746,3.459953703703704,0.11337962962962964,0.008333857025107447
1992-05-24,1992-08-24,0.007269012402351181,0.0037052021281252113,0.0012307077696112087,7.133402499944219,0.004427402540838608,-0.0014882008329902949,-0.02779520648397074,5.340198507972227,0.2880825059917085,0.008237026097929466
1992-06-06,1992-09-06,0.007269012402351181,0.002309395094071682,0.0011122596111082436,7.318086987639509,0.004085560608461336,-0.0010818322892301466,-0.019490740740740746,3.459953703703704,0.11337962962962964,0.008323146241450936
1992-06-12,1992-09-12,0.007269012402351181,0.002309395094071682,0.0011122596111082436,7.318086987639509,0.004085560608461336,-0.0010818322892301466,-0.019490740740740746,3.459953703703704,0.11337962962962964,0.00812608008489728
1992-06-18,1992-09-18,0.007269012402351181,0.002309395094071682,0.0011122596111082436,7.318086987639509,0.004085560608461336,-0.0010818322892301466,-0.019490740740740746,3.459953703703704,0.11337962962962964,0.008327008443644415
1992-06-24,1992-09-24,0.007624195319192266,0.0036451764196525557,0.0011919984712137155,7.112597470421858,0.00433684892095867,-0.0014202995501555594,-0.03641328422015233,5.338361453924165,0.28843385111232017,0.008166736294887303
1992-07-06,1992-10-06,0.007269012402351181,0.002309395094071682,0.0011122596111082436,7.318086987639509,0.004085560608461336,-0.0010818322892301466,-0.019490740740740746,3.459953703703704,0.11337962962962964,0.00842804168815151
1992-07-12,1992-10-12,0.007269012402351181,0.002309395094071682,0.0011122596111082436,7.318086987639509,0.004085560608461336,-0.0010818322892301466,-0.019490740740740746,3.459953703703704,0.11337962962962964,0.008383156675478488
1992-07-18,1992-10-18,0.007269012402351181,0.002309395094071682,0.0011122596111082436,7.318086987639509,0.004085560608461336,-0.0010818322892301466,-0.019490740740740746,3.459953703703704,0.11337962962962964,0.008137323223810765
1992-07-24,1992-10-24,0.007269012402351181,0.003461670137756147,0.0010284796588342635,7.09565539779776,0.004224247963048654,-0.0016493313668917045,-0.054811131288023694,5.648207716807349,0.28700205291942515,0.008209934698710572
1992-08-06,1992-11-06,0.007269012402351181,0.002309395094071682,0.0011122596111082436,7.318086987639509,0.004085560608461336,-0.0010818322892301466,-0.019490740740740746,3.459953703703704,0.11337962962962964,0.00839487568800733
1992-08-12,1992-11-12,0.007269012402351181,0.002309395094071682,0.0011122596111082436,7.318086987639509,0.004085560608461336,-0.0010818322892301466,-0.019490740740740746,3.459953703703704,0.11337962962962964,0.00796608687445809
1992-08-18,1992-11-18,0.007269012402351181,0.002309395094071682,0.0011122596111082436,7.318086987639509,0.004085560608461336,-0.0010818322892301466,-0.019490740740740746,3.459953703703704,0.11337962962962964,0.00783885377913326
1992-08-24,1992-11-24,0.007269012402351181,0.003387944752322925,0.0010688720260474806,7.137626099428385,0.00427061979634201,-0.0015405352919984155,-0.04310752257852807,5.4032981911233975,0.2684449565931302,0.007986248378541092
1992-09-06,1992-12-06,0.007269012402351181,0.002309395094071682,0.0011122596111082436,7.318086987639509,0.004085560608461336,-0.0010818322892301466,-0.019490740740740746,3.459953703703704,0.11337962962962964,0.007884766122335539
1992-09-12,1992-12-12,0.007269012402351181,0.002309395094071682,0.0011122596111082436,7.318086987639509,0.004085560608461336,-0.0010818322892301466,-0.019490740740740746,3.459953703703704,0.11337962962962964,0.007801923924614251
1992-09-18,1992-12-18,0.007269012402351181,0.002309395094071682,0.0011122596111082436,7.318086987639509,0.004085560608461336,-0.0010818322892301466,-0.019490740740740746,3.459953703703704,0.11337962962962964,0.008567705427438411
1992-09-24,1992-12-24,0.00719466318983817,0.0032189698716868663,0.0009768413768613407,7.132764475257635,0.004191540176706719,-0.0017076511100650705,-0.05419518264110061,5.469953881273453,0.25909200370026525,0.008385197977375405
1992-10-06,1993-01-06,0.007269012402351181,0.002309395094071682,0.0011122596111082436,7.318086987639509,0.004085560608461336,-0.0010818322892301466,-0.019490740740740746,3.459953703703704,0.11337962962962964,0.008355354550605529
1992-10-12,1993-01-12,0.007269012402351181,0.002309395094071682,0.0011122596111082436,7.318086987639509,0.004085560608461336,-0.0010818322892301466,-0.019490740740740746,3.459953703703704,0.11337962962962964,0.008751834777223603
1992-10-18,1993-01-18,0.007269012402351181,0.002309395094071682,0.0011122596111082436,7.318086987639509,0.004085560608461336,-0.0010818322892301466,-0.019490740740740746,3.459953703703704,0.11337962962962964,0.008632285742566113
1992-10-24,1993-01-24,0.007269012402351181,0.004009971914837302,0.00129679772112935,7.1594316706194965,0.004689640399089289,-0.0018070802525671104,-0.011267089422333215,5.731643109649383,0.31198863030405954,0.00824780216219137
1992-11-06,1993-02-06,0.007269012402351181,0.002309395094071682,0.0011122596111082436,7.318086987639509,0.004085560608461336,-0.0010818322892301466,-0.019490740740740746,3.459953703703704,0.11337962962962964,0.008183752027209239
1992-11-12,1993-02-12,0.007269012402351181,0.002309395094071682,0.0011122596111082436,7.318086987639509,0.004085560608461336,-0.0010818322892301466,-0.019490740740740746,3.459953703703704,0.11337962962962964,0.008155334855825785
1992-11-18,1993-02-18,0.007269012402351181,0.002309395094071682,0.0011122596111082436,7.318086987639509,0.004085560608461336,-0.0010818322892301466,-0.019490740740740746,3.459953703703704,0.11337962962962964,0.007987234132421124
1992-11-24,1993-02-24,0.007269012402351181,0.004849223108432681,0.0016690334436776058,7.155690918055239,0.005108622304402915,-0.0016329360044061037,0.028794615090656298,5.788976521652651,0.3695568872848505,0.0080156223305694
1992-12-06,1993-03-06,0.007269012402351181,0.002309395094071682,0.0011122596111082436,7.318086987639509,0.004085560608461336,-0.0010818322892301466,-0.019490740740740746,3.459953703703704,0.11337962962962964,0.00767504744939366
1992-12-12,1993-03-12,0.007269012402351181,0.002309395094071682,0.0011122596111082436,7.318086987639509,0.004085560608461336,-0.0010818322892301466,-0.019490740740740746,3.459953703703704,0.11337962962962964,0.007731897218565634
1992-12-18,1993-03-18,0.007269012402351181,0.002309395094071682,0.0011122596111082436,7.318086987639509,0.004085560608461336,-0.0010818322892301466,-0.019490740740740746,3.459953703703704,0.11337962962962964,0.007953288573351584
1992-12-24,1993-03-24,0.010387332378492844,0.005631573311722147,0.002037315975679002,7.157031230719178,0.00550587636336769,-0.0014260088827598087,0.06867122074190488,5.759970637915627,0.42028345592287597,0.007814713687206232
1993-01-06,1993-04-06,0.007269012402351181,0.002309395094071682,0.0011122596111082436,7.318086987639509,0.004085560608461336,-0.0010818322892301466,-0.019490740740740746,3.459953703703704,0.11337962962962964,0.007772924049500257
1993-01-12,1993-04-12,0.007269012402351181,0.002309395094071682,0.0011122596111082436,7.318086987639509,0.004085560608461336,-0.0010818322892301466,-0.019490740740740746,3.459953703703704,0.11337962962962964,0.0077849167527243735
1993-01-18,1993-04-18,0.007269012402351181,0.002309395094071682,0.0011122596111082436,7.318086987639509,0.004085560608461336,-0.0010818322892301466,-0.019490740740740746,3.459953703703704,0.11337962962962964,0.007808627225040573
1993-01-24,1993-04-24,0.007269012402351181,0.0057320860842735005,0.0021388061716078608,7.155763915126759,0.0055310489432286725,-0.0012045658956560878,0.07701739180478889,5.5126737817076545,0.42142593692238106,0.007762151418890813
1993-02-06,1993-05-06,0.007269012402351181,0.002309395094071682,0.0011122596111082436,7.318086987639509,0.004085560608461336,-0.0010818322892301466,-0.019490740740740746,3.459953703703704,0.11337962962962964,0.00774913796699348
1993-02-12,1993-05-12,0.007269012402351181,0.002309395094071682,0.0011122596111082436,7.318086987639509,0.004085560608461336,-0.0010818322892301466,-0.019490740740740746,3.459953703703704,0.11337962962962964,0.00796644296410819
1993-02-18,1993-05-18,0.007269012402351181,0.002309395094071682,0.0011122596111082436,7.318086987639509,0.004085560608461336,-0.0010818322892301466,-0.019490740740740746,3.459953703703704,0.11337962962962964,0.008381202738038107
1993-02-24,1993-05-24,0.007269012402351181,0.005256635326580361,0.0019853479238221214,7.147407699914677,0.005283214324841965,-0.0013412878351133435,0.05401361631868604,5.245547301619348,0.3834054776631779,0.008864034177510187
1993-03-06,1993-06-06,0.007269012402351181,0.002309395094071682,0.0011122596111082436,7.318086987639509,0.004085560608461336,-0.0010818322892301466,-0.019490740740740746,3.459953703703704,0.11337962962962964,0.008622908041309819
1993-03-12,1993-06-12,0.007269012402351181,0.002309395094071682,0.0011122596111082436,7.318086987639509,0.004085560608461336,-0.0010818322892301466,-0.019490740740740746,3.459953703703704,0.11337962962962964,0.00891085832538428
1993-03-18,1993-06-18,0.007269012402351181,0.002309395094071682,0.0011122596111082436,7.318086987639509,0.004085560608461336,-0.0010818322892301466,-0.019490740740740746,3.459953703703704,0.11337962962962964,0.008590756294253972
1993-03-24,1993-06-24,0.007852390881277078,0.003931411826708225,0.0013580524432384548,7.084809752544482,0.004394338384203196,-0.0011541827702785602,-0.026861425634307535,5.132554747484063,0.30778641526471806,0.008242434034358549
1993-04-06,1993-07-06,0.007269012402351181,0.002309395094071682,0.0011122596111082436,7.318086987639509,0.004085560608461336,-0.0010818322892301466,-0.019490740740740746,3.459953703703704,0.11337962962962964,0.008360308408918772
1993-04-12,1993-07-12,0.007269012402351181,0.002309395094071682,0.0011122596111082436,7.318086987639509,0.004085560608461336,-0.0010818322892301466,-0.019490740740740746,3.459953703703704,0.11337962962962964,0.008713084661335312
1993-04-18,1993-07-18,0.007269012402351181,0.002309395094071682,0.0011122596111082436,7.318086987639509,0.004085560608461336,-0.0010818322892301466,-0.019490740740740746,3.459953703703704,0.11337962962962964,0.008381916561935232
1993-04-24,1993-07-24,0.007269012402351181,0.00440624022391623,0.0016048733612988243,7.1428402810651805,0.004802359737307482,-0.0012705999254551438,0.01238403030677454,5.149602820627291,0.3274550054584172,0.008328739159662068
1993-05-06,1993-08-06,0.007269012402351181,0.002309395094071682,0.0011122596111082436,7.318086987639509,0.004085560608461336,-0.0010818322892301466,-0.019490740740740746,3.459953703703704,0.11337962962962964,0.008315095295001523
1993-05-12,1993-08-12,0.007269012402351181,0.002309395094071682,0.0011122596111082436,7.318086987639509,0.004085560608461336,-0.0010818322892301466,-0.019490740740740746,3.459953703703704,0.11337962962962964,0.007874236477214002
1993-05-18,1993-08-18,0.007269012402351181,0.002309395094071682,0.0011122596111082436,7.318086987639509,0.004085560608461336,-0.0010818322892301466,-0.019490740740740746,3.459953703703704,0.11337962962962964,0.008362168777739805
1993-05-24,1993-08-24,0.007269012402351181,0.004464145473906521,0.0016434645202345812,7.167459455827753,0.004904975396386154,-0.0013690356486655314,0.02179061975310989,5.15857840639226,0.3262521133702291,0.008453989865034478
1993-06-06,1993-09-06,0.007269012402351181,0.002309395094071682,0.0011122596111082436,7.318086987639509,0.004085560608461336,-0.0010818322892301466,-0.019490740740740746,3.459953703703704,0.11337962962962964,0.008352452110459437
1993-06-12,1993-09-12,0.007269012402351181,0.002309395094071682,0.0011122596111082436,7.318086987639509,0.004085560608461336,-0.0010818322892301466,-0.019490740740740746,3.459953703703704,0.11337962962962964,0.008153835252233187
1993-06-18,1993-09-18,0.007269012402351181,0.002309395094071682,0.0011122596111082436,7.318086987639509,0.004085560608461336,-0.0010818322892301466,-0.019490740740740746,3.459953703703704,0.11337962962962964,0.008002414933369218
1993-06-24,1993-09-24,0.008924801546441801,0.004331098822682858,0.0016279609612599132,7.1812744018217405,0.004845941280950492,-0.0012143808068457332,0.022006105050781002,4.972221766401298,0.3110085502057545,0.008150184106050489
1993-07-06,1993-10-06,0.007269012402351181,0.002309395094071682,0.0011122596111082436,7.318086987639509,0.004085560608461336,-0.0010818322892301466,-0.019490740740740746,3.459953703703704,0.11337962962962964,0.008094077900578972
1993-07-12,1993-10-12,0.007269012402351181,0.002309395094071682,0.0011122596111082436,7.318086987639509,0.004085560608461336,-0.0010818322892301466,-0.019490740740740746,3.459953703703704,0.11337962962962964,0.008297280488278205
1993-07-18,1993-10-18,0.007269012402351181,0.002309395094071682,0.0011122596111082436,7.318086987639509,0.004085560608461336,-0.0010818322892301466,-0.019490740740740746,3.459953703703704,0.11337962962962964,0.008121257438023747
1993-07-24,1993-10-24,0.007269012402351181,0.004494842465888885,0.0017367150628691368,7.17915407747239,0.004901391500346338,-0.0009968277946926039,0.03214971777999547,4.812111808270073,0.31890808776150725,0.007906168692783691
1993-08-06,1993-11-06,0.007269012402351181,0.002309395094071682,0.0011122596111082436,7.318086987639509,0.004085560608461336,-0.0010818322892301466,-0.019490740740740746,3.459953703703704,0.11337962962962964,0.00790918480105607
1993-08-12,1993-11-12,0.007269012402351181,0.002309395094071682,0.0011122596111082436,7.318086987639509,0.004085560608461336,-0.0010818322892301466,-0.019490740740740746,3.459953703703704,0.11337962962962964,0.0076556601209817375
1993-08-18,1993-11-18,0.007269012402351181,0.002309395094071682,0.0011122596111082436,7.318086987639509,0.004085560608461336,-0.0010818322892301466,-0.019490740740740746,3.459953703703704,0.11337962962962964,0.007647493737301634
1993-08-24,1993-11-24,0.007269012402351181,0.003935007041722784,0.0015402412980655283,7.190805778769661,0.004609327816417804,-0.0008515896199862827,0.011730283736189354,4.545695040748031,0.27424874707896923,0.007605304594992506
1993-09-06,1993-12-06,0.007269012402351181,0.002309395094071682,0.0011122596111082436,7.318086987639509,0.004085560608461336,-0.0010818322892301466,-0.019490740740740746,3.459953703703704,0.11337962962962964,0.00760557145634485
1993-09-12,1993-12-12,0.007269012402351181,0.002309395094071682,0.0011122596111082436,7.318086987639509,0.004085560608461336,-0.0010818322892301466,-0.019490740740740746,3.459953703703704,0.11337962962962964,0.007667918157880564
1993-09-18,1993-12-18,0.007269012402351181,0.002309395094071682,0.0011122596111082436,7.318086987639509,0.004085560608461336,-0.0010818322892301466,-0.019490740740740746,3.459953703703704,0.11337962962962964,0.00786105124839751
1993-09-24,1993-12-24,0.008324810649805527,0.0037128126305952707,0.0015239078710005838,7.208479494119999,0.004528868512001779,-0.0007854325164346929,0.010049151830718302,4.2181421046921175,0.24769683379010188,0.007967994020430526
1993-10-06,1994-01-06,0.007269012402351181,0.002309395094071682,0.0011122596111082436,7.318086987639509,0.004085560608461336,-0.0010818322892301466,-0.019490740740740746,3.459953703703704,0.11337962962962964,0.007851775789209803
1993-10-12,1994-01-12,0.007269012402351181,0.002309395094071682,0.0011122596111082436,7.318086987639509,0.004085560608461336,-0.0010818322892301466,-0.019490740740740746,3.459953703703704,0.11337962962962964,0.007620320983989481
1993-10-18,1994-01-18,0.007269012402351181,0.002309395094071682,0.0011122596111082436,7.318086987639509,0.004085560608461336,-0.0010818322892301466,-0.019490740740740746,3.459953703703704,0.11337962962962964,0.007864837739832237
1993-10-24,1994-01-24,0.007269012402351181,0.00413491874694414,0.001724188164436142,7.231966671276943,0.004803048594858613,-0.0007328975846896864,0.037390951243067586,4.240634889835372,0.27166794733170885,0.007722525424478049
1993-11-06,1994-02-06,0.007269012402351181,0.002309395094071682,0.0011122596111082436,7.318086987639509,0.004085560608461336,-0.0010818322892301466,-0.019490740740740746,3.459953703703704,0.11337962962962964,0.00770936016276078
1993-11-12,1994-02-12,0.007269012402351181,0.002309395094071682,0.0011122596111082436,7.318086987639509,0.004085560608461336,-0.0010818322892301466,-0.019490740740740746,3.459953703703704,0.11337962962962964,0.008293369025580482
1993-11-18,1994-02-18,0.007269012402351181,0.002309395094071682,0.0011122596111082436,7.318086987639509,0.004085560608461336,-0.0010818322892301466,-0.019490740740740746,3.459953703703704,0.11337962962962964,0.007983357786799743
1993-11-24,1994-02-24,0.007269012402351181,0.0047650514342033705,0.0019647553042533043,7.243330608724612,0.005189812206769805,-0.0009033673266665503,0.06778122711638404,4.503656675495745,0.3164347345343641,0.00792267800897259
1993-12-06,1994-03-06,0.007269012402351181,0.002309395094071682,0.0011122596111082436,7.318086987639509,0.004085560608461336,-0.0010818322892301466,-0.019490740740740746,3.459953703703704,0.11337962962962964,0.0076699917284041436
1993-12-12,1994-03-12,0.007269012402351181,0.002309395094071682,0.0011122596111082436,7.318086987639509,0.004085560608461336,-0.0010818322892301466,-0.019490740740740746,3.459953703703704,0.11337962962962964,0.007550538195491165
1993-12-18,1994-03-18,0.007269012402351181,0.002309395094071682,0.0011122596111082436,7.318086987639509,0.004085560608461336,-0.0010818322892301466,-0.019490740740740746,3.459953703703704,0.11337962962962964,0.007669589080502473
1993-12-24,1994-03-24,0.010926067255449057,0.005343350629301966,0.0022558705575862134,7.304515628095572,0.00563992146523175,-0.0008827495246568307,0.11348684703058043,4.521956170325283,0.34332991870133056,0.007499594850455393
1994-01-06,1994-04-06,0.007269012402351181,0.002309395094071682,0.0011122596111082436,7.318086987639509,0.004085560608461336,-0.0010818322892301466,-0.019490740740740746,3.459953703703704,0.11337962962962964,0.0075976158731178006
1994-01-12,1994-04-12,0.007269012402351181,0.002309395094071682,0.0011122596111082436,7.318086987639509,0.004085560608461336,-0.0010818322892301466,-0.019490740740740746,3.459953703703704,0.11337962962962964,0.007716791084907908
1994-01-18,1994-04-18,0.007269012402351181,0.002309395094071682,0.0011122596111082436,7.318086987639509,0.004085560608461336,-0.0010818322892301466,-0.019490740740740746,3.459953703703704,0.11337962962962964,0.007760125642613089
1994-01-24,1994-04-24,0.007269012402351181,0.004972957569465663,0.0020641059711435285,7.23288539853544,0.005256219060152884,-0.0007471146113225455,0.07611788802256336,4.457951276812732,0.3315353917552055,0.0077040685340340875
1994-02-06,1994-05-06,0.007269012402351181,0.002309395094071682,0.0011122596111082436,7.318086987639509,0.004085560608461336,-0.0010818322892301466,-0.019490740740740746,3.459953703703704,0.11337962962962964,0.007813685309560817
1994-02-12,1994-05-12,0.007269012402351181,0.002309395094071682,0.0011122596111082436,7.318086987639509,0.004085560608461336,-0.0010818322892301466,-0.019490740740740746,3.459953703703704,0.11337962962962964,0.00863706278108862
1994-02-18,1994-05-18,0.007269012402351181,0.002309395094071682,0.0011122596111082436,7.318086987639509,0.004085560608461336,-0.0010818322892301466,-0.019490740740740746,3.459953703703704,0.11337962962962964,0.00846188447490406
1994-02-24,1994-05-24,0.007269012402351181,0.004857686073924781,0.002031467043673999,7.232617889219714,0.005211854516426086,-0.000854764764881705,0.07081758516508449,4.389465360118362,0.32128590184689443,0.00825732980845822
1994-03-06,1994-06-06,0.007269012402351181,0.002309395094071682,0.0011122596111082436,7.318086987639509,0.004085560608461336,-0.0010818322892301466,-0.019490740740740746,3.459953703703704,0.11337962962962964,0.008379907316856477
1994-03-12,1994-06-12,0.007269012402351181,0.002309395094071682,0.0011122596111082436,7.318086987639509,0.004085560608461336,-0.0010818322892301466,-0.019490740740740746,3.459953703703704,0.11337962962962964,0.008015482810355787
1994-03-18,1994-06-18,0.007269012402351181,0.002309395094071682,0.0011122596111082436,7.318086987639509,0.004085560608461336,-0.0010818322892301466,-0.019490740740740746,3.459953703703704,0.11337962962962964,0.007881210817177093
1994-03-24,1994-06-24,0.011973306849166145,0.006090123120562703,0.0026204743368670146,7.310044081970061,0.006072251114420567,-0.000964040774023662,0.15177526894350743,4.492427266324309,0.3886620745770162,0.008368723597742808
1994-04-06,1994-07-06,0.007269012402351181,0.002309395094071682,0.0011122596111082436,7.318086987639509,0.004085560608461336,-0.0010818322892301466,-0.019490740740740746,3.459953703703704,0.11337962962962964,0.009042853321886398
1994-04-12,1994-07-12,0.007269012402351181,0.002309395094071682,0.0011122596111082436,7.318086987639509,0.004085560608461336,-0.0010818322892301466,-0.019490740740740746,3.459953703703704,0.11337962962962964,0.009474253277427012
1994-04-18,1994-07-18,0.007269012402351181,0.002309395094071682,0.0011122596111082436,7.318086987639509,0.004085560608461336,-0.0010818322892301466,-0.019490740740740746,3.459953703703704,0.11337962962962964,0.008819936515022952
1994-04-24,1994-07-24,0.007269012402351181,0.006686722718610443,0.0028740377560079046,7.316741923571684,0.006428956282611517,-0.001101373240062234,0.18080684789560744,4.630735589687378,0.42868198146598235,0.008839811355725057
1994-05-06,1994-08-06,0.007269012402351181,0.002309395094071682,0.0011122596111082436,7.318086987639509,0.004085560608461336,-0.0010818322892301466,-0.019490740740740746,3.459953703703704,0.11337962962962964,0.008467778989049775
1994-05-12,1994-08-12,0.007269012402351181,0.002309395094071682,0.0011122596111082436,7.318086987639509,0.004085560608461336,-0.0010818322892301466,-0.019490740740740746,3.459953703703704,0.11337962962962964,0.008583278522272562
1994-05-18,1994-08-18,0.007269012402351181,0.002309395094071682,0.0011122596111082436,7.318086987639509,0.004085560608461336,-0.0010818322892301466,-0.019490740740740746,3.459953703703704,0.11337962962962964,0.008612069370138175
1994-05-24,1994-08-24,0.007269012402351181,0.007077960168182202,0.003143856133502235,7.335438753778995,0.0066264153777808865,-0.0006529726001523407,0.21146357738896765,4.25698403344207,0.4430109274179129,0.00824479404769591
1994-06-06,1994-09-06,0.007269012402351181,0.002309395094071682,0.0011122596111082436,7.318086987639509,0.004085560608461336,-0.0010818322892301466,-0.019490740740740746,3.459953703703704,0.11337962962962964,0.007922249896279609
1994-06-12,1994-09-12,0.007269012402351181,0.002309395094071682,0.0011122596111082436,7.318086987639509,0.004085560608461336,-0.0010818322892301466,-0.019490740740740746,3.459953703703704,0.11337962962962964,0.007724187173136814
1994-06-18,1994-09-18,0.007269012402351181,0.002309395094071682,0.0011122596111082436,7.318086987639509,0.004085560608461336,-0.0010818322892301466,-0.019490740740740746,3.459953703703704,0.11337962962962964,0.007894140492184098
1994-06-24,1994-09-24,0.01258932989508162,0.006603061692853816,0.0029477846146168316,7.29515632591627,0.006268557484111221,-0.0005653054833615905,0.1791785309773314,4.073519491184671,0.415014005313348,0.008569356815522611
1994-07-06,1994-10-06,0.007269012402351181,0.002309395094071682,0.0011122596111082436,7.318086987639509,0.004085560608461336,-0.0010818322892301466,-0.019490740740740746,3.459953703703704,0.11337962962962964,0.008506017400352315
1994-07-12,1994-10-12,0.007269012402351181,0.002309395094071682,0.0011122596111082436,7.318086987639509,0.004085560608461336,-0.0010818322892301466,-0.019490740740740746,3.459953703703704,0.11337962962962964,0.00806996250615071
1994-07-18,1994-10-18,0.007269012402351181,0.002309395094071682,0.0011122596111082436,7.318086987639509,0.004085560608461336,-0.0010818322892301466,-0.019490740740740746,3.459953703703704,0.11337962962962964,0.008017352417233996
1994-07-24,1994-10-24,0.007269012402351181,0.006597633337864747,0.0028943683110819116,7.290878786385256,0.006233279867614234,-0.0004560730028393162,0.1759792942456325,4.248811903521089,0.421516611198799,0.007657551831730038
1994-08-06,1994-11-06,0.007269012402351181,0.002309395094071682,0.0011122596111082436,7.318086987639509,0.004085560608461336,-0.0010818322892301466,-0.019490740740740746,3.459953703703704,0.11337962962962964,0.007866829886774144
1994-08-12,1994-11-12,0.007269012402351181,0.002309395094071682,0.0011122596111082436,7.318086987639509,0.004085560608461336,-0.0010818322892301466,-0.019490740740740746,3.459953703703704,0.11337962962962964,0.007751387114099954
1994-08-18,1994-11-18,0.007269012402351181,0.002309395094071682,0.0011122596111082436,7.318086987639509,0.004085560608461336,-0.0010818322892301466,-0.019490740740740746,3.459953703703704,0.11337962962962964,0.007824861320696087
1994-08-24,1994-11-24,0.007269012402351181,0.006283510409368195,0.00281132781337648,7.291358856816463,0.006063243242911458,-0.0004008536831270164,0.16403868873119598,3.9877327038072985,0.3940112898255387,0.00799469268084662
1994-09-06,1994-12-06,0.007269012402351181,0.002309395094071682,0.0011122596111082436,7.318086987639509,0.004085560608461336,-0.0010818322892301466,-0.019490740740740746,3.459953703703704,0.11337962962962964,0.008012644585086333
1994-09-12,1994-12-12,0.007269012402351181,0.002309395094071682,0.0011122596111082436,7.318086987639509,0.004085560608461336,-0.0010818322892301466,-0.019490740740740746,3.459953703703704,0.11337962962962964,0.007913422417650471
1994-09-18,1994-12-18,0.007269012402351181,0.002309395094071682,0.0011122596111082436,7.318086987639509,0.004085560608461336,-0.0010818322892301466,-0.019490740740740746,3.459953703703704,0.11337962962962964,0.008370340019640923
1994-09-24,1994-12-24,0.01182565164218764,0.005994447611372142,0.002685988904112522,7.298984919082924,0.005952065057137876,-0.0005844971361917366,0.15139123890219983,3.985497275342533,0.37256568523652633,0.008440156133280549
1994-10-06,1995-01-06,0.007269012402351181,0.002309395094071682,0.0011122596111082436,7.318086987639509,0.004085560608461336,-0.0010818322892301466,-0.019490740740740746,3.459953703703704,0.11337962962962964,0.008279147325974713
1994-10-12,1995-01-12,0.007269012402351181,0.002309395094071682,0.0011122596111082436,7.318086987639509,0.004085560608461336,-0.0010818322892301466,-0.019490740740740746,3.459953703703704,0.11337962962962964,0.008662629836024071
1994-10-18,1995-01-18,0.007269012402351181,0.002309395094071682,0.0011122596111082436,7.318086987639509,0.004085560608461336,-0.0010818322892301466,-0.019490740740740746,3.459953703703704,0.11337962962962964,0.008399819460042464
1994-10-24,1995-01-24,0.007269012402351181,0.00633982781176904,0.002805379669094138,7.290837329816361,0.006122369468922272,-0.0006242697605055788,0.16391924189524232,4.147864178496681,0.40063590485654554,0.008445362950405984
1994-11-06,1995-02-06,0.007269012402351181,0.002309395094071682,0.0011122596111082436,7.318086987639509,0.004085560608461336,-0.0010818322892301466,-0.019490740740740746,3.459953703703704,0.11337962962962964,0.008742967572493187
1994-11-12,1995-02-12,0.007269012402351181,0.002309395094071682,0.0011122596111082436,7.318086987639509,0.004085560608461336,-0.0010818322892301466,-0.019490740740740746,3.459953703703704,0.11337962962962964,0.0085150870853224
1994-11-18,1995-02-18,0.007269012402351181,0.002309395094071682,0.0011122596111082436,7.318086987639509,0.004085560608461336,-0.0010818322892301466,-0.019490740740740746,3.459953703703704,0.11337962962962964,0.008236922162357512
1994-11-24,1995-02-24,0.007269012402351181,0.006887245616652118,0.003182719846163808,7.313874302689906,0.006440219665900618,-0.00031880891693114566,0.2042136341838651,3.670010730038581,0.41994714403735867,0.00878730735765801
1994-12-06,1995-03-06,0.007269012402351181,0.002309395094071682,0.0011122596111082436,7.318086987639509,0.004085560608461336,-0.0010818322892301466,-0.019490740740740746,3.459953703703704,0.11337962962962964,0.00836323983106257
1994-12-12,1995-03-12,0.007269012402351181,0.002309395094071682,0.0011122596111082436,7.318086987639509,0.004085560608461336,-0.0010818322892301466,-0.019490740740740746,3.459953703703704,0.11337962962962964,0.008549390743307366
1994-12-18,1995-03-18,0.007269012402351181,0.002309395094071682,0.0011122596111082436,7.318086987639509,0.004085560608461336,-0.0010818322892301466,-0.019490740740740746,3.459953703703704,0.11337962962962964,0.008415703829524291
1994-12-24,1995-03-24,0.013013587073329946,0.006941205311284808,0.003267210134595434,7.288869781639091,0.006344026985172476,0.00019275197636090782,0.20575500501055807,3.322370259985874,0.4217199585283855,0.008122038426952551
1995-01-06,1995-04-06,0.007269012402351181,0.002309395094071682,0.0011122596111082436,7.318086987639509,0.004085560608461336,-0.0010818322892301466,-0.019490740740740746,3.459953703703704,0.11337962962962964,0.007832076955307781
1995-01-12,1995-04-12,0.007269012402351181,0.002309395094071682,0.0011122596111082436,7.318086987639509,0.004085560608461336,-0.0010818322892301466,-0.019490740740740746,3.459953703703704,0.11337962962962964,0.007559558077527811
1995-01-18,1995-04-18,0.007269012402351181,0.002309395094071682,0.0011122596111082436,7.318086987639509,0.004085560608461336,-0.0010818322892301466,-0.019490740740740746,3.459953703703704,0.11337962962962964,0.00783618622243042
1995-01-24,1995-04-24,0.007269012402351181,0.006702125585606362,0.0031504437599261855,7.260707696657498,0.006117265304990111,0.0004145416964117395,0.18752016326288568,3.2611594069443006,0.4114014335919829,0.0075782362818059635
1995-02-06,1995-05-06,0.007269012402351181,0.002309395094071682,0.0011122596111082436,7.318086987639509,0.004085560608461336,-0.0010818322892301466,-0.019490740740740746,3.459953703703704,0.11337962962962964,0.007673975684764052
1995-02-12,1995-05-12,0.007269012402351181,0.002309395094071682,0.0011122596111082436,7.318086987639509,0.004085560608461336,-0.0010818322892301466,-0.019490740740740746,3.459953703703704,0.11337962962962964,0.007925080749477589
1995-02-18,1995-05-18,0.007269012402351181,0.002309395094071682,0.0011122596111082436,7.318086987639509,0.004085560608461336,-0.0010818322892301466,-0.019490740740740746,3.459953703703704,0.11337962962962964,0.007656497076974302
1995-02-24,1995-05-24,0.007269012402351181,0.005436899147965693,0.0026537557911976897,7.216194834967687,0.005301563195940917,0.0006843986556213278,0.11967323898466095,2.7638386795483423,0.32569271228308927,0.007615821630332108
1995-03-06,1995-06-06,0.007269012402351181,0.002309395094071682,0.0011122596111082436,7.318086987639509,0.004085560608461336,-0.0010818322892301466,-0.019490740740740746,3.459953703703704,0.11337962962962964,0.007931031081619147
1995-03-12,1995-06-12,0.007269012402351181,0.002309395094071682,0.0011122596111082436,7.318086987639509,0.004085560608461336,-0.0010818322892301466,-0.019490740740740746,3.459953703703704,0.11337962962962964,0.007874496396750629
1995-03-18,1995-06-18,0.007269012402351181,0.002309395094071682,0.0011122596111082436,7.318086987639509,0.004085560608461336,-0.0010818322892301466,-0.019490740740740746,3.459953703703704,0.11337962962962964,0.008013011871525755
1995-03-24,1995-06-24,0.00880110846136425,0.004217963465392259,0.002081147427975605,7.161762522240999,0.004522536206651934,0.000650909867764684,0.045206929138943565,2.679114004399951,0.2544695023048286,0.007764754594247041
1995-04-06,1995-07-06,0.007269012402351181,0.002309395094071682,0.0011122596111082436,7.318086987639509,0.004085560608461336,-0.0010818322892301466,-0.019490740740740746,3.459953703703704,0.11337962962962964,0.007800653583265674
1995-04-12,1995-07-12,0.007269012402351181,0.002309395094071682,0.0011122596111082436,7.318086987639509,0.004085560608461336,-0.0010818322892301466,-0.019490740740740746,3.459953703703704,0.11337962962962964,0.007630264932073033
1995-04-18,1995-07-18,0.007269012402351181,0.002309395094071682,0.0011122596111082436,7.318086987639509,0.004085560608461336,-0.0010818322892301466,-0.019490740740740746,3.459953703703704,0.11337962962962964,0.00757100120699054
1995-04-24,1995-07-24,0.007269012402351181,0.003291021657509425,0.0016637763724796795,7.1480143491306185,0.003990242551948015,0.000650252784335461,-0.0030590753051740784,2.5831644142014833,0.19466243877500458,0.007561990717519982
1995-05-06,1995-08-06,0.007269012402351181,0.002309395094071682,0.0011122596111082436,7.318086987639509,0.004085560608461336,-0.0010818322892301466,-0.019490740740740746,3.459953703703704,0.11337962962962964,0.007688328581019846
1995-05-12,1995-08-12,0.007269012402351181,0.002309395094071682,0.0011122596111082436,7.318086987639509,0.004085560608461336,-0.0010818322892301466,-0.019490740740740746,3.459953703703704,0.11337962962962964,0.007712737534431589
1995-05-18,1995-08-18,0.007269012402351181,0.002309395094071682,0.0011122596111082436,7.318086987639509,0.004085560608461336,-0.0010818322892301466,-0.019490740740740746,3.459953703703704,0.11337962962962964,0.007892901470823365
1995-05-24,1995-08-24,0.007269012402351181,0.002083399361075664,0.0011764867703584966,7.153079141345909,0.0033814986581610436,0.00047363589876126726,-0.058117087654370424,2.3001311777742472,0.10654029927833135,0.008206443726822906
1995-06-06,1995-09-06,0.007269012402351181,0.002309395094071682,0.0011122596111082436,7.318086987639509,0.004085560608461336,-0.0010818322892301466,-0.019490740740740746,3.459953703703704,0.11337962962962964,0.008574961445574195
1995-06-12,1995-09-12,0.007269012402351181,0.002309395094071682,0.0011122596111082436,7.318086987639509,0.004085560608461336,-0.0010818322892301466,-0.019490740740740746,3.459953703703704,0.11337962962962964,0.008328093224865827
1995-06-18,1995-09-18,0.007269012402351181,0.002309395094071682,0.0011122596111082436,7.318086987639509,0.004085560608461336,-0.0010818322892301466,-0.019490740740740746,3.459953703703704,0.11337962962962964,0.00831204760273269
1995-06-24,1995-09-24,0.005428020344343316,0.0016163867512740935,0.001013631090583509,7.143456384855278,0.0031016140503041315,0.0005501316357434984,-0.08050825953368013,2.050671973514556,0.07155148323718685,0.00843191167831842
1995-07-06,1995-10-06,0.007269012402351181,0.002309395094071682,0.0011122596111082436,7.318086987639509,0.004085560608461336,-0.0010818322892301466,-0.019490740740740746,3.459953703703704,0.11337962962962964,0.0082407988262776
1995-07-12,1995-10-12,0.007269012402351181,0.002309395094071682,0.0011122596111082436,7.318086987639509,0.004085560608461336,-0.0010818322892301466,-0.019490740740740746,3.459953703703704,0.11337962962962964,0.008194460192681476
1995-07-18,1995-10-18,0.007269012402351181,0.002309395094071682,0.0011122596111082436,7.318086987639509,0.004085560608461336,-0.0010818322892301466,-0.019490740740740746,3.459953703703704,0.11337962962962964,0.008339618835728532
1995-07-24,1995-10-24,0.007269012402351181,0.0010997959687187094,0.0007377378502230103,7.211631651703752,0.0030360608194825826,0.00010252413240222948,-0.09164100148511742,2.3521130510460746,0.031612414480348336,0.00817176294699184
1995-08-06,1995-11-06,0.007269012402351181,0.002309395094071682,0.0011122596111082436,7.318086987639509,0.004085560608461336,-0.0010818322892301466,-0.019490740740740746,3.459953703703704,0.11337962962962964,0.008121572843872812
1995-08-12,1995-11-12,0.007269012402351181,0.002309395094071682,0.0011122596111082436,7.318086987639509,0.004085560608461336,-0.0010818322892301466,-0.019490740740740746,3.459953703703704,0.11337962962962964,0.0077619531553493526
1995-08-18,1995-11-18,0.007269012402351181,0.002309395094071682,0.0011122596111082436,7.318086987639509,0.004085560608461336,-0.0010818322892301466,-0.019490740740740746,3.459953703703704,0.11337962962962964,0.007749952664181654
1995-08-24,1995-11-24,0.007269012402351181,0.0017762855915244519,0.001012543724670187,7.221987925713696,0.00341125174015723,0.00017129706724257994,-0.05735576081116204,2.52855339169913,0.07891613873249992,0.007727712749912179
1995-09-06,1995-12-06,0.007269012402351181,0.002309395094071682,0.0011122596111082436,7.318086987639509,0.004085560608461336,-0.0010818322892301466,-0.019490740740740746,3.459953703703704,0.11337962962962964,0.007474091316064132
1995-09-12,1995-12-12,0.007269012402351181,0.002309395094071682,0.0011122596111082436,7.318086987639509,0.004085560608461336,-0.0010818322892301466,-0.019490740740740746,3.459953703703704,0.11337962962962964,0.007633097864352767
1995-09-18,1995-12-18,0.007269012402351181,0.002309395094071682,0.0011122596111082436,7.318086987639509,0.004085560608461336,-0.0010818322892301466,-0.019490740740740746,3.459953703703704,0.11337962962962964,0.007641448792385736
1995-09-24,1995-12-24,0.005836570920937988,0.0016754517774652082,0.0010263750397517947,7.211626609177825,0.0033037047614953865,0.00041817107190589525,-0.06084332943451244,2.2353238883168034,0.06761800199905131,0.007673853820558538
1995-10-06,1996-01-06,0.007269012402351181,0.002309395094071682,0.0011122596111082436,7.318086987639509,0.004085560608461336,-0.0010818322892301466,-0.019490740740740746,3.459953703703704,0.11337962962962964,0.007665824886340367
1995-10-12,1996-01-12,0.007269012402351181,0.002309395094071682,0.0011122596111082436,7.318086987639509,0.004085560608461336,-0.0010818322892301466,-0.019490740740740746,3.459953703703704,0.11337962962962964,0.007643762703878301
1995-10-18,1996-01-18,0.007269012402351181,0.002309395094071682,0.0011122596111082436,7.318086987639509,0.004085560608461336,-0.0010818322892301466,-0.019490740740740746,3.459953703703704,0.11337962962962964,0.007695918489664178
1995-10-24,1996-01-24,0.007269012402351181,0.0012928410174013057,0.0008721906387186205,7.202944781400072,0.003083291467640279,0.00039300500808301633,-0.08085507415185669,2.1242108788241465,0.04114230075089098,0.00793639123582716
1995-11-06,1996-02-06,0.007269012402351181,0.002309395094071682,0.0011122596111082436,7.318086987639509,0.004085560608461336,-0.0010818322892301466,-0.019490740740740746,3.459953703703704,0.11337962962962964,0.008100436449426254
1995-11-12,1996-02-12,0.007269012402351181,0.002309395094071682,0.0011122596111082436,7.318086987639509,0.004085560608461336,-0.0010818322892301466,-0.019490740740740746,3.459953703703704,0.11337962962962964,0.008005443594701393
1995-11-18,1996-02-18,0.007269012402351181,0.002309395094071682,0.0011122596111082436,7.318086987639509,0.004085560608461336,-0.0010818322892301466,-0.019490740740740746,3.459953703703704,0.11337962962962964,0.008007647975965482
1995-11-24,1996-02-24,0.007269012402351181,0.0011264953452517924,0.0008330137328593328,7.233334867272942,0.0030673863879095028,0.00037997100202452573,-0.07914082532631811,2.020376530108386,0.021896016739207103,0.007839143090593819
1995-12-06,1996-03-06,0.007269012402351181,0.002309395094071682,0.0011122596111082436,7.318086987639509,0.004085560608461336,-0.0010818322892301466,-0.019490740740740746,3.459953703703704,0.11337962962962964,0.007932280432084235
1995-12-12,1996-03-12,0.007269012402351181,0.002309395094071682,0.0011122596111082436,7.318086987639509,0.004085560608461336,-0.0010818322892301466,-0.019490740740740746,3.459953703703704,0.11337962962962964,0.008054979498645403
1995-12-18,1996-03-18,0.007269012402351181,0.002309395094071682,0.0011122596111082436,7.318086987639509,0.004085560608461336,-0.0010818322892301466,-0.019490740740740746,3.459953703703704,0.11337962962962964,0.008314270729471312
1995-12-24,1996-03-24,0.005028544974889114,0.0009072652422753708,0.0007339903971959583,7.2328809219702235,0.002978036709304838,0.00017859562027656658,-0.09092282628759024,2.0339866143408436,0.006686440783295194,0.008447392751280501
1996-01-06,1996-04-06,0.007269012402351181,0.002309395094071682,0.0011122596111082436,7.318086987639509,0.004085560608461336,-0.0010818322892301466,-0.019490740740740746,3.459953703703704,0.11337962962962964,0.008036168041410044
1996-01-12,1996-04-12,0.007269012402351181,0.002309395094071682,0.0011122596111082436,7.318086987639509,0.004085560608461336,-0.0010818322892301466,-0.019490740740740746,3.459953703703704,0.11337962962962964,0.00868899295684207
1996-01-18,1996-04-18,0.007269012402351181,0.002309395094071682,0.0011122596111082436,7.318086987639509,0.004085560608461336,-0.0010818322892301466,-0.019490740740740746,3.459953703703704,0.11337962962962964,0.008840555960777192
1996-01-24,1996-04-24,0.007269012402351181,0.00013633348612332149,0.0003648893902598398,7.252452385474749,0.0026405176830085744,-7.929758886233615e-05,-0.1252269607589524,2.1273795251638896,-0.04553217319391692,0.008429430541457549
1996-02-06,1996-05-06,0.007269012402351181,0.002309395094071682,0.0011122596111082436,7.318086987639509,0.004085560608461336,-0.0010818322892301466,-0.019490740740740746,3.459953703703704,0.11337962962962964,0.008681942907345749
1996-02-12,1996-05-12,0.007269012402351181,0.002309395094071682,0.0011122596111082436,7.318086987639509,0.004085560608461336,-0.0010818322892301466,-0.019490740740740746,3.459953703703704,0.11337962962962964,0.008510592102010016
1996-02-18,1996-05-18,0.007269012402351181,0.002309395094071682,0.0011122596111082436,7.318086987639509,0.004085560608461336,-0.0010818322892301466,-0.019490740740740746,3.459953703703704,0.11337962962962964,0.008424379066501776
1996-02-24,1996-05-24,0.007269012402351181,0.001067940568671331,0.0007322756063820185,7.266798393330407,0.0032246247018610486,-0.0004395333994393863,-0.0809926660605758,2.4831867522481046,0.01922456549124671,0.009280083705731386
1996-03-06,1996-06-06,0.007269012402351181,0.002309395094071682,0.0011122596111082436,7.318086987639509,0.004085560608461336,-0.0010818322892301466,-0.019490740740740746,3.459953703703704,0.11337962962962964,0.00885829251349025
1996-03-12,1996-06-12,0.007269012402351181,0.002309395094071682,0.0011122596111082436,7.318086987639509,0.004085560608461336,-0.0010818322892301466,-0.019490740740740746,3.459953703703704,0.11337962962962964,0.00962505948749958
1996-03-18,1996-06-18,0.007269012402351181,0.002309395094071682,0.0011122596111082436,7.318086987639509,0.004085560608461336,-0.0010818322892301466,-0.019490740740740746,3.459953703703704,0.11337962962962964,0.009622953737199607
1996-03-24,1996-06-24,0.00620466865981692,0.0017051580053015838,0.0009470075201766976,7.2639362196139015,0.003557517776449537,-0.00046152176163277757,-0.05461026270073647,2.815390948520098,0.07023820441550567,0.008851356761114678
1996-04-06,1996-07-06,0.007269012402351181,0.002309395094071682,0.0011122596111082436,7.318086987639509,0.004085560608461336,-0.0010818322892301466,-0.019490740740740746,3.459953703703704,0.11337962962962964,0.008765160499214147
1996-04-12,1996-07-12,0.007269012402351181,0.002309395094071682,0.0011122596111082436,7.318086987639509,0.004085560608461336,-0.0010818322892301466,-0.019490740740740746,3.459953703703704,0.11337962962962964,0.008894501041081512
1996-04-18,1996-07-18,0.007269012402351181,0.002309395094071682,0.0011122596111082436,7.318086987639509,0.004085560608461336,-0.0010818322892301466,-0.019490740740740746,3.459953703703704,0.11337962962962964,0.008884671751323887
1996-04-24,1996-07-24,0.007269012402351181,0.002214361429856467,0.0011503036694858,7.288464438170373,0.0038852481339336276,-0.0004658909222920634,-0.024810725135423158,2.9965867830673014,0.10384665690126152,0.008405730193635252
1996-05-06,1996-08-06,0.007269012402351181,0.002309395094071682,0.0011122596111082436,7.318086987639509,0.004085560608461336,-0.0010818322892301466,-0.019490740740740746,3.459953703703704,0.11337962962962964,0.008288834212098858
1996-05-12,1996-08-12,0.007269012402351181,0.002309395094071682,0.0011122596111082436,7.318086987639509,0.004085560608461336,-0.0010818322892301466,-0.019490740740740746,3.459953703703704,0.11337962962962964,0.008632290994542062
1996-05-18,1996-08-18,0.007269012402351181,0.002309395094071682,0.0011122596111082436,7.318086987639509,0.004085560608461336,-0.0010818322892301466,-0.019490740740740746,3.459953703703704,0.11337962962962964,0.008563796248735883
1996-05-24,1996-08-24,0.007269012402351181,0.0028516668558464294,0.0014445527973082396,7.299044283689532,0.004244932707711028,-0.00040108629995854784,0.00936847685308357,3.02599263076874,0.14420732529240915,0.00838704097646711
1996-06-06,1996-09-06,0.007269012402351181,0.002309395094071682,0.0011122596111082436,7.318086987639509,0.004085560608461336,-0.0010818322892301466,-0.019490740740740746,3.459953703703704,0.11337962962962964,0.008323490349014676
1996-06-12,1996-09-12,0.007269012402351181,0.002309395094071682,0.0011122596111082436,7.318086987639509,0.004085560608461336,-0.0010818322892301466,-0.019490740740740746,3.459953703703704,0.11337962962962964,0.008286660216038858
1996-06-18,1996-09-18,0.007269012402351181,0.002309395094071682,0.0011122596111082436,7.318086987639509,0.004085560608461336,-0.0010818322892301466,-0.019490740740740746,3.459953703703704,0.11337962962962964,0.007926319965431769
1996-06-24,1996-09-24,0.008602508583933069,0.00349726552485473,0.0017314779468539047,7.292067915299371,0.004542388706056272,-0.000162456931141505,0.03969100382705303,3.0454813288349247,0.1893457043864406,0.00791407508449505
1996-07-06,1996-10-06,0.007269012402351181,0.002309395094071682,0.0011122596111082436,7.318086987639509,0.004085560608461336,-0.0010818322892301466,-0.019490740740740746,3.459953703703704,0.11337962962962964,0.007883137802366548
1996-07-12,1996-10-12,0.007269012402351181,0.002309395094071682,0.0011122596111082436,7.318086987639509,0.004085560608461336,-0.0010818322892301466,-0.019490740740740746,3.459953703703704,0.11337962962962964,0.009184886031409935
1996-07-18,1996-10-18,0.007269012402351181,0.002309395094071682,0.0011122596111082436,7.318086987639509,0.004085560608461336,-0.0010818322892301466,-0.019490740740740746,3.459953703703704,0.11337962962962964,0.009924622728727578
1996-07-24,1996-10-24,0.007269012402351181,0.00326871458391355,0.001667333459160076,7.290023179758482,0.004462316547389397,-0.00045012770608543994,0.028399235503862412,2.916467896956948,0.16888743246557772,0.009301640040001911
1996-08-06,1996-11-06,0.007269012402351181,0.002309395094071682,0.0011122596111082436,7.318086987639509,0.004085560608461336,-0.0010818322892301466,-0.019490740740740746,3.459953703703704,0.11337962962962964,0.009398934510879395
1996-08-12,1996-11-12,0.007269012402351181,0.002309395094071682,0.0011122596111082436,7.318086987639509,0.004085560608461336,-0.0010818322892301466,-0.019490740740740746,3.459953703703704,0.11337962962962964,0.0092957917992577
1996-08-18,1996-11-18,0.007269012402351181,0.002309395094071682,0.0011122596111082436,7.318086987639509,0.004085560608461336,-0.0010818322892301466,-0.019490740740740746,3.459953703703704,0.11337962962962964,0.008616643423861018
1996-08-24,1996-11-24,0.007269012402351181,0.0030129012572143762,0.0015525099008771666,7.31601075364695,0.004361748073666246,-0.0003170867412324943,0.02377191499854219,2.9143669465128883,0.14890038509807518,0.008309400754938471
1996-09-06,1996-12-06,0.007269012402351181,0.002309395094071682,0.0011122596111082436,7.318086987639509,0.004085560608461336,-0.0010818322892301466,-0.019490740740740746,3.459953703703704,0.11337962962962964,0.008443638600607553
1996-09-12,1996-12-12,0.007269012402351181,0.002309395094071682,0.0011122596111082436,7.318086987639509,0.004085560608461336,-0.0010818322892301466,-0.019490740740740746,3.459953703703704,0.11337962962962964,0.00853533415669317
1996-09-18,1996-12-18,0.007269012402351181,0.002309395094071682,0.0011122596111082436,7.318086987639509,0.004085560608461336,-0.0010818322892301466,-0.019490740740740746,3.459953703703704,0.11337962962962964,0.008587658150642424
1996-09-24,1996-12-24,0.008385288737884286,0.003279694450909259,0.0016487289247183684,7.3002619670164135,0.004456086888065207,-0.0002374883056654915,0.03171570765565212,2.992680381340834,0.17176841377728602,0.008124396428771368
1996-10-06,1997-01-06,0.007269012402351181,0.002309395094071682,0.0011122596111082436,7.318086987639509,0.004085560608461336,-0.0010818322892301466,-0.019490740740740746,3.459953703703704,0.11337962962962964,0.007925047137567386
1996-10-12,1997-01-12,0.007269012402351181,0.002309395094071682,0.0011122596111082436,7.318086987639509,0.004085560608461336,-0.0010818322892301466,-0.019490740740740746,3.459953703703704,0.11337962962962964,0.00816882494078277
1996-10-18,1997-01-18,0.007269012402351181,0.002309395094071682,0.0011122596111082436,7.318086987639509,0.004085560608461336,-0.0010818322892301466,-0.019490740740740746,3.459953703703704,0.11337962962962964,0.00790550616055256
1996-10-24,1997-01-24,0.007269012402351181,0.0029357074618379447,0.0015055235979868735,7.260469240478744,0.004144934118429934,1.2589951104591702e-05,0.006460651268957288,2.819448732957132,0.15370377696352105,0.0078615436837809
1996-11-06,1997-02-06,0.007269012402351181,0.002309395094071682,0.0011122596111082436,7.318086987639509,0.004085560608461336,-0.0010818322892301466,-0.019490740740740746,3.459953703703704,0.11337962962962964,0.00791165330408196
1996-11-12,1997-02-12,0.007269012402351181,0.002309395094071682,0.0011122596111082436,7.318086987639509,0.004085560608461336,-0.0010818322892301466,-0.019490740740740746,3.459953703703704,0.11337962962962964,0.008302924166887507
1996-11-18,1997-02-18,0.007269012402351181,0.002309395094071682,0.0011122596111082436,7.318086987639509,0.004085560608461336,-0.0010818322892301466,-0.019490740740740746,3.459953703703704,0.11337962962962964,0.008036295844049393
1996-11-24,1997-02-24,0.007269012402351181,0.0029214708969882743,0.001593145483847219,7.274589056598982,0.004155797029149736,0.00017559509110871407,0.014848624281358358,2.448060830201065,0.14060119844068408,0.008157365441779097
1996-12-06,1997-03-06,0.007269012402351181,0.002309395094071682,0.0011122596111082436,7.318086987639509,0.004085560608461336,-0.0010818322892301466,-0.019490740740740746,3.459953703703704,0.11337962962962964,0.008018677862784051
1996-12-12,1997-03-12,0.007269012402351181,0.002309395094071682,0.0011122596111082436,7.318086987639509,0.004085560608461336,-0.0010818322892301466,-0.019490740740740746,3.459953703703704,0.11337962962962964,0.008512416273630512
1996-12-18,1997-03-18,0.007269012402351181,0.002309395094071682,0.0011122596111082436,7.318086987639509,0.004085560608461336,-0.0010818322892301466,-0.019490740740740746,3.459953703703704,0.11337962962962964,0.00911439385636259
1996-12-24,1997-03-24,0.007597862518415737,0.002909307262759157,0.0015386243029933992,7.2338814950313886,0.004079048669069423,-1.171270663006662e-06,0.00013129722413315198,2.602541641475831,0.15019316546240372,0.008846122256359232
1997-01-06,1997-04-06,0.007269012402351181,0.002309395094071682,0.0011122596111082436,7.318086987639509,0.004085560608461336,-0.0010818322892301466,-0.019490740740740746,3.459953703703704,0.11337962962962964,0.00900544436044851
1997-01-12,1997-04-12,0.007269012402351181,0.002309395094071682,0.0011122596111082436,7.318086987639509,0.004085560608461336,-0.0010818322892301466,-0.019490740740740746,3.459953703703704,0.11337962962962964,0.008918951862978308
1997-01-18,1997-04-18,0.007269012402351181,0.002309395094071682,0.0011122596111082436,7.318086987639509,0.004085560608461336,-0.0010818322892301466,-0.019490740740740746,3.459953703703704,0.11337962962962964,0.00868223963304828
1997-01-24,1997-04-24,0.007269012402351181,0.0027594419020526306,0.001400684328482127,7.218617096843917,0.00397492627898474,-0.0001322897570404883,-0.015176065994649927,2.8620001299268667,0.1499247803054204,0.008657024382790075
1997-02-06,1997-05-06,0.007269012402351181,0.002309395094071682,0.0011122596111082436,7.318086987639509,0.004085560608461336,-0.0010818322892301466,-0.019490740740740746,3.459953703703704,0.11337962962962964,0.008865484025055059
1997-02-12,1997-05-12,0.007269012402351181,0.002309395094071682,0.0011122596111082436,7.318086987639509,0.004085560608461336,-0.0010818322892301466,-0.019490740740740746,3.459953703703704,0.11337962962962964,0.008856942491270926
1997-02-18,1997-05-18,0.007269012402351181,0.002309395094071682,0.0011122596111082436,7.318086987639509,0.004085560608461336,-0.0010818322892301466,-0.019490740740740746,3.459953703703704,0.11337962962962964,0.009124807133955769
1997-02-24,1997-05-24,0.007269012402351181,0.0029805411619420567,0.0015554684510268278,7.256210057367847,0.004194496608627309,-0.0001935666219529447,0.007752059255713602,2.731763557175034,0.15304945375183418,0.009018909882292914
1997-03-06,1997-06-06,0.007269012402351181,0.002309395094071682,0.0011122596111082436,7.318086987639509,0.004085560608461336,-0.0010818322892301466,-0.019490740740740746,3.459953703703704,0.11337962962962964,0.00897316071993353
1997-03-12,1997-06-12,0.007269012402351181,0.002309395094071682,0.0011122596111082436,7.318086987639509,0.004085560608461336,-0.0010818322892301466,-0.019490740740740746,3.459953703703704,0.11337962962962964,0.009035838366619375
1997-03-18,1997-06-18,0.007269012402351181,0.002309395094071682,0.0011122596111082436,7.318086987639509,0.004085560608461336,-0.0010818322892301466,-0.019490740740740746,3.459953703703704,0.11337962962962964,0.009252857728962543
1997-03-24,1997-06-24,0.00812738551301699,0.0031782710750492857,0.001646199220137466,7.26672958209705,0.004324250107434735,-0.0001873715811281549,0.02018561559575091,2.7564245949536694,0.16463257905308626,0.00894002107582456
1997-04-06,1997-07-06,0.007269012402351181,0.002309395094071682,0.0011122596111082436,7.318086987639509,0.004085560608461336,-0.0010818322892301466,-0.019490740740740746,3.459953703703704,0.11337962962962964,0.009825099877024315
1997-04-12,1997-07-12,0.007269012402351181,0.002309395094071682,0.0011122596111082436,7.318086987639509,0.004085560608461336,-0.0010818322892301466,-0.019490740740740746,3.459953703703704,0.11337962962962964,0.009452717618987519
1997-04-18,1997-07-18,0.007269012402351181,0.002309395094071682,0.0011122596111082436,7.318086987639509,0.004085560608461336,-0.0010818322892301466,-0.019490740740740746,3.459953703703704,0.11337962962962964,0.01014428753504911
1997-04-24,1997-07-24,0.007269012402351181,0.0032073619314038804,0.0016699540121226071,7.285154528161317,0.004425702289222083,-0.0004745938205294324,0.025434566812608694,2.789602787619187,0.16185941996006653,0.009789824677378479
1997-05-06,1997-08-06,0.007269012402351181,0.002309395094071682,0.0011122596111082436,7.318086987639509,0.004085560608461336,-0.0010818322892301466,-0.019490740740740746,3.459953703703704,0.11337962962962964,0.01045720838183697
1997-05-12,1997-08-12,0.007269012402351181,0.002309395094071682,0.0011122596111082436,7.318086987639509,0.004085560608461336,-0.0010818322892301466,-0.019490740740740746,3.459953703703704,0.11337962962962964,0.010397782166265695
1997-05-18,1997-08-18,0.007269012402351181,0.002309395094071682,0.0011122596111082436,7.318086987639509,0.004085560608461336,-0.0010818322892301466,-0.019490740740740746,3.459953703703704,0.11337962962962964,0.00980592089238937
1997-05-24,1997-08-24,0.007269012402351181,0.003055642282582592,0.0016166876726942808,7.274810569325792,0.004295083829325222,-0.00029351954297096344,0.017070065040711194,2.6749025497517183,0.1520535834757534,0.009426928585234574
1997-06-06,1997-09-06,0.007269012402351181,0.002309395094071682,0.0011122596111082436,7.318086987639509,0.004085560608461336,-0.0010818322892301466,-0.019490740740740746,3.459953703703704,0.11337962962962964,0.008902183349400754
1997-06-12,1997-09-12,0.007269012402351181,0.002309395094071682,0.0011122596111082436,7.318086987639509,0.004085560608461336,-0.0010818322892301466,-0.019490740740740746,3.459953703703704,0.11337962962962964,0.008847351600400934
1997-06-18,1997-09-18,0.007269012402351181,0.002309395094071682,0.0011122596111082436,7.318086987639509,0.004085560608461336,-0.0010818322892301466,-0.019490740740740746,3.459953703703704,0.11337962962962964,0.009039126065416582
1997-06-24,1997-09-24,0.0079345395109893,0.0028931606770225106,0.0016082217863471768,7.28532596608791,0.004227795998644447,-0.00022183486706753189,0.015488403360296207,2.414500063193101,0.13263672358312176,0.00968951264016806
1997-07-06,1997-10-06,0.007269012402351181,0.002309395094071682,0.0011122596111082436,7.318086987639509,0.004085560608461336,-0.0010818322892301466,-0.019490740740740746,3.459953703703704,0.11337962962962964,0.00950938994558725
1997-07-12,1997-10-12,0.007269012402351181,0.002309395094071682,0.0011122596111082436,7.318086987639509,0.004085560608461336,-0.0010818322892301466,-0.019490740740740746,3.459953703703704,0.11337962962962964,0.009266537344237259
1997-07-18,1997-10-18,0.007269012402351181,0.002309395094071682,0.0011122596111082436,7.318086987639509,0.004085560608461336,-0.0010818322892301466,-0.019490740740740746,3.459953703703704,0.11337962962962964,0.00936001191299385
1997-07-24,1997-10-24,0.007269012402351181,0.0025576907641227486,0.0014810589778581369,7.263173663141722,0.003971534490568343,-3.440022677543672e-05,-0.004417761480672265,2.231191264345131,0.11117208967712734,0.009511508199926064
1997-08-06,1997-11-06,0.007269012402351181,0.002309395094071682,0.0011122596111082436,7.318086987639509,0.004085560608461336,-0.0010818322892301466,-0.019490740740740746,3.459953703703704,0.11337962962962964,0.009070890529020183
1997-08-12,1997-11-12,0.007269012402351181,0.002309395094071682,0.0011122596111082436,7.318086987639509,0.004085560608461336,-0.0010818322892301466,-0.019490740740740746,3.459953703703704,0.11337962962962964,0.009157082034789226
1997-08-18,1997-11-18,0.007269012402351181,0.002309395094071682,0.0011122596111082436,7.318086987639509,0.004085560608461336,-0.0010818322892301466,-0.019490740740740746,3.459953703703704,0.11337962962962964,0.010015352754084566
1997-08-24,1997-11-24,0.007269012402351181,0.0018018957776793718,0.001091018355267846,7.231102627733539,0.0035266374860856153,-0.0003120405437604328,-0.05318755306800417,2.357188797096998,0.06990724019517616,0.010067756153825706
1997-09-06,1997-12-06,0.007269012402351181,0.002309395094071682,0.0011122596111082436,7.318086987639509,0.004085560608461336,-0.0010818322892301466,-0.019490740740740746,3.459953703703704,0.11337962962962964,0.009896830569204741
1997-09-12,1997-12-12,0.007269012402351181,0.002309395094071682,0.0011122596111082436,7.318086987639509,0.004085560608461336,-0.0010818322892301466,-0.019490740740740746,3.459953703703704,0.11337962962962964,0.009877235272281706
1997-09-18,1997-12-18,0.007269012402351181,0.002309395094071682,0.0011122596111082436,7.318086987639509,0.004085560608461336,-0.0010818322892301466,-0.019490740740740746,3.459953703703704,0.11337962962962964,0.010109571567888312
1997-09-24,1997-12-24,0.007542559713114926,0.0025938043375510326,0.0015228002531449804,7.282862908256141,0.004039064953076548,-4.0588447385838484e-05,0.0037369116148308415,2.1660535306492026,0.10800494461559529,0.009533684210887794
1997-10-06,1998-01-06,0.007269012402351181,0.002309395094071682,0.0011122596111082436,7.318086987639509,0.004085560608461336,-0.0010818322892301466,-0.019490740740740746,3.459953703703704,0.11337962962962964,0.009237995032582498
1997-10-12,1998-01-12,0.007269012402351181,0.002309395094071682,0.0011122596111082436,7.318086987639509,0.004085560608461336,-0.0010818322892301466,-0.019490740740740746,3.459953703703704,0.11337962962962964,0.00897406285243926
1997-10-18,1998-01-18,0.007269012402351181,0.002309395094071682,0.0011122596111082436,7.318086987639509,0.004085560608461336,-0.0010818322892301466,-0.019490740740740746,3.459953703703704,0.11337962962962964,0.008927944884034424
1997-10-24,1998-01-24,0.007269012402351181,0.0021653045984233836,0.0014035151340083371,7.2796768359763435,0.003929263953496355,-0.0008369301823370879,-0.0186181401468155,1.9606395687888976,0.06851529036386782,0.01303589964216245
1997-11-06,1998-02-06,0.007269012402351181,0.002309395094071682,0.0011122596111082436,7.318086987639509,0.004085560608461336,-0.0010818322892301466,-0.019490740740740746,3.459953703703704,0.11337962962962964,0.014978216958591889
1997-11-12,1998-02-12,0.007269012402351181,0.002309395094071682,0.0011122596111082436,7.318086987639509,0.004085560608461336,-0.0010818322892301466,-0.019490740740740746,3.459953703703704,0.11337962962962964,0.012704984766091457
1997-11-18,1998-02-18,0.007269012402351181,0.002309395094071682,0.0011122596111082436,7.318086987639509,0.004085560608461336,-0.0010818322892301466,-0.019490740740740746,3.459953703703704,0.11337962962962964,0.011933281832820176
1997-11-24,1998-02-24,0.007269012402351181,0.0026316545311346096,0.0016220034006928508,7.293587667517663,0.004127746082983023,-0.00026658794414893404,0.011043171794217793,1.8994167420835872,0.09877160588696059,0.011130516327303634
1997-12-06,1998-03-06,0.007269012402351181,0.002309395094071682,0.0011122596111082436,7.318086987639509,0.004085560608461336,-0.0010818322892301466,-0.019490740740740746,3.459953703703704,0.11337962962962964,0.010401204390803857
1997-12-12,1998-03-12,0.007269012402351181,0.002309395094071682,0.0011122596111082436,7.318086987639509,0.004085560608461336,-0.0010818322892301466,-0.019490740740740746,3.459953703703704,0.11337962962962964,0.009815556558565032
1997-12-18,1998-03-18,0.007269012402351181,0.002309395094071682,0.0011122596111082436,7.318086987639509,0.004085560608461336,-0.0010818322892301466,-0.019490740740740746,3.459953703703704,0.11337962962962964,0.009481789235043479
1997-12-24,1998-03-24,0.007801623579898007,0.002664344883498646,0.0016551269091227348,7.3069092039577885,0.0041110807527002064,0.0001732920402437181,0.019437096478412373,1.7835979367605739,0.09865827356266664,0.009608413125277705
1998-01-06,1998-04-06,0.007269012402351181,0.002309395094071682,0.0011122596111082436,7.318086987639509,0.004085560608461336,-0.0010818322892301466,-0.019490740740740746,3.459953703703704,0.11337962962962964,0.009767180005404835
1998-01-12,1998-04-12,0.007269012402351181,0.002309395094071682,0.0011122596111082436,7.318086987639509,0.004085560608461336,-0.0010818322892301466,-0.019490740740740746,3.459953703703704,0.11337962962962964,0.009632888214907662
1998-01-18,1998-04-18,0.007269012402351181,0.002309395094071682,0.0011122596111082436,7.318086987639509,0.004085560608461336,-0.0010818322892301466,-0.019490740740740746,3.459953703703704,0.11337962962962964,0.01028182498419102
1998-01-24,1998-04-24,0.007269012402351181,0.002107362446655916,0.0014212594692439746,7.300648804934693,0.003799385015676571,0.00016236430954478945,-0.008294164916751428,1.6645661052120275,0.06045969767059838,0.0096891580757804
1998-02-06,1998-05-06,0.007269012402351181,0.002309395094071682,0.0011122596111082436,7.318086987639509,0.004085560608461336,-0.0010818322892301466,-0.019490740740740746,3.459953703703704,0.11337962962962964,0.009549805278401725
1998-02-12,1998-05-12,0.007269012402351181,0.002309395094071682,0.0011122596111082436,7.318086987639509,0.004085560608461336,-0.0010818322892301466,-0.019490740740740746,3.459953703703704,0.11337962962962964,0.009628975285084251
1998-02-18,1998-05-18,0.007269012402351181,0.002309395094071682,0.0011122596111082436,7.318086987639509,0.004085560608461336,-0.0010818322892301466,-0.019490740740740746,3.459953703703704,0.11337962962962964,0.008790328788124543
1998-02-24,1998-05-24,0.007269012402351181,0.0017056104911978816,0.0012077003176726362,7.321634434946144,0.0036134791684390133,0.0002363262969504469,-0.023150162086579593,1.780939144472096,0.0350400052121224,0.008531088341926464
1998-03-06,1998-06-06,0.007269012402351181,0.002309395094071682,0.0011122596111082436,7.318086987639509,0.004085560608461336,-0.0010818322892301466,-0.019490740740740746,3.459953703703704,0.11337962962962964,0.008527178745721859
1998-03-12,1998-06-12,0.007269012402351181,0.002309395094071682,0.0011122596111082436,7.318086987639509,0.004085560608461336,-0.0010818322892301466,-0.019490740740740746,3.459953703703704,0.11337962962962964,0.009111195247299322
1998-03-18,1998-06-18,0.007269012402351181,0.002309395094071682,0.0011122596111082436,7.318086987639509,0.004085560608461336,-0.0010818322892301466,-0.019490740740740746,3.459953703703704,0.11337962962962964,0.008577788378108617
1998-03-24,1998-06-24,0.006293667184254301,0.0014692793539875994,0.0010751433343268537,7.326549650436252,0.0035071873899684925,0.0001439824505289624,-0.034939276881191125,1.8857100910869866,0.021374208587757293,0.008362784582009126
1998-04-06,1998-07-06,0.007269012402351181,0.002309395094071682,0.0011122596111082436,7.318086987639509,0.004085560608461336,-0.0010818322892301466,-0.019490740740740746,3.459953703703704,0.11337962962962964,0.008358526970519435
1998-04-12,1998-07-12,0.007269012402351181,0.002309395094071682,0.0011122596111082436,7.318086987639509,0.004085560608461336,-0.0010818322892301466,-0.019490740740740746,3.459953703703704,0.11337962962962964,0.008453051947944495
1998-04-18,1998-07-18,0.007269012402351181,0.002309395094071682,0.0011122596111082436,7.318086987639509,0.004085560608461336,-0.0010818322892301466,-0.019490740740740746,3.459953703703704,0.11337962962962964,0.008418064879010114
1998-04-24,1998-07-24,0.007269012402351181,0.001496654969502324,0.0010816280118919035,7.3145172001549,0.0035144235971343043,1.1618912682111225e-05,-0.037830655648109134,1.9123144220872037,0.02497448500866832,0.008962016753600675
1998-05-06,1998-08-06,0.007269012402351181,0.002309395094071682,0.0011122596111082436,7.318086987639509,0.004085560608461336,-0.0010818322892301466,-0.019490740740740746,3.459953703703704,0.11337962962962964,0.009334687302742603
1998-05-12,1998-08-12,0.007269012402351181,0.002309395094071682,0.0011122596111082436,7.318086987639509,0.004085560608461336,-0.0010818322892301466,-0.019490740740740746,3.459953703703704,0.11337962962962964,0.00910442942517833
1998-05-18,1998-08-18,0.007269012402351181,0.002309395094071682,0.0011122596111082436,7.318086987639509,0.004085560608461336,-0.0010818322892301466,-0.019490740740740746,3.459953703703704,0.11337962962962964,0.008706384393273071
1998-05-24,1998-08-24,0.007269012402351181,0.0019384442637494087,0.0013021818779408963,7.311153927676437,0.0037154266787956707,0.00023260694806700793,-0.01525268616855056,1.8244834734850952,0.053083867155450236,0.008696558147943277
1998-06-06,1998-09-06,0.007269012402351181,0.002309395094071682,0.0011122596111082436,7.318086987639509,0.004085560608461336,-0.0010818322892301466,-0.019490740740740746,3.459953703703704,0.11337962962962964,0.008559024673914362
1998-06-12,1998-09-12,0.007269012402351181,0.002309395094071682,0.0011122596111082436,7.318086987639509,0.004085560608461336,-0.0010818322892301466,-0.019490740740740746,3.459953703703704,0.11337962962962964,0.009040974679240728
1998-06-18,1998-09-18,0.007269012402351181,0.002309395094071682,0.0011122596111082436,7.318086987639509,0.004085560608461336,-0.0010818322892301466,-0.019490740740740746,3.459953703703704,0.11337962962962964,0.0096949148527593
1998-06-24,1998-09-24,0.006423946754699161,0.0014373063003198308,0.0011343429595698396,7.344714881958293,0.0035521382439939555,6.0246419164046916e-05,-0.028631505623576716,1.6366752150855566,0.008028295897824597,0.00921124533015264
1998-07-06,1998-10-06,0.007269012402351181,0.002309395094071682,0.0011122596111082436,7.318086987639509,0.004085560608461336,-0.0010818322892301466,-0.019490740740740746,3.459953703703704,0.11337962962962964,0.009151823639303811
1998-07-12,1998-10-12,0.007269012402351181,0.002309395094071682,0.0011122596111082436,7.318086987639509,0.004085560608461336,-0.0010818322892301466,-0.019490740740740746,3.459953703703704,0.11337962962962964,0.008835105341837264
1998-07-18,1998-10-18,0.007269012402351181,0.002309395094071682,0.0011122596111082436,7.318086987639509,0.004085560608461336,-0.0010818322892301466,-0.019490740740740746,3.459953703703704,0.11337962962962964,0.008674717845634602
1998-07-24,1998-10-24,0.007269012402351181,0.0008393219347661322,0.0008674127255333735,7.372874498728886,0.0033272287303226364,-0.00017665158971275844,-0.05106808011423448,1.6592252767143967,-0.03656303691730192,0.009345818399883934
1998-08-06,1998-11-06,0.007269012402351181,0.002309395094071682,0.0011122596111082436,7.318086987639509,0.004085560608461336,-0.0010818322892301466,-0.019490740740740746,3.459953703703704,0.11337962962962964,0.010203103705061542
1998-08-12,1998-11-12,0.007269012402351181,0.002309395094071682,0.0011122596111082436,7.318086987639509,0.004085560608461336,-0.0010818322892301466,-0.019490740740740746,3.459953703703704,0.11337962962962964,0.010966841500285771
1998-08-18,1998-11-18,0.007269012402351181,0.002309395094071682,0.0011122596111082436,7.318086987639509,0.004085560608461336,-0.0010818322892301466,-0.019490740740740746,3.459953703703704,0.11337962962962964,0.010449929206348092
1998-08-24,1998-11-24,0.007269012402351181,0.001478850021959363,0.0011896918043592746,7.356835193970507,0.003669340270876331,-0.0003584842925839077,-0.02396425752438038,1.5797045856451075,0.003426132543594057,0.01093084108276326
1998-09-06,1998-12-06,0.007269012402351181,0.002309395094071682,0.0011122596111082436,7.318086987639509,0.004085560608461336,-0.0010818322892301466,-0.019490740740740746,3.459953703703704,0.11337962962962964,0.014994288012456784
1998-09-12,1998-12-12,0.007269012402351181,0.002309395094071682,0.0011122596111082436,7.318086987639509,0.004085560608461336,-0.0010818322892301466,-0.019490740740740746,3.459953703703704,0.11337962962962964,0.014515812821494714
1998-09-18,1998-12-18,0.007269012402351181,0.002309395094071682,0.0011122596111082436,7.318086987639509,0.004085560608461336,-0.0010818322892301466,-0.019490740740740746,3.459953703703704,0.11337962962962964,0.013888194853436009
1998-09-24,1998-12-24,0.006578513849521779,0.0013091482609473113,0.0011162872301641235,7.36268109533293,0.0036805041869659963,-0.0009527443482291033,-0.03367165948713138,1.6541582321945123,-0.011134862993976494,0.012875487474376057
1998-10-06,1999-01-06,0.007269012402351181,0.002309395094071682,0.0011122596111082436,7.318086987639509,0.004085560608461336,-0.0010818322892301466,-0.019490740740740746,3.459953703703704,0.11337962962962964,0.01304170956192253
1998-10-12,1999-01-12,0.007269012402351181,0.002309395094071682,0.0011122596111082436,7.318086987639509,0.004085560608461336,-0.0010818322892301466,-0.019490740740740746,3.459953703703704,0.11337962962962964,0.012613084755616663
1998-10-18,1999-01-18,0.007269012402351181,0.002309395094071682,0.0011122596111082436,7.318086987639509,0.004085560608461336,-0.0010818322892301466,-0.019490740740740746,3.459953703703704,0.11337962962962964,0.012421063743751723
1998-10-24,1999-01-24,0.007269012402351181,0.001378492200002632,0.0010315912854794041,7.392422676616801,0.003771913981239427,-0.0009659134619967798,-0.02791154600762284,2.160526571566643,0.0029303100357533363,0.011126553995819171
1998-11-06,1999-02-06,0.007269012402351181,0.002309395094071682,0.0011122596111082436,7.318086987639509,0.004085560608461336,-0.0010818322892301466,-0.019490740740740746,3.459953703703704,0.11337962962962964,0.010677743422780512
1998-11-12,1999-02-12,0.007269012402351181,0.002309395094071682,0.0011122596111082436,7.318086987639509,0.004085560608461336,-0.0010818322892301466,-0.019490740740740746,3.459953703703704,0.11337962962962964,0.010053398709869352
1998-11-18,1999-02-18,0.007269012402351181,0.002309395094071682,0.0011122596111082436,7.318086987639509,0.004085560608461336,-0.0010818322892301466,-0.019490740740740746,3.459953703703704,0.11337962962962964,0.009325289901972992
1998-11-24,1999-02-24,0.007269012402351181,0.0019104276160196148,0.0011873441592609908,7.3892969142595035,0.0039982932458365785,-0.0006729368529345897,-0.005487935637197662,2.480894752250514,0.04946636946792131,0.009416207957820133
1998-12-06,1999-03-06,0.007269012402351181,0.002309395094071682,0.0011122596111082436,7.318086987639509,0.004085560608461336,-0.0010818322892301466,-0.019490740740740746,3.459953703703704,0.11337962962962964,0.010062028191889701
1998-12-12,1999-03-12,0.007269012402351181,0.002309395094071682,0.0011122596111082436,7.318086987639509,0.004085560608461336,-0.0010818322892301466,-0.019490740740740746,3.459953703703704,0.11337962962962964,0.010317189925172675
1998-12-18,1999-03-18,0.007269012402351181,0.002309395094071682,0.0011122596111082436,7.318086987639509,0.004085560608461336,-0.0010818322892301466,-0.019490740740740746,3.459953703703704,0.11337962962962964,0.010460368508853216
1998-12-24,1999-03-24,0.00872511855938001,0.0028371420312975674,0.001653760376001798,7.432996935069452,0.004616358810490137,-0.000758696157277083,0.05259646367961323,2.44451695444695,0.09930577581351828,0.010018272532024386
1999-01-06,1999-04-06,0.007269012402351181,0.002309395094071682,0.0011122596111082436,7.318086987639509,0.004085560608461336,-0.0010818322892301466,-0.019490740740740746,3.459953703703704,0.11337962962962964,0.00961129474153192
1999-01-12,1999-04-12,0.007269012402351181,0.002309395094071682,0.0011122596111082436,7.318086987639509,0.004085560608461336,-0.0010818322892301466,-0.019490740740740746,3.459953703703704,0.11337962962962964,0.009868105562585126
1999-01-18,1999-04-18,0.007269012402351181,0.002309395094071682,0.0011122596111082436,7.318086987639509,0.004085560608461336,-0.0010818322892301466,-0.019490740740740746,3.459953703703704,0.11337962962962964,0.010443949498309067
1999-01-24,1999-04-24,0.007269012402351181,0.0024899150269012036,0.0014650352748708235,7.432859370459595,0.004455418298996876,-0.000966517941972591,0.033200582058374825,2.574514464053462,0.07923620166141807,0.010211136084282675
1999-02-06,1999-05-06,0.007269012402351181,0.002309395094071682,0.0011122596111082436,7.318086987639509,0.004085560608461336,-0.0010818322892301466,-0.019490740740740746,3.459953703703704,0.11337962962962964,0.010281543946976723
1999-02-12,1999-05-12,0.007269012402351181,0.002309395094071682,0.0011122596111082436,7.318086987639509,0.004085560608461336,-0.0010818322892301466,-0.019490740740740746,3.459953703703704,0.11337962962962964,0.0101079911298052
1999-02-18,1999-05-18,0.007269012402351181,0.002309395094071682,0.0011122596111082436,7.318086987639509,0.004085560608461336,-0.0010818322892301466,-0.019490740740740746,3.459953703703704,0.11337962962962964,0.010857569863977212
1999-02-24,1999-05-24,0.007269012402351181,0.002909008934300287,0.001667321782835469,7.414247413995246,0.0046353735447386005,-0.0009194144210064256,0.04928966597309329,2.5192297494473417,0.1081458140368055,0.01069279808941641
1999-03-06,1999-06-06,0.007269012402351181,0.002309395094071682,0.0011122596111082436,7.318086987639509,0.004085560608461336,-0.0010818322892301466,-0.019490740740740746,3.459953703703704,0.11337962962962964,0.01014340919384086
1999-03-12,1999-06-12,0.007269012402351181,0.002309395094071682,0.0011122596111082436,7.318086987639509,0.004085560608461336,-0.0010818322892301466,-0.019490740740740746,3.459953703703704,0.11337962962962964,0.01014527139752429
1999-03-18,1999-06-18,0.007269012402351181,0.002309395094071682,0.0011122596111082436,7.318086987639509,0.004085560608461336,-0.0010818322892301466,-0.019490740740740746,3.459953703703704,0.11337962962962964,0.009478660732033243
1999-03-24,1999-06-24,0.008073634893153723,0.0023779522360940775,0.0014004646543849888,7.418845237287387,0.00437680592018022,-0.0010658908770197473,0.022866793039071888,2.614244607058759,0.07491837296123226,0.010565625920216178
1999-04-06,1999-07-06,0.007269012402351181,0.002309395094071682,0.0011122596111082436,7.318086987639509,0.004085560608461336,-0.0010818322892301466,-0.019490740740740746,3.459953703703704,0.11337962962962964,0.010282901730601536
1999-04-12,1999-07-12,0.007269012402351181,0.002309395094071682,0.0011122596111082436,7.318086987639509,0.004085560608461336,-0.0010818322892301466,-0.019490740740740746,3.459953703703704,0.11337962962962964,0.010060734711013932
1999-04-18,1999-07-18,0.007269012402351181,0.002309395094071682,0.0011122596111082436,7.318086987639509,0.004085560608461336,-0.0010818322892301466,-0.019490740740740746,3.459953703703704,0.11337962962962964,0.009888054248590298
1999-04-24,1999-07-24,0.007269012402351181,0.0024194682066691077,0.001381612080888916,7.369318017228903,0.004267244992316852,-0.0009532840221712023,0.010497799982933202,2.6702601205356067,0.08896210482683212,0.010540617455347099
1999-05-06,1999-08-06,0.007269012402351181,0.002309395094071682,0.0011122596111082436,7.318086987639509,0.004085560608461336,-0.0010818322892301466,-0.019490740740740746,3.459953703703704,0.11337962962962964,0.009818945089431576
1999-05-12,1999-08-12,0.007269012402351181,0.002309395094071682,0.0011122596111082436,7.318086987639509,0.004085560608461336,-0.0010818322892301466,-0.019490740740740746,3.459953703703704,0.11337962962962964,0.010013298871368977
1999-05-18,1999-08-18,0.007269012402351181,0.002309395094071682,0.0011122596111082436,7.318086987639509,0.004085560608461336,-0.0010818322892301466,-0.019490740740740746,3.459953703703704,0.11337962962962964,0.009748949169881277
1999-05-24,1999-08-24,0.007269012402351181,0.002546655171450729,0.0013838295239141326,7.368347615817349,0.004338319292993357,-0.0010277491986874724,0.01336654867136304,2.905372393289624,0.10364818539263759,0.010232242146258116
1999-06-06,1999-09-06,0.007269012402351181,0.002309395094071682,0.0011122596111082436,7.318086987639509,0.004085560608461336,-0.0010818322892301466,-0.019490740740740746,3.459953703703704,0.11337962962962964,0.010227451911841708
1999-06-12,1999-09-12,0.007269012402351181,0.002309395094071682,0.0011122596111082436,7.318086987639509,0.004085560608461336,-0.0010818322892301466,-0.019490740740740746,3.459953703703704,0.11337962962962964,0.010023309578079674
1999-06-18,1999-09-18,0.007269012402351181,0.002309395094071682,0.0011122596111082436,7.318086987639509,0.004085560608461336,-0.0010818322892301466,-0.019490740740740746,3.459953703703704,0.11337962962962964,0.009756541101426945
1999-06-24,1999-09-24,0.00849396738668328,0.0030580987192939985,0.001545991747249045,7.356900533343457,0.0045666139009279995,-0.000931124808774951,0.03224533854736846,3.1801413503732805,0.14739374742343658,0.009514880384169193
1999-07-06,1999-10-06,0.007269012402351181,0.002309395094071682,0.0011122596111082436,7.318086987639509,0.004085560608461336,-0.0010818322892301466,-0.019490740740740746,3.459953703703704,0.11337962962962964,0.009805042097504494
1999-07-12,1999-10-12,0.007269012402351181,0.002309395094071682,0.0011122596111082436,7.318086987639509,0.004085560608461336,-0.0010818322892301466,-0.019490740740740746,3.459953703703704,0.11337962962962964,0.009026564231470637
1999-07-18,1999-10-18,0.007269012402351181,0.002309395094071682,0.0011122596111082436,7.318086987639509,0.004085560608461336,-0.0010818322892301466,-0.019490740740740746,3.459953703703704,0.11337962962962964,0.008833117625343456
1999-07-24,1999-10-24,0.007269012402351181,0.003332133562678849,0.0017697516727371641,7.384849680732129,0.004752445472858958,-0.0006840253188604545,0.05894913221826064,2.81582130235361,0.15120284261759842,0.009502000330282959
1999-08-06,1999-11-06,0.007269012402351181,0.002309395094071682,0.0011122596111082436,7.318086987639509,0.004085560608461336,-0.0010818322892301466,-0.019490740740740746,3.459953703703704,0.11337962962962964,0.009376455837180319
1999-08-12,1999-11-12,0.007269012402351181,0.002309395094071682,0.0011122596111082436,7.318086987639509,0.004085560608461336,-0.0010818322892301466,-0.019490740740740746,3.459953703703704,0.11337962962962964,0.009447052399588457
1999-08-18,1999-11-18,0.007269012402351181,0.002309395094071682,0.0011122596111082436,7.318086987639509,0.004085560608461336,-0.0010818322892301466,-0.019490740740740746,3.459953703703704,0.11337962962962964,0.009878872188667204
1999-08-24,1999-11-24,0.007269012402351181,0.0032313011878652314,0.0016956023931037302,7.387579660428587,0.004736217107777866,-0.0009216664769054288,0.05217978657689822,2.960502804015287,0.1466048083833686,0.009908691221716833
1999-09-06,1999-12-06,0.007269012402351181,0.002309395094071682,0.0011122596111082436,7.318086987639509,0.004085560608461336,-0.0010818322892301466,-0.019490740740740746,3.459953703703704,0.11337962962962964,0.010207291492473512
1999-09-12,1999-12-12,0.007269012402351181,0.002309395094071682,0.0011122596111082436,7.318086987639509,0.004085560608461336,-0.0010818322892301466,-0.019490740740740746,3.459953703703704,0.11337962962962964,0.010044023420519113
1999-09-18,1999-12-18,0.007269012402351181,0.002309395094071682,0.0011122596111082436,7.318086987639509,0.004085560608461336,-0.0010818322892301466,-0.019490740740740746,3.459953703703704,0.11337962962962964,0.009570116313119013
1999-09-24,1999-12-24,0.008677574177211355,0.0029982021163239185,0.001611621521730445,7.39357706320873,0.0046287646078505525,-0.000939904049497792,0.04345170557003102,2.8718731074835393,0.12782444966457496,0.010015314651539077
1999-10-06,2000-01-06,0.007269012402351181,0.002309395094071682,0.0011122596111082436,7.318086987639509,0.004085560608461336,-0.0010818322892301466,-0.019490740740740746,3.459953703703704,0.11337962962962964,0.009800020991087352
1999-10-12,2000-01-12,0.007269012402351181,0.002309395094071682,0.0011122596111082436,7.318086987639509,0.004085560608461336,-0.0010818322892301466,-0.019490740740740746,3.459953703703704,0.11337962962962964,0.009951477822001628
1999-10-18,2000-01-18,0.007269012402351181,0.002309395094071682,0.0011122596111082436,7.318086987639509,0.004085560608461336,-0.0010818322892301466,-0.019490740740740746,3.459953703703704,0.11337962962962964,0.010889612954912923
1999-10-24,2000-01-24,0.007269012402351181,0.004351260611031866,0.0022142589175043227,7.368769531152592,0.005305309622438762,-0.00094156223658979,0.10160448729391716,2.9685678941971068,0.22179338953717712,0.010957851635202461
1999-11-06,2000-02-06,0.007269012402351181,0.002309395094071682,0.0011122596111082436,7.318086987639509,0.004085560608461336,-0.0010818322892301466,-0.019490740740740746,3.459953703703704,0.11337962962962964,0.011346784768611555
1999-11-12,2000-02-12,0.007269012402351181,0.002309395094071682,0.0011122596111082436,7.318086987639509,0.004085560608461336,-0.0010818322892301466,-0.019490740740740746,3.459953703703704,0.11337962962962964,0.009987749327960675
1999-11-18,2000-02-18,0.007269012402351181,0.002309395094071682,0.0011122596111082436,7.318086987639509,0.004085560608461336,-0.0010818322892301466,-0.019490740740740746,3.459953703703704,0.11337962962962964,0.009789188057266087
1999-11-24,2000-02-24,0.007269012402351181,0.004516950584680221,0.002378953359603396,7.380513181830114,0.005321196025004419,-0.00020442598663415865,0.1209639606041002,2.5356583729109765,0.22350937518476666,0.009317999828797855
1999-12-06,2000-03-06,0.007269012402351181,0.002309395094071682,0.0011122596111082436,7.318086987639509,0.004085560608461336,-0.0010818322892301466,-0.019490740740740746,3.459953703703704,0.11337962962962964,0.009302433327514494
1999-12-12,2000-03-12,0.007269012402351181,0.002309395094071682,0.0011122596111082436,7.318086987639509,0.004085560608461336,-0.0010818322892301466,-0.019490740740740746,3.459953703703704,0.11337962962962964,0.009283745418998556
1999-12-18,2000-03-18,0.007269012402351181,0.002309395094071682,0.0011122596111082436,7.318086987639509,0.004085560608461336,-0.0010818322892301466,-0.019490740740740746,3.459953703703704,0.11337962962962964,0.008737963743709302
1999-12-24,2000-03-24,0.011168837717517402,0.004950949050279379,0.0025628731864570883,7.400066526939815,0.005582756236843985,-0.00010155099786430524,0.14708341119649687,2.630121603834411,0.2514870771108153,0.008710877527826637
2000-01-06,2000-04-06,0.007269012402351181,0.002309395094071682,0.0011122596111082436,7.318086987639509,0.004085560608461336,-0.0010818322892301466,-0.019490740740740746,3.459953703703704,0.11337962962962964,0.008875072194771596
2000-01-12,2000-04-12,0.007269012402351181,0.002309395094071682,0.0011122596111082436,7.318086987639509,0.004085560608461336,-0.0010818322892301466,-0.019490740740740746,3.459953703703704,0.11337962962962964,0.011140658172947529
2000-01-18,2000-04-18,0.007269012402351181,0.002309395094071682,0.0011122596111082436,7.318086987639509,0.004085560608461336,-0.0010818322892301466,-0.019490740740740746,3.459953703703704,0.11337962962962964,0.00998483166669372
2000-01-24,2000-04-24,0.007269012402351181,0.004526701183575368,0.0023743645204318906,7.394352354825767,0.005414502959022155,-0.000591003161061454,0.12259430007935068,2.652034040230773,0.22196716900243074,0.010350538387615503
2000-02-06,2000-05-06,0.007269012402351181,0.002309395094071682,0.0011122596111082436,7.318086987639509,0.004085560608461336,-0.0010818322892301466,-0.019490740740740746,3.459953703703704,0.11337962962962964,0.011262152052521708
2000-02-12,2000-05-12,0.007269012402351181,0.002309395094071682,0.0011122596111082436,7.318086987639509,0.004085560608461336,-0.0010818322892301466,-0.019490740740740746,3.459953703703704,0.11337962962962964,0.010398041222116447
2000-02-18,2000-05-18,0.007269012402351181,0.002309395094071682,0.0011122596111082436,7.318086987639509,0.004085560608461336,-0.0010818322892301466,-0.019490740740740746,3.459953703703704,0.11337962962962964,0.01070502119030787
2000-02-24,2000-05-24,0.007269012402351181,0.003900290750871684,0.0021584014856935677,7.4200949404302685,0.005142799448396775,-0.0006028389876505145,0.10236752126005239,2.385134534007569,0.16923967739965728,0.01046716388804995
2000-03-06,2000-06-06,0.007269012402351181,0.002309395094071682,0.0011122596111082436,7.318086987639509,0.004085560608461336,-0.0010818322892301466,-0.019490740740740746,3.459953703703704,0.11337962962962964,0.010321643741614839
2000-03-12,2000-06-12,0.007269012402351181,0.002309395094071682,0.0011122596111082436,7.318086987639509,0.004085560608461336,-0.0010818322892301466,-0.019490740740740746,3.459953703703704,0.11337962962962964,0.011105069343384377
2000-03-18,2000-06-18,0.007269012402351181,0.002309395094071682,0.0011122596111082436,7.318086987639509,0.004085560608461336,-0.0010818322892301466,-0.019490740740740746,3.459953703703704,0.11337962962962964,0.012476213475330056
2000-03-24,2000-06-24,0.009777280762911006,0.003797521562948376,0.002104593966143931,7.382074631861872,0.005036024925715581,-0.0008318051367364758,0.08567224581003377,2.38234783210749,0.16745808431266812,0.01173901982169202
2000-04-06,2000-07-06,0.007269012402351181,0.002309395094071682,0.0011122596111082436,7.318086987639509,0.004085560608461336,-0.0010818322892301466,-0.019490740740740746,3.459953703703704,0.11337962962962964,0.010988554485520384
2000-04-12,2000-07-12,0.007269012402351181,0.002309395094071682,0.0011122596111082436,7.318086987639509,0.004085560608461336,-0.0010818322892301466,-0.019490740740740746,3.459953703703704,0.11337962962962964,0.010240046818200727
2000-04-18,2000-07-18,0.007269012402351181,0.002309395094071682,0.0011122596111082436,7.318086987639509,0.004085560608461336,-0.0010818322892301466,-0.019490740740740746,3.459953703703704,0.11337962962962964,0.013523390171111642
2000-04-24,2000-07-24,0.007269012402351181,0.003400142311776024,0.0019475569816813168,7.361814871252017,0.004818959876306646,-0.0011001637826228564,0.06071031114550814,2.2744421551607363,0.1402019917367626,0.013074764207871539
2000-05-06,2000-08-06,0.007269012402351181,0.002309395094071682,0.0011122596111082436,7.318086987639509,0.004085560608461336,-0.0010818322892301466,-0.019490740740740746,3.459953703703704,0.11337962962962964,0.012175445655667173
2000-05-12,2000-08-12,0.007269012402351181,0.002309395094071682,0.0011122596111082436,7.318086987639509,0.004085560608461336,-0.0010818322892301466,-0.019490740740740746,3.459953703703704,0.11337962962962964,0.011639830058196193
2000-05-18,2000-08-18,0.007269012402351181,0.002309395094071682,0.0011122596111082436,7.318086987639509,0.004085560608461336,-0.0010818322892301466,-0.019490740740740746,3.459953703703704,0.11337962962962964,0.011435091724263857
2000-05-24,2000-08-24,0.007269012402351181,0.003702666114434743,0.002015585623470058,7.351306251796108,0.004897403296448436,-0.0007459473019740242,0.07119241648799782,2.4947005601509162,0.17088093460606063,0.011344451970860371
2000-06-06,2000-09-06,0.007269012402351181,0.002309395094071682,0.0011122596111082436,7.318086987639509,0.004085560608461336,-0.0010818322892301466,-0.019490740740740746,3.459953703703704,0.11337962962962964,0.011654521276464724
2000-06-12,2000-09-12,0.007269012402351181,0.002309395094071682,0.0011122596111082436,7.318086987639509,0.004085560608461336,-0.0010818322892301466,-0.019490740740740746,3.459953703703704,0.11337962962962964,0.01081522196906102
2000-06-18,2000-09-18,0.007269012402351181,0.002309395094071682,0.0011122596111082436,7.318086987639509,0.004085560608461336,-0.0010818322892301466,-0.019490740740740746,3.459953703703704,0.11337962962962964,0.010188865508737389
2000-06-24,2000-09-24,0.008142929378628894,0.002758495897169201,0.0016906936579526959,7.344171760078468,0.004282756488123738,-8.205528726944016e-05,0.03219692307908897,1.9146115462281716,0.09986777041974416,0.009872396858466496
2000-07-06,2000-10-06,0.007269012402351181,0.002309395094071682,0.0011122596111082436,7.318086987639509,0.004085560608461336,-0.0010818322892301466,-0.019490740740740746,3.459953703703704,0.11337962962962964,0.009572519637453102
2000-07-12,2000-10-12,0.007269012402351181,0.002309395094071682,0.0011122596111082436,7.318086987639509,0.004085560608461336,-0.0010818322892301466,-0.019490740740740746,3.459953703703704,0.11337962962962964,0.009610916380130962
2000-07-18,2000-10-18,0.007269012402351181,0.002309395094071682,0.0011122596111082436,7.318086987639509,0.004085560608461336,-0.0010818322892301466,-0.019490740740740746,3.459953703703704,0.11337962962962964,0.009093421868631523
2000-07-24,2000-10-24,0.007269012402351181,0.0018975038943946998,0.0012803043715961732,7.296885980702999,0.0036853726032649923,7.124308934362399e-05,-0.022072999793731053,1.8371816885224372,0.05205437522323668,0.009429649819248874
2000-08-06,2000-11-06,0.007269012402351181,0.002309395094071682,0.0011122596111082436,7.318086987639509,0.004085560608461336,-0.0010818322892301466,-0.019490740740740746,3.459953703703704,0.11337962962962964,0.009658942997279107
2000-08-12,2000-11-12,0.007269012402351181,0.002309395094071682,0.0011122596111082436,7.318086987639509,0.004085560608461336,-0.0010818322892301466,-0.019490740740740746,3.459953703703704,0.11337962962962964,0.009170018979060116
2000-08-18,2000-11-18,0.007269012402351181,0.002309395094071682,0.0011122596111082436,7.318086987639509,0.004085560608461336,-0.0010818322892301466,-0.019490740740740746,3.459953703703704,0.11337962962962964,0.009008302162864013
2000-08-24,2000-11-24,0.007269012402351181,0.0010809314383709505,0.0008848120802058218,7.304695383992014,0.003244524743943882,0.00015605147964231972,-0.06011499199474212,1.8791027577838408,0.0002750034209797747,0.008310244762031037
2000-09-06,2000-12-06,0.007269012402351181,0.002309395094071682,0.0011122596111082436,7.318086987639509,0.004085560608461336,-0.0010818322892301466,-0.019490740740740746,3.459953703703704,0.11337962962962964,0.008479234077316294
2000-09-12,2000-12-12,0.007269012402351181,0.002309395094071682,0.0011122596111082436,7.318086987639509,0.004085560608461336,-0.0010818322892301466,-0.019490740740740746,3.459953703703704,0.11337962962962964,0.008473013131478418
2000-09-18,2000-12-18,0.007269012402351181,0.002309395094071682,0.0011122596111082436,7.318086987639509,0.004085560608461336,-0.0010818322892301466,-0.019490740740740746,3.459953703703704,0.11337962962962964,0.008530815005202403
2000-09-24,2000-12-24,0.005205058338809547,0.0007598559012493415,0.0007195391253182878,7.29285950113035,0.003068510212359251,-2.122215531693639e-05,-0.08066001843859003,1.942813435641302,-0.017755611485714973,0.008730695230562295
2000-10-06,2001-01-06,0.007269012402351181,0.002309395094071682,0.0011122596111082436,7.318086987639509,0.004085560608461336,-0.0010818322892301466,-0.019490740740740746,3.459953703703704,0.11337962962962964,0.009324356344333108
2000-10-12,2001-01-12,0.007269012402351181,0.002309395094071682,0.0011122596111082436,7.318086987639509,0.004085560608461336,-0.0010818322892301466,-0.019490740740740746,3.459953703703704,0.11337962962962964,0.009752848401862572
2000-10-18,2001-01-18,0.007269012402351181,0.002309395094071682,0.0011122596111082436,7.318086987639509,0.004085560608461336,-0.0010818322892301466,-0.019490740740740746,3.459953703703704,0.11337962962962964,0.011893076927783833
2000-10-24,2001-01-24,0.007269012402351181,0.00029658380054435086,0.0005167330461526571,7.302342373915199,0.0029544144486469436,-0.0007825611953741832,-0.10430137485533772,2.013894551162937,-0.05324048058612291,0.011100534093866833
2000-11-06,2001-02-06,0.007269012402351181,0.002309395094071682,0.0011122596111082436,7.318086987639509,0.004085560608461336,-0.0010818322892301466,-0.019490740740740746,3.459953703703704,0.11337962962962964,0.01111073473021917
2000-11-12,2001-02-12,0.007269012402351181,0.002309395094071682,0.0011122596111082436,7.318086987639509,0.004085560608461336,-0.0010818322892301466,-0.019490740740740746,3.459953703703704,0.11337962962962964,0.010399842810409163
2000-11-18,2001-02-18,0.007269012402351181,0.002309395094071682,0.0011122596111082436,7.318086987639509,0.004085560608461336,-0.0010818322892301466,-0.019490740740740746,3.459953703703704,0.11337962962962964,0.010963254831535006
2000-11-24,2001-02-24,0.007269012402351181,0.0005338326834291272,0.0006468720934715039,7.309848364419206,0.0030639146359049746,-0.0005269568589903032,-0.08839443328858376,1.9145496299980238,-0.04022877202522657,0.010466953729975567
2000-12-06,2001-03-06,0.007269012402351181,0.002309395094071682,0.0011122596111082436,7.318086987639509,0.004085560608461336,-0.0010818322892301466,-0.019490740740740746,3.459953703703704,0.11337962962962964,0.010342523651362364
2000-12-12,2001-03-12,0.007269012402351181,0.002309395094071682,0.0011122596111082436,7.318086987639509,0.004085560608461336,-0.0010818322892301466,-0.019490740740740746,3.459953703703704,0.11337962962962964,0.011761557117503568
2000-12-18,2001-03-18,0.007269012402351181,0.002309395094071682,0.0011122596111082436,7.318086987639509,0.004085560608461336,-0.0010818322892301466,-0.019490740740740746,3.459953703703704,0.11337962962962964,0.011065905395601766
2000-12-24,2001-03-24,0.004693434366381746,0.0001502013610479671,0.0005119575973366298,7.309387322059408,0.002894452689619428,-0.0007558915614093004,-0.1064476279712668,1.7701886473213775,-0.07088155391584641,0.011541767879672177
2001-01-06,2001-04-06,0.007269012402351181,0.002309395094071682,0.0011122596111082436,7.318086987639509,0.004085560608461336,-0.0010818322892301466,-0.019490740740740746,3.459953703703704,0.11337962962962964,0.011747880706067016
2001-01-12,2001-04-12,0.007269012402351181,0.002309395094071682,0.0011122596111082436,7.318086987639509,0.004085560608461336,-0.0010818322892301466,-0.019490740740740746,3.459953703703704,0.11337962962962964,0.012641352587902333
2001-01-18,2001-04-18,0.007269012402351181,0.002309395094071682,0.0011122596111082436,7.318086987639509,0.004085560608461336,-0.0010818322892301466,-0.019490740740740746,3.459953703703704,0.11337962962962964,0.01067479152130675
2001-01-24,2001-04-24,0.007269012402351181,-0.0008809909278956044,-6.360627146900148e-05,7.345608379428689,0.002430202598872836,-0.0009350683803617793,-0.15258989142721044,2.2049978425960832,-0.13197032421888885,0.009821939537956521
2001-02-06,2001-05-06,0.007269012402351181,0.002309395094071682,0.0011122596111082436,7.318086987639509,0.004085560608461336,-0.0010818322892301466,-0.019490740740740746,3.459953703703704,0.11337962962962964,0.009707671154003185
2001-02-12,2001-05-12,0.007269012402351181,0.002309395094071682,0.0011122596111082436,7.318086987639509,0.004085560608461336,-0.0010818322892301466,-0.019490740740740746,3.459953703703704,0.11337962962962964,0.009615203244034276
2001-02-18,2001-05-18,0.007269012402351181,0.002309395094071682,0.0011122596111082436,7.318086987639509,0.004085560608461336,-0.0010818322892301466,-0.019490740740740746,3.459953703703704,0.11337962962962964,0.00956722449820013
2001-02-24,2001-05-24,0.007269012402351181,-0.001401513459877431,-0.0003899244249913503,7.359430544948378,0.0022430188306278953,-0.0014336337490881007,-0.1809806138519371,2.6196902770674466,-0.15955944547771697,0.010035708634107484
2001-03-06,2001-06-06,0.007269012402351181,0.002309395094071682,0.0011122596111082436,7.318086987639509,0.004085560608461336,-0.0010818322892301466,-0.019490740740740746,3.459953703703704,0.11337962962962964,0.01004446186098519
2001-03-12,2001-06-12,0.007269012402351181,0.002309395094071682,0.0011122596111082436,7.318086987639509,0.004085560608461336,-0.0010818322892301466,-0.019490740740740746,3.459953703703704,0.11337962962962964,0.010138342577785878
2001-03-18,2001-06-18,0.007269012402351181,0.002309395094071682,0.0011122596111082436,7.318086987639509,0.004085560608461336,-0.0010818322892301466,-0.019490740740740746,3.459953703703704,0.11337962962962964,0.012688889793283186
2001-03-24,2001-06-24,0.0019748349140997603,-0.0021164243435567395,-0.0007601186062808471,7.351964257460874,0.0019545445363739334,-0.002236932570726284,-0.22401943363680304,2.86183200681438,-0.20342787914527657,0.012075807789316089
2001-04-06,2001-07-06,0.007269012402351181,0.002309395094071682,0.0011122596111082436,7.318086987639509,0.004085560608461336,-0.0010818322892301466,-0.019490740740740746,3.459953703703704,0.11337962962962964,0.012309414705609317
2001-04-12,2001-07-12,0.007269012402351181,0.002309395094071682,0.0011122596111082436,7.318086987639509,0.004085560608461336,-0.0010818322892301466,-0.019490740740740746,3.459953703703704,0.11337962962962964,0.013340259280807162
2001-04-18,2001-07-18,0.007269012402351181,0.002309395094071682,0.0011122596111082436,7.318086987639509,0.004085560608461336,-0.0010818322892301466,-0.019490740740740746,3.459953703703704,0.11337962962962964,0.012301207355159978
2001-04-24,2001-07-24,0.007269012402351181,-0.002354271701115875,-0.0010184772577140737,7.38886419083524,0.0019909722544915304,-0.002911437864735697,-0.23639739452907282,3.5936179459696764,-0.20903908985778405,0.011974833982548951
2001-05-06,2001-08-06,0.007269012402351181,0.002309395094071682,0.0011122596111082436,7.318086987639509,0.004085560608461336,-0.0010818322892301466,-0.019490740740740746,3.459953703703704,0.11337962962962964,0.01122096884661882
2001-05-12,2001-08-12,0.007269012402351181,0.002309395094071682,0.0011122596111082436,7.318086987639509,0.004085560608461336,-0.0010818322892301466,-0.019490740740740746,3.459953703703704,0.11337962962962964,0.010258340027910283
2001-05-18,2001-08-18,0.007269012402351181,0.002309395094071682,0.0011122596111082436,7.318086987639509,0.004085560608461336,-0.0010818322892301466,-0.019490740740740746,3.459953703703704,0.11337962962962964,0.010279325404483406
2001-05-24,2001-08-24,0.007269012402351181,-0.0021557687462100046,-0.0010768492332873878,7.38778964602256,0.0020609260390359613,-0.0028004003853547375,-0.2334645149176781,4.167976634482473,-0.1781895011291769,0.009969182924247453
2001-06-06,2001-09-06,0.007269012402351181,0.002309395094071682,0.0011122596111082436,7.318086987639509,0.004085560608461336,-0.0010818322892301466,-0.019490740740740746,3.459953703703704,0.11337962962962964,0.00995303728127629
2001-06-12,2001-09-12,0.007269012402351181,0.002309395094071682,0.0011122596111082436,7.318086987639509,0.004085560608461336,-0.0010818322892301466,-0.019490740740740746,3.459953703703704,0.11337962962962964,0.009543062735778096
2001-06-18,2001-09-18,0.007269012402351181,0.002309395094071682,0.0011122596111082436,7.318086987639509,0.004085560608461336,-0.0010818322892301466,-0.019490740740740746,3.459953703703704,0.11337962962962964,0.009542344427664537
2001-06-24,2001-09-24,0.002444593225277499,-0.001785660135893092,-0.0009274921823079405,7.40624485093269,0.002281657749001833,-0.002677117903937536,-0.21087238003713435,4.275098795573912,-0.15356870859085023,0.009211231363471389
2001-07-06,2001-10-06,0.007269012402351181,0.002309395094071682,0.0011122596111082436,7.318086987639509,0.004085560608461336,-0.0010818322892301466,-0.019490740740740746,3.459953703703704,0.11337962962962964,0.00898611086387948
2001-07-12,2001-10-12,0.007269012402351181,0.002309395094071682,0.0011122596111082436,7.318086987639509,0.004085560608461336,-0.0010818322892301466,-0.019490740740740746,3.459953703703704,0.11337962962962964,0.009938316603924753
2001-07-18,2001-10-18,0.007269012402351181,0.002309395094071682,0.0011122596111082436,7.318086987639509,0.004085560608461336,-0.0010818322892301466,-0.019490740740740746,3.459953703703704,0.11337962962962964,0.00991298618999302
2001-07-24,2001-10-24,0.007269012402351181,-0.0014790959615838925,-0.0008023542395710986,7.424444932566928,0.002534811537580138,-0.0029970530130384657,-0.19361916996029988,4.427283634926063,-0.1352593784803479,0.010031063305333997
2001-08-06,2001-11-06,0.007269012402351181,0.002309395094071682,0.0011122596111082436,7.318086987639509,0.004085560608461336,-0.0010818322892301466,-0.019490740740740746,3.459953703703704,0.11337962962962964,0.009442986792489508
2001-08-12,2001-11-12,0.007269012402351181,0.002309395094071682,0.0011122596111082436,7.318086987639509,0.004085560608461336,-0.0010818322892301466,-0.019490740740740746,3.459953703703704,0.11337962962962964,0.0093670162438899
2001-08-18,2001-11-18,0.007269012402351181,0.002309395094071682,0.0011122596111082436,7.318086987639509,0.004085560608461336,-0.0010818322892301466,-0.019490740740740746,3.459953703703704,0.11337962962962964,0.009152235865182884
2001-08-24,2001-11-24,0.007269012402351181,-0.0013356012448947105,-0.0007508438935834116,7.396705671335174,0.002518765053045563,-0.0027963586886519762,-0.19363856088583958,4.416359358711366,-0.11981826465186121,0.009682840373456382
2001-09-06,2001-12-06,0.007269012402351181,0.002309395094071682,0.0011122596111082436,7.318086987639509,0.004085560608461336,-0.0010818322892301466,-0.019490740740740746,3.459953703703704,0.11337962962962964,0.009812378409464346
2001-09-12,2001-12-12,0.007269012402351181,0.002309395094071682,0.0011122596111082436,7.318086987639509,0.004085560608461336,-0.0010818322892301466,-0.019490740740740746,3.459953703703704,0.11337962962962964,0.009917590510527697
2001-09-18,2001-12-18,0.007269012402351181,0.002309395094071682,0.0011122596111082436,7.318086987639509,0.004085560608461336,-0.0010818322892301466,-0.019490740740740746,3.459953703703704,0.11337962962962964,0.011064419791984626
2001-09-24,2001-12-24,0.0021751519952202944,-0.0019995395857932206,-0.0012094307620641941,7.376675930698896,0.002326393801905857,-0.004331344907963603,-0.24680052277271275,5.1897789335606666,-0.14841151851193654,0.013207739092713248
2001-10-06,2002-01-06,0.007269012402351181,0.002309395094071682,0.0011122596111082436,7.318086987639509,0.004085560608461336,-0.0010818322892301466,-0.019490740740740746,3.459953703703704,0.11337962962962964,0.012018162767839513
2001-10-12,2002-01-12,0.007269012402351181,0.002309395094071682,0.0011122596111082436,7.318086987639509,0.004085560608461336,-0.0010818322892301466,-0.019490740740740746,3.459953703703704,0.11337962962962964,0.011242741513327801
2001-10-18,2002-01-18,0.007269012402351181,0.002309395094071682,0.0011122596111082436,7.318086987639509,0.004085560608461336,-0.0010818322892301466,-0.019490740740740746,3.459953703703704,0.11337962962962964,0.010720286673214171
2001-10-24,2002-01-24,0.007269012402351181,-0.0017640319341616921,-0.0012473575067834454,7.383848332159116,0.0023970610200843637,-0.003967219879914654,-0.2383268479516393,5.726447210666406,-0.11570625938460782,0.010245938450614198
2001-11-06,2002-02-06,0.007269012402351181,0.002309395094071682,0.0011122596111082436,7.318086987639509,0.004085560608461336,-0.0010818322892301466,-0.019490740740740746,3.459953703703704,0.11337962962962964,0.01090206856930883
2001-11-12,2002-02-12,0.007269012402351181,0.002309395094071682,0.0011122596111082436,7.318086987639509,0.004085560608461336,-0.0010818322892301466,-0.019490740740740746,3.459953703703704,0.11337962962962964,0.01028700754885917
2001-11-18,2002-02-18,0.007269012402351181,0.002309395094071682,0.0011122596111082436,7.318086987639509,0.004085560608461336,-0.0010818322892301466,-0.019490740740740746,3.459953703703704,0.11337962962962964,0.009743228463587997
2001-11-24,2002-02-24,0.007269012402351181,-0.0014662819701083923,-0.0011625856080492677,7.408799166213983,0.0026055830207667523,-0.003953055742158135,-0.2195803396986468,5.979457444596806,-0.09344233815602726,0.009359831418459922
2001-12-06,2002-03-06,0.007269012402351181,0.002309395094071682,0.0011122596111082436,7.318086987639509,0.004085560608461336,-0.0010818322892301466,-0.019490740740740746,3.459953703703704,0.11337962962962964,0.009596830875108618
2001-12-12,2002-03-12,0.007269012402351181,0.002309395094071682,0.0011122596111082436,7.318086987639509,0.004085560608461336,-0.0010818322892301466,-0.019490740740740746,3.459953703703704,0.11337962962962964,0.00995617406372459
2001-12-18,2002-03-18,0.007269012402351181,0.002309395094071682,0.0011122596111082436,7.318086987639509,0.004085560608461336,-0.0010818322892301466,-0.019490740740740746,3.459953703703704,0.11337962962962964,0.009571803423200236
2001-12-24,2002-03-24,0.004162581287929178,-0.00036280538152860895,-0.0007469427503958735,7.4134926064988305,0.0032112394101438627,-0.004005947023498812,-0.16934334711151106,6.400953804421873,-0.011497616609935674,0.009026821399015141
2002-01-06,2002-04-06,0.007269012402351181,0.002309395094071682,0.0011122596111082436,7.318086987639509,0.004085560608461336,-0.0010818322892301466,-0.019490740740740746,3.459953703703704,0.11337962962962964,0.008722282822689536
2002-01-12,2002-04-12,0.007269012402351181,0.002309395094071682,0.0011122596111082436,7.318086987639509,0.004085560608461336,-0.0010818322892301466,-0.019490740740740746,3.459953703703704,0.11337962962962964,0.008569133715242547
2002-01-18,2002-04-18,0.007269012402351181,0.002309395094071682,0.0011122596111082436,7.318086987639509,0.004085560608461336,-0.0010818322892301466,-0.019490740740740746,3.459953703703704,0.11337962962962964,0.009057176691651703
2002-01-24,2002-04-24,0.007269012402351181,0.00040193652423729104,-0.000326603044384099,7.450506797932872,0.0037029017798893963,-0.003911594456520342,-0.11859136736239773,6.208759209240258,0.026001718436964458,0.00934425796004135
2002-02-06,2002-05-06,0.007269012402351181,0.002309395094071682,0.0011122596111082436,7.318086987639509,0.004085560608461336,-0.0010818322892301466,-0.019490740740740746,3.459953703703704,0.11337962962962964,0.010120173141448079
2002-02-12,2002-05-12,0.007269012402351181,0.002309395094071682,0.0011122596111082436,7.318086987639509,0.004085560608461336,-0.0010818322892301466,-0.019490740740740746,3.459953703703704,0.11337962962962964,0.01031960867274647
2002-02-18,2002-05-18,0.007269012402351181,0.002309395094071682,0.0011122596111082436,7.318086987639509,0.004085560608461336,-0.0010818322892301466,-0.019490740740740746,3.459953703703704,0.11337962962962964,0.009807435730705295
2002-02-24,2002-05-24,0.007269012402351181,0.001150635881439594,8.222094999354394e-05,7.515850101540175,0.004295493340436381,-0.004128932312316759,-0.06295369701580592,6.123564991207605,0.058064523386728524,0.010244319700844287
2002-03-06,2002-06-06,0.007269012402351181,0.002309395094071682,0.0011122596111082436,7.318086987639509,0.004085560608461336,-0.0010818322892301466,-0.019490740740740746,3.459953703703704,0.11337962962962964,0.009958845739411708
2002-03-12,2002-06-12,0.007269012402351181,0.002309395094071682,0.0011122596111082436,7.318086987639509,0.004085560608461336,-0.0010818322892301466,-0.019490740740740746,3.459953703703704,0.11337962962962964,0.010171909533005685
2002-03-18,2002-06-18,0.007269012402351181,0.002309395094071682,0.0011122596111082436,7.318086987639509,0.004085560608461336,-0.0010818322892301466,-0.019490740740740746,3.459953703703704,0.11337962962962964,0.009391824066497686
2002-03-24,2002-06-24,0.007934243882413127,0.0022208541964770664,0.0005195668868432294,7.484004090562147,0.004748655336518184,-0.0037998277483189844,-0.020261202798848674,6.284147759423215,0.1397561968717141,0.009568816466784924
2002-04-06,2002-07-06,0.007269012402351181,0.002309395094071682,0.0011122596111082436,7.318086987639509,0.004085560608461336,-0.0010818322892301466,-0.019490740740740746,3.459953703703704,0.11337962962962964,0.00887495721796849
2002-04-12,2002-07-12,0.007269012402351181,0.002309395094071682,0.0011122596111082436,7.318086987639509,0.004085560608461336,-0.0010818322892301466,-0.019490740740740746,3.459953703703704,0.11337962962962964,0.008942661382998925
2002-04-18,2002-07-18,0.007269012402351181,0.002309395094071682,0.0011122596111082436,7.318086987639509,0.004085560608461336,-0.0010818322892301466,-0.019490740740740746,3.459953703703704,0.11337962962962964,0.00996053817705626
2002-04-24,2002-07-24,0.007269012402351181,0.002392859336545629,0.000596140910756416,7.448186620129709,0.004737727518719228,-0.003640059538568975,-0.020714545744183653,6.221514324653732,0.15659237611988538,0.009648237318785235
2002-05-06,2002-08-06,0.007269012402351181,0.002309395094071682,0.0011122596111082436,7.318086987639509,0.004085560608461336,-0.0010818322892301466,-0.019490740740740746,3.459953703703704,0.11337962962962964,0.00952276266738446
2002-05-12,2002-08-12,0.007269012402351181,0.002309395094071682,0.0011122596111082436,7.318086987639509,0.004085560608461336,-0.0010818322892301466,-0.019490740740740746,3.459953703703704,0.11337962962962964,0.011084377556745188
2002-05-18,2002-08-18,0.007269012402351181,0.002309395094071682,0.0011122596111082436,7.318086987639509,0.004085560608461336,-0.0010818322892301466,-0.019490740740740746,3.459953703703704,0.11337962962962964,0.011102631703790883
2002-05-24,2002-08-24,0.007269012402351181,0.002841234492087588,0.0008310263717646986,7.4946316679528,0.005122286763925068,-0.003867092271417445,0.013561074945775062,6.235478025113196,0.17562969682353868,0.010293820304409783
2002-06-06,2002-09-06,0.007269012402351181,0.002309395094071682,0.0011122596111082436,7.318086987639509,0.004085560608461336,-0.0010818322892301466,-0.019490740740740746,3.459953703703704,0.11337962962962964,0.009915091073722331
2002-06-12,2002-09-12,0.007269012402351181,0.002309395094071682,0.0011122596111082436,7.318086987639509,0.004085560608461336,-0.0010818322892301466,-0.019490740740740746,3.459953703703704,0.11337962962962964,0.010354388607574063
2002-06-18,2002-09-18,0.007269012402351181,0.002309395094071682,0.0011122596111082436,7.318086987639509,0.004085560608461336,-0.0010818322892301466,-0.019490740740740746,3.459953703703704,0.11337962962962964,0.010377153982040803
2002-06-24,2002-09-24,0.009070721424972672,0.00298516689079218,0.000947136232405875,7.494169522431811,0.00520130559620209,-0.0038390145767380774,0.022923669282811227,6.041737146612248,0.17941978964681926,0.010867619241894638
2002-07-06,2002-10-06,0.007269012402351181,0.002309395094071682,0.0011122596111082436,7.318086987639509,0.004085560608461336,-0.0010818322892301466,-0.019490740740740746,3.459953703703704,0.11337962962962964,0.010746711683740756
2002-07-12,2002-10-12,0.007269012402351181,0.002309395094071682,0.0011122596111082436,7.318086987639509,0.004085560608461336,-0.0010818322892301466,-0.019490740740740746,3.459953703703704,0.11337962962962964,0.012540557240602511
2002-07-18,2002-10-18,0.007269012402351181,0.002309395094071682,0.0011122596111082436,7.318086987639509,0.004085560608461336,-0.0010818322892301466,-0.019490740740740746,3.459953703703704,0.11337962962962964,0.012461737897309403
2002-07-24,2002-10-24,0.007269012402351181,0.002399049147202557,0.0007232008347962053,7.474095797048912,0.005028021311290268,-0.0050574670706873244,-0.015407179354495606,5.9934812644374995,0.13404266494939088,0.015651041416024993
2002-08-06,2002-11-06,0.007269012402351181,0.002309395094071682,0.0011122596111082436,7.318086987639509,0.004085560608461336,-0.0010818322892301466,-0.019490740740740746,3.459953703703704,0.11337962962962964,0.015058325955064275
2002-08-12,2002-11-12,0.007269012402351181,0.002309395094071682,0.0011122596111082436,7.318086987639509,0.004085560608461336,-0.0010818322892301466,-0.019490740740740746,3.459953703703704,0.11337962962962964,0.015150452471890674
2002-08-18,2002-11-18,0.007269012402351181,0.002309395094071682,0.0011122596111082436,7.318086987639509,0.004085560608461336,-0.0010818322892301466,-0.019490740740740746,3.459953703703704,0.11337962962962964,0.014216351508759505
2002-08-24,2002-11-24,0.007269012402351181,0.002533527159032675,0.0008026890073784362,7.46966904912223,0.004965659996550663,-0.0042111011843054425,-0.0046088502730578604,5.794164336622316,0.1444514009570499,0.013041355634679517
2002-09-06,2002-12-06,0.007269012402351181,0.002309395094071682,0.0011122596111082436,7.318086987639509,0.004085560608461336,-0.0010818322892301466,-0.019490740740740746,3.459953703703704,0.11337962962962964,0.012504487859684601
2002-09-12,2002-12-12,0.007269012402351181,0.002309395094071682,0.0011122596111082436,7.318086987639509,0.004085560608461336,-0.0010818322892301466,-0.019490740740740746,3.459953703703704,0.11337962962962964,0.012718976222621928
2002-09-18,2002-12-18,0.007269012402351181,0.002309395094071682,0.0011122596111082436,7.318086987639509,0.004085560608461336,-0.0010818322892301466,-0.019490740740740746,3.459953703703704,0.11337962962962964,0.011829256718292921
2002-09-24,2002-12-24,0.008254512362504457,0.0021995080528917216,0.000714590964892572,7.508252296550414,0.004845731680024898,-0.003993216381274373,-0.006265786550518996,5.550428465477826,0.11074231726024755,0.012238896824344234
2002-10-06,2003-01-06,0.007269012402351181,0.002309395094071682,0.0011122596111082436,7.318086987639509,0.004085560608461336,-0.0010818322892301466,-0.019490740740740746,3.459953703703704,0.11337962962962964,0.013433644683366674
2002-10-12,2003-01-12,0.007269012402351181,0.002309395094071682,0.0011122596111082436,7.318086987639509,0.004085560608461336,-0.0010818322892301466,-0.019490740740740746,3.459953703703704,0.11337962962962964,0.013798481296898832
2002-10-18,2003-01-18,0.007269012402351181,0.002309395094071682,0.0011122596111082436,7.318086987639509,0.004085560608461336,-0.0010818322892301466,-0.019490740740740746,3.459953703703704,0.11337962962962964,0.014790459718424527
2002-10-24,2003-01-24,0.007269012402351181,0.0028105942378996744,0.0009080175010638824,7.489652106222066,0.005157837822403009,-0.004211611568549762,0.01313886931687893,5.923408066909159,0.16248299029822,0.012624944262826444
2002-11-06,2003-02-06,0.007269012402351181,0.002309395094071682,0.0011122596111082436,7.318086987639509,0.004085560608461336,-0.0010818322892301466,-0.019490740740740746,3.459953703703704,0.11337962962962964,0.012212430816540717
2002-11-12,2003-02-12,0.007269012402351181,0.002309395094071682,0.0011122596111082436,7.318086987639509,0.004085560608461336,-0.0010818322892301466,-0.019490740740740746,3.459953703703704,0.11337962962962964,0.0115936564029356
2002-11-18,2003-02-18,0.007269012402351181,0.002309395094071682,0.0011122596111082436,7.318086987639509,0.004085560608461336,-0.0010818322892301466,-0.019490740740740746,3.459953703703704,0.11337962962962964,0.011327099888990083
2002-11-24,2003-02-24,0.007269012402351181,0.0026436980545635185,0.0007692839571969436,7.502346466704492,0.005072597671021097,-0.004110198397049994,0.006066628675465934,6.1624312509513555,0.15744797014491577,0.01124920865651368
2002-12-06,2003-03-06,0.007269012402351181,0.002309395094071682,0.0011122596111082436,7.318086987639509,0.004085560608461336,-0.0010818322892301466,-0.019490740740740746,3.459953703703704,0.11337962962962964,0.011133464007248491
2002-12-12,2003-03-12,0.007269012402351181,0.002309395094071682,0.0011122596111082436,7.318086987639509,0.004085560608461336,-0.0010818322892301466,-0.019490740740740746,3.459953703703704,0.11337962962962964,0.010625543094035449
2002-12-18,2003-03-18,0.007269012402351181,0.002309395094071682,0.0011122596111082436,7.318086987639509,0.004085560608461336,-0.0010818322892301466,-0.019490740740740746,3.459953703703704,0.11337962962962964,0.010745632068937925
2002-12-24,2003-03-24,0.008158657120722279,0.002202651509438147,0.000563754111715787,7.522923708246586,0.004844341510152015,-0.0038813025908169428,-0.008735233307312755,6.150875487204274,0.12705518465658458,0.009837600305044797
2003-01-06,2003-04-06,0.007269012402351181,0.002309395094071682,0.0011122596111082436,7.318086987639509,0.004085560608461336,-0.0010818322892301466,-0.019490740740740746,3.459953703703704,0.11337962962962964,0.01011409980704641
2003-01-12,2003-04-12,0.007269012402351181,0.002309395094071682,0.0011122596111082436,7.318086987639509,0.004085560608461336,-0.0010818322892301466,-0.019490740740740746,3.459953703703704,0.11337962962962964,0.010912987364335216
2003-01-18,2003-04-18,0.007269012402351181,0.002309395094071682,0.0011122596111082436,7.318086987639509,0.004085560608461336,-0.0010818322892301466,-0.019490740740740746,3.459953703703704,0.11337962962962964,0.010127073532602044
2003-01-24,2003-04-24,0.007269012402351181,0.002732243719512199,0.000887215407219817,7.550530203892164,0.005219857963406371,-0.0039924385893150135,0.027493925864172458,5.921393453782883,0.1483732862005595,0.01102167275678918
2003-02-06,2003-05-06,0.007269012402351181,0.002309395094071682,0.0011122596111082436,7.318086987639509,0.004085560608461336,-0.0010818322892301466,-0.019490740740740746,3.459953703703704,0.11337962962962964,0.01097733134430768
2003-02-12,2003-05-12,0.007269012402351181,0.002309395094071682,0.0011122596111082436,7.318086987639509,0.004085560608461336,-0.0010818322892301466,-0.019490740740740746,3.459953703703704,0.11337962962962964,0.010630278784369568
2003-02-18,2003-05-18,0.007269012402351181,0.002309395094071682,0.0011122596111082436,7.318086987639509,0.004085560608461336,-0.0010818322892301466,-0.019490740740740746,3.459953703703704,0.11337962962962964,0.010263717000309239
2003-02-24,2003-05-24,0.007269012402351181,0.002201685784400934,0.0006519210092899464,7.488581284074405,0.004739451494475844,-0.0036238177024175058,-0.012382152079808653,5.71223138001654,0.12219368147816177,0.010516911839452957
2003-03-06,2003-06-06,0.007269012402351181,0.002309395094071682,0.0011122596111082436,7.318086987639509,0.004085560608461336,-0.0010818322892301466,-0.019490740740740746,3.459953703703704,0.11337962962962964,0.01019585117484038
2003-03-12,2003-06-12,0.007269012402351181,0.002309395094071682,0.0011122596111082436,7.318086987639509,0.004085560608461336,-0.0010818322892301466,-0.019490740740740746,3.459953703703704,0.11337962962962964,0.010364159439257909
2003-03-18,2003-06-18,0.007269012402351181,0.002309395094071682,0.0011122596111082436,7.318086987639509,0.004085560608461336,-0.0010818322892301466,-0.019490740740740746,3.459953703703704,0.11337962962962964,0.01188993706312828
2003-03-24,2003-06-24,0.007311956819998297,0.0015751622685495573,0.0003828074005511954,7.4892657953220265,0.004468735710052118,-0.004056682766475328,-0.04409389175893774,5.678200889568106,0.0773778507546092,0.011886367390513262
2003-04-06,2003-07-06,0.007269012402351181,0.002309395094071682,0.0011122596111082436,7.318086987639509,0.004085560608461336,-0.0010818322892301466,-0.019490740740740746,3.459953703703704,0.11337962962962964,0.011524401656855858
2003-04-12,2003-07-12,0.007269012402351181,0.002309395094071682,0.0011122596111082436,7.318086987639509,0.004085560608461336,-0.0010818322892301466,-0.019490740740740746,3.459953703703704,0.11337962962962964,0.010750967032471723
2003-04-18,2003-07-18,0.007269012402351181,0.002309395094071682,0.0011122596111082436,7.318086987639509,0.004085560608461336,-0.0010818322892301466,-0.019490740740740746,3.459953703703704,0.11337962962962964,0.010444099163977202
2003-04-24,2003-07-24,0.007269012402351181,0.0015202341234444895,0.00035394133809579114,7.469019663400205,0.004317321862927228,-0.003552450214290028,-0.0495807600964501,5.581480933534446,0.0787077507441821,0.010370230108861971
2003-05-06,2003-08-06,0.007269012402351181,0.002309395094071682,0.0011122596111082436,7.318086987639509,0.004085560608461336,-0.0010818322892301466,-0.019490740740740746,3.459953703703704,0.11337962962962964,0.010100793464315836
2003-05-12,2003-08-12,0.007269012402351181,0.002309395094071682,0.0011122596111082436,7.318086987639509,0.004085560608461336,-0.0010818322892301466,-0.019490740740740746,3.459953703703704,0.11337962962962964,0.009724001571345217
2003-05-18,2003-08-18,0.007269012402351181,0.002309395094071682,0.0011122596111082436,7.318086987639509,0.004085560608461336,-0.0010818322892301466,-0.019490740740740746,3.459953703703704,0.11337962962962964,0.009696207878166906
2003-05-24,2003-08-24,0.007269012402351181,0.0014477888235423786,0.0004309939191607282,7.486665010509782,0.00425968558606657,-0.003079174818282314,-0.04062376396126173,5.102366981049562,0.06058898213540284,0.00967977079064258
2003-06-06,2003-09-06,0.007269012402351181,0.002309395094071682,0.0011122596111082436,7.318086987639509,0.004085560608461336,-0.0010818322892301466,-0.019490740740740746,3.459953703703704,0.11337962962962964,0.00953784566009969
2003-06-12,2003-09-12,0.007269012402351181,0.002309395094071682,0.0011122596111082436,7.318086987639509,0.004085560608461336,-0.0010818322892301466,-0.019490740740740746,3.459953703703704,0.11337962962962964,0.009394054616370589
2003-06-18,2003-09-18,0.007269012402351181,0.002309395094071682,0.0011122596111082436,7.318086987639509,0.004085560608461336,-0.0010818322892301466,-0.019490740740740746,3.459953703703704,0.11337962962962964,0.009668261279277427
2003-06-24,2003-09-24,0.007122971613799319,0.0013270103385118527,0.00043198240362744323,7.527446337828873,0.004289330343328061,-0.0030609342050759566,-0.032850881135351874,4.936801057821016,0.040840932217695164,0.00955782216928567
2003-07-06,2003-10-06,0.007269012402351181,0.002309395094071682,0.0011122596111082436,7.318086987639509,0.004085560608461336,-0.0010818322892301466,-0.019490740740740746,3.459953703703704,0.11337962962962964,0.009338783313818681
2003-07-12,2003-10-12,0.007269012402351181,0.002309395094071682,0.0011122596111082436,7.318086987639509,0.004085560608461336,-0.0010818322892301466,-0.019490740740740746,3.459953703703704,0.11337962962962964,0.009541107514851504
2003-07-18,2003-10-18,0.007269012402351181,0.002309395094071682,0.0011122596111082436,7.318086987639509,0.004085560608461336,-0.0010818322892301466,-0.019490740740740746,3.459953703703704,0.11337962962962964,0.009382762934287367
2003-07-24,2003-10-24,0.007269012402351181,0.0018363873334947232,0.000553042942989689,7.554013652927301,0.0046701317093017294,-0.0034542573095239478,-0.008486758213358064,5.502059358622059,0.08230877875217299,0.00948042746439941
2003-08-06,2003-11-06,0.007269012402351181,0.002309395094071682,0.0011122596111082436,7.318086987639509,0.004085560608461336,-0.0010818322892301466,-0.019490740740740746,3.459953703703704,0.11337962962962964,0.009119678255369714
2003-08-12,2003-11-12,0.007269012402351181,0.002309395094071682,0.0011122596111082436,7.318086987639509,0.004085560608461336,-0.0010818322892301466,-0.019490740740740746,3.459953703703704,0.11337962962962964,0.009280327639965993
2003-08-18,2003-11-18,0.007269012402351181,0.002309395094071682,0.0011122596111082436,7.318086987639509,0.004085560608461336,-0.0010818322892301466,-0.019490740740740746,3.459953703703704,0.11337962962962964,0.008746969545522251
2003-08-24,2003-11-24,0.007269012402351181,0.002238886105525932,0.0006495373525287143,7.55877149294211,0.0048791975399408915,-0.0033953545602427157,0.008490042529531366,5.863796269413367,0.1184635350140851,0.008393346270098832
2003-09-06,2003-12-06,0.007269012402351181,0.002309395094071682,0.0011122596111082436,7.318086987639509,0.004085560608461336,-0.0010818322892301466,-0.019490740740740746,3.459953703703704,0.11337962962962964,0.008363214749289635
2003-09-12,2003-12-12,0.007269012402351181,0.002309395094071682,0.0011122596111082436,7.318086987639509,0.004085560608461336,-0.0010818322892301466,-0.019490740740740746,3.459953703703704,0.11337962962962964,0.00861623555493087
2003-09-18,2003-12-18,0.007269012402351181,0.002309395094071682,0.0011122596111082436,7.318086987639509,0.004085560608461336,-0.0010818322892301466,-0.019490740740740746,3.459953703703704,0.11337962962962964,0.008785236894415339
2003-09-24,2003-12-24,0.009265724404431798,0.0027800325017318626,0.0009898431323095188,7.5832222301126055,0.005242936385395135,-0.0034239724394176394,0.0454298965635395,5.572281326642333,0.13991764880351326,0.00947999565518847
2003-10-06,2004-01-06,0.007269012402351181,0.002309395094071682,0.0011122596111082436,7.318086987639509,0.004085560608461336,-0.0010818322892301466,-0.019490740740740746,3.459953703703704,0.11337962962962964,0.009580559675184216
2003-10-12,2004-01-12,0.007269012402351181,0.002309395094071682,0.0011122596111082436,7.318086987639509,0.004085560608461336,-0.0010818322892301466,-0.019490740740740746,3.459953703703704,0.11337962962962964,0.009213233085052598
2003-10-18,2004-01-18,0.007269012402351181,0.002309395094071682,0.0011122596111082436,7.318086987639509,0.004085560608461336,-0.0010818322892301466,-0.019490740740740746,3.459953703703704,0.11337962962962964,0.008686063994117685
2003-10-24,2004-01-24,0.007269012402351181,0.0031105635411664183,0.0011672098968701446,7.603315186518865,0.005440336551986729,-0.003226079607642288,0.06911402862282046,5.488374696930377,0.15665627520177164,0.008951715590394699
2003-11-06,2004-02-06,0.007269012402351181,0.002309395094071682,0.0011122596111082436,7.318086987639509,0.004085560608461336,-0.0010818322892301466,-0.019490740740740746,3.459953703703704,0.11337962962962964,0.008676485342170562
2003-11-12,2004-02-12,0.007269012402351181,0.002309395094071682,0.0011122596111082436,7.318086987639509,0.004085560608461336,-0.0010818322892301466,-0.019490740740740746,3.459953703703704,0.11337962962962964,0.008447562249904499
2003-11-18,2004-02-18,0.007269012402351181,0.002309395094071682,0.0011122596111082436,7.318086987639509,0.004085560608461336,-0.0010818322892301466,-0.019490740740740746,3.459953703703704,0.11337962962962964,0.008540484263690305
2003-11-24,2004-02-24,0.007269012402351181,0.0030924158946547035,0.0011913708085634982,7.636144361659767,0.005506527454210115,-0.003218304720418578,0.07856317345498318,5.4103315573797826,0.14740805025561587,0.00877098806967865
2003-12-06,2004-03-06,0.007269012402351181,0.002309395094071682,0.0011122596111082436,7.318086987639509,0.004085560608461336,-0.0010818322892301466,-0.019490740740740746,3.459953703703704,0.11337962962962964,0.008448136666449012
2003-12-12,2004-03-12,0.007269012402351181,0.002309395094071682,0.0011122596111082436,7.318086987639509,0.004085560608461336,-0.0010818322892301466,-0.019490740740740746,3.459953703703704,0.11337962962962964,0.008545967944185297
2003-12-18,2004-03-18,0.007269012402351181,0.002309395094071682,0.0011122596111082436,7.318086987639509,0.004085560608461336,-0.0010818322892301466,-0.019490740740740746,3.459953703703704,0.11337962962962964,0.008458039620773818
2003-12-24,2004-03-24,0.010096164513247696,0.0031911544096832256,0.001245160503567422,7.647030118889248,0.005560353863581208,-0.0030522545137724377,0.08756332322929081,5.373345258762635,0.15206054270222832,0.008170504420484037
2004-01-06,2004-04-06,0.007269012402351181,0.002309395094071682,0.0011122596111082436,7.318086987639509,0.004085560608461336,-0.0010818322892301466,-0.019490740740740746,3.459953703703704,0.11337962962962964,0.008146512435522927
2004-01-12,2004-04-12,0.007269012402351181,0.002309395094071682,0.0011122596111082436,7.318086987639509,0.004085560608461336,-0.0010818322892301466,-0.019490740740740746,3.459953703703704,0.11337962962962964,0.008263747369589982
2004-01-18,2004-04-18,0.007269012402351181,0.002309395094071682,0.0011122596111082436,7.318086987639509,0.004085560608461336,-0.0010818322892301466,-0.019490740740740746,3.459953703703704,0.11337962962962964,0.008183866007325034
2004-01-24,2004-04-24,0.007269012402351181,0.0031453064078387685,0.0012455906423324713,7.6105749620693315,0.005429625059852755,-0.0028713798122506195,0.07760495261799019,5.203220605718161,0.15203473132531847,0.00834278029816017
2004-02-06,2004-05-06,0.007269012402351181,0.002309395094071682,0.0011122596111082436,7.318086987639509,0.004085560608461336,-0.0010818322892301466,-0.019490740740740746,3.459953703703704,0.11337962962962964,0.008712916618694633
2004-02-12,2004-05-12,0.007269012402351181,0.002309395094071682,0.0011122596111082436,7.318086987639509,0.004085560608461336,-0.0010818322892301466,-0.019490740740740746,3.459953703703704,0.11337962962962964,0.008443140254832423
2004-02-18,2004-05-18,0.007269012402351181,0.002309395094071682,0.0011122596111082436,7.318086987639509,0.004085560608461336,-0.0010818322892301466,-0.019490740740740746,3.459953703703704,0.11337962962962964,0.008541045942768085
2004-02-24,2004-05-24,0.007269012402351181,0.0029439099202704768,0.0011618248944220916,7.573376933935135,0.005209146700387947,-0.002676333731164705,0.05937797556092445,5.072522976212737,0.1434580172895506,0.00824085843707243
2004-03-06,2004-06-06,0.007269012402351181,0.002309395094071682,0.0011122596111082436,7.318086987639509,0.004085560608461336,-0.0010818322892301466,-0.019490740740740746,3.459953703703704,0.11337962962962964,0.008028404209263847
2004-03-12,2004-06-12,0.007269012402351181,0.002309395094071682,0.0011122596111082436,7.318086987639509,0.004085560608461336,-0.0010818322892301466,-0.019490740740740746,3.459953703703704,0.11337962962962964,0.008603656436060756
2004-03-18,2004-06-18,0.007269012402351181,0.002309395094071682,0.0011122596111082436,7.318086987639509,0.004085560608461336,-0.0010818322892301466,-0.019490740740740746,3.459953703703704,0.11337962962962964,0.009469680179811063
2004-03-24,2004-06-24,0.009663993441167543,0.0029986685435125847,0.0012448231144111875,7.599423555433659,0.005329752402630875,-0.002846510343272177,0.07077363703844736,4.915472971946117,0.1362906403403927,0.009128025996518225
2004-04-06,2004-07-06,0.007269012402351181,0.002309395094071682,0.0011122596111082436,7.318086987639509,0.004085560608461336,-0.0010818322892301466,-0.019490740740740746,3.459953703703704,0.11337962962962964,0.0091140604239276
2004-04-12,2004-07-12,0.007269012402351181,0.002309395094071682,0.0011122596111082436,7.318086987639509,0.004085560608461336,-0.0010818322892301466,-0.019490740740740746,3.459953703703704,0.11337962962962964,0.008690863260463757
2004-04-18,2004-07-18,0.007269012402351181,0.002309395094071682,0.0011122596111082436,7.318086987639509,0.004085560608461336,-0.0010818322892301466,-0.019490740740740746,3.459953703703704,0.11337962962962964,0.008711380936035925
2004-04-24,2004-07-24,0.007269012402351181,0.003501873561699678,0.0014227834832823418,7.611953595933887,0.005640648228031339,-0.0029567480656201035,0.09544170536594837,5.182165481656055,0.17331736552206922,0.00897703039099722
2004-05-06,2004-08-06,0.007269012402351181,0.002309395094071682,0.0011122596111082436,7.318086987639509,0.004085560608461336,-0.0010818322892301466,-0.019490740740740746,3.459953703703704,0.11337962962962964,0.008915078084394784
2004-05-12,2004-08-12,0.007269012402351181,0.002309395094071682,0.0011122596111082436,7.318086987639509,0.004085560608461336,-0.0010818322892301466,-0.019490740740740746,3.459953703703704,0.11337962962962964,0.008922670521916396
2004-05-18,2004-08-18,0.007269012402351181,0.002309395094071682,0.0011122596111082436,7.318086987639509,0.004085560608461336,-0.0010818322892301466,-0.019490740740740746,3.459953703703704,0.11337962962962964,0.008680284294190677
2004-05-24,2004-08-24,0.007269012402351181,0.004217340111562391,0.0016978348513069553,7.616793878226002,0.006029905591494638,-0.002937124429165567,0.12904913043186145,5.428289392580075,0.22576388189194532,0.008608659761188877
2004-06-06,2004-09-06,0.007269012402351181,0.002309395094071682,0.0011122596111082436,7.318086987639509,0.004085560608461336,-0.0010818322892301466,-0.019490740740740746,3.459953703703704,0.11337962962962964,0.008314755884942866
2004-06-12,2004-09-12,0.007269012402351181,0.002309395094071682,0.0011122596111082436,7.318086987639509,0.004085560608461336,-0.0010818322892301466,-0.019490740740740746,3.459953703703704,0.11337962962962964,0.008656815941029811
2004-06-18,2004-09-18,0.007269012402351181,0.002309395094071682,0.0011122596111082436,7.318086987639509,0.004085560608461336,-0.0010818322892301466,-0.019490740740740746,3.459953703703704,0.11337962962962964,0.00842090755011165
2004-06-24,2004-09-24,0.010754843943912363,0.004031277916521145,0.001571494222748682,7.575351533284224,0.005805489687758444,-0.0027644148152065574,0.10798230507647355,5.488888366611211,0.22441404892427383,0.008081888391295419
2004-07-06,2004-10-06,0.007269012402351181,0.002309395094071682,0.0011122596111082436,7.318086987639509,0.004085560608461336,-0.0010818322892301466,-0.019490740740740746,3.459953703703704,0.11337962962962964,0.008115301199923371
2004-07-12,2004-10-12,0.007269012402351181,0.002309395094071682,0.0011122596111082436,7.318086987639509,0.004085560608461336,-0.0010818322892301466,-0.019490740740740746,3.459953703703704,0.11337962962962964,0.008219728096440658
2004-07-18,2004-10-18,0.007269012402351181,0.002309395094071682,0.0011122596111082436,7.318086987639509,0.004085560608461336,-0.0010818322892301466,-0.019490740740740746,3.459953703703704,0.11337962962962964,0.007958987069425041
2004-07-24,2004-10-24,0.007269012402351181,0.004068243296778759,0.0017069123918250061,7.6009706521189475,0.005875562372780027,-0.0026199158591221463,0.12296303277256193,5.045656494993731,0.21026730309979055,0.008571670257492572
2004-08-06,2004-11-06,0.007269012402351181,0.002309395094071682,0.0011122596111082436,7.318086987639509,0.004085560608461336,-0.0010818322892301466,-0.019490740740740746,3.459953703703704,0.11337962962962964,0.008141702058994537
2004-08-12,2004-11-12,0.007269012402351181,0.002309395094071682,0.0011122596111082436,7.318086987639509,0.004085560608461336,-0.0010818322892301466,-0.019490740740740746,3.459953703703704,0.11337962962962964,0.009220233587292232
2004-08-18,2004-11-18,0.007269012402351181,0.002309395094071682,0.0011122596111082436,7.318086987639509,0.004085560608461336,-0.0010818322892301466,-0.019490740740740746,3.459953703703704,0.11337962962962964,0.009033943907733906
2004-08-24,2004-11-24,0.007269012402351181,0.00391324164031754,0.0017097916350214079,7.617613395611476,0.005816292250423988,-0.0024774208464085966,0.12413769371085279,4.753377986306713,0.18987407799313544,0.008585375613475376
2004-09-06,2004-12-06,0.007269012402351181,0.002309395094071682,0.0011122596111082436,7.318086987639509,0.004085560608461336,-0.0010818322892301466,-0.019490740740740746,3.459953703703704,0.11337962962962964,0.008490353534573033
2004-09-12,2004-12-12,0.007269012402351181,0.002309395094071682,0.0011122596111082436,7.318086987639509,0.004085560608461336,-0.0010818322892301466,-0.019490740740740746,3.459953703703704,0.11337962962962964,0.008289396622182806
2004-09-18,2004-12-18,0.007269012402351181,0.002309395094071682,0.0011122596111082436,7.318086987639509,0.004085560608461336,-0.0010818322892301466,-0.019490740740740746,3.459953703703704,0.11337962962962964,0.008063211933597063
2004-09-24,2004-12-24,0.010493322394635735,0.0036988834678055972,0.0016766507285427795,7.58736966208503,0.00558698883757587,-0.0021210931738999406,0.11067440827604333,4.387275148389916,0.17356811237991615,0.00846136480686489
2004-10-06,2005-01-06,0.007269012402351181,0.002309395094071682,0.0011122596111082436,7.318086987639509,0.004085560608461336,-0.0010818322892301466,-0.019490740740740746,3.459953703703704,0.11337962962962964,0.008309293356804151
2004-10-12,2005-01-12,0.007269012402351181,0.002309395094071682,0.0011122596111082436,7.318086987639509,0.004085560608461336,-0.0010818322892301466,-0.019490740740740746,3.459953703703704,0.11337962962962964,0.008535828463811443
2004-10-18,2005-01-18,0.007269012402351181,0.002309395094071682,0.0011122596111082436,7.318086987639509,0.004085560608461336,-0.0010818322892301466,-0.019490740740740746,3.459953703703704,0.11337962962962964,0.008493159336283595
2004-10-24,2005-01-24,0.007269012402351181,0.0041912845062555115,0.0019829066981383076,7.613551709454139,0.0059012558773909145,-0.0019810110943985436,0.14608435103434278,4.1159872976056695,0.19356885765564102,0.008766343237867078
2004-11-06,2005-02-06,0.007269012402351181,0.002309395094071682,0.0011122596111082436,7.318086987639509,0.004085560608461336,-0.0010818322892301466,-0.019490740740740746,3.459953703703704,0.11337962962962964,0.008615086147253896
2004-11-12,2005-02-12,0.007269012402351181,0.002309395094071682,0.0011122596111082436,7.318086987639509,0.004085560608461336,-0.0010818322892301466,-0.019490740740740746,3.459953703703704,0.11337962962962964,0.008790979187127443
2004-11-18,2005-02-18,0.007269012402351181,0.002309395094071682,0.0011122596111082436,7.318086987639509,0.004085560608461336,-0.0010818322892301466,-0.019490740740740746,3.459953703703704,0.11337962962962964,0.00849560125325813
2004-11-24,2005-02-24,0.007269012402351181,0.0038123114007277727,0.0017890323411814757,7.543698355545912,0.005491873505917257,-0.0016781864997171328,0.1097720771872008,4.021644562710001,0.181375019856555,0.0083738202084646
2004-12-06,2005-03-06,0.007269012402351181,0.002309395094071682,0.0011122596111082436,7.318086987639509,0.004085560608461336,-0.0010818322892301466,-0.019490740740740746,3.459953703703704,0.11337962962962964,0.008271959068435466
2004-12-12,2005-03-12,0.007269012402351181,0.002309395094071682,0.0011122596111082436,7.318086987639509,0.004085560608461336,-0.0010818322892301466,-0.019490740740740746,3.459953703703704,0.11337962962962964,0.008413174703160883
2004-12-18,2005-03-18,0.007269012402351181,0.002309395094071682,0.0011122596111082436,7.318086987639509,0.004085560608461336,-0.0010818322892301466,-0.019490740740740746,3.459953703703704,0.11337962962962964,0.00818267576401045
2004-12-24,2005-03-24,0.010624514247219717,0.0038008277893250074,0.001869436227203988,7.583415359376467,0.005556267218273681,-0.00148892248123,0.12487056188095802,3.7191568208131898,0.16615710351038515,0.0080727255633548
2005-01-06,2005-04-06,0.007269012402351181,0.002309395094071682,0.0011122596111082436,7.318086987639509,0.004085560608461336,-0.0010818322892301466,-0.019490740740740746,3.459953703703704,0.11337962962962964,0.007980823498543215
2005-01-12,2005-04-12,0.007269012402351181,0.002309395094071682,0.0011122596111082436,7.318086987639509,0.004085560608461336,-0.0010818322892301466,-0.019490740740740746,3.459953703703704,0.11337962962962964,0.00820194228209638
2005-01-18,2005-04-18,0.007269012402351181,0.002309395094071682,0.0011122596111082436,7.318086987639509,0.004085560608461336,-0.0010818322892301466,-0.019490740740740746,3.459953703703704,0.11337962962962964,0.00828729000309045
2005-01-24,2005-04-24,0.007269012402351181,0.003610155665082814,0.001861774596603991,7.619816008057041,0.005544041636799732,-0.001489855934103468,0.1290784580426357,3.4549797210841753,0.13962802282070244,0.008322082380038943
2005-02-06,2005-05-06,0.007269012402351181,0.002309395094071682,0.0011122596111082436,7.318086987639509,0.004085560608461336,-0.0010818322892301466,-0.019490740740740746,3.459953703703704,0.11337962962962964,0.008147268080480875
2005-02-12,2005-05-12,0.007269012402351181,0.002309395094071682,0.0011122596111082436,7.318086987639509,0.004085560608461336,-0.0010818322892301466,-0.019490740740740746,3.459953703703704,0.11337962962962964,0.008244269099646378
2005-02-18,2005-05-18,0.007269012402351181,0.002309395094071682,0.0011122596111082436,7.318086987639509,0.004085560608461336,-0.0010818322892301466,-0.019490740740740746,3.459953703703704,0.11337962962962964,0.008112832212343296
2005-02-24,2005-05-24,0.007269012402351181,0.0036350687294672396,0.001991292797017247,7.6494776767520705,0.005601835039921662,-0.001247838467990816,0.1450685666781657,3.0039842621102806,0.12455696590480678,0.008395100437864775
2005-03-06,2005-06-06,0.007269012402351181,0.002309395094071682,0.0011122596111082436,7.318086987639509,0.004085560608461336,-0.0010818322892301466,-0.019490740740740746,3.459953703703704,0.11337962962962964,0.00842900119491692
2005-03-12,2005-06-12,0.007269012402351181,0.002309395094071682,0.0011122596111082436,7.318086987639509,0.004085560608461336,-0.0010818322892301466,-0.019490740740740746,3.459953703703704,0.11337962962962964,0.008385165630588092
2005-03-18,2005-06-18,0.007269012402351181,0.002309395094071682,0.0011122596111082436,7.318086987639509,0.004085560608461336,-0.0010818322892301466,-0.019490740740740746,3.459953703703704,0.11337962962962964,0.008411126318513942
2005-03-24,2005-06-24,0.010036666458976228,0.003354074440787197,0.0017781101926711389,7.57320663653265,0.0052591210469442205,-0.0011825036933303147,0.10748277515054802,3.1915751574192766,0.12620212301194306,0.00824048095600379
2005-04-06,2005-07-06,0.007269012402351181,0.002309395094071682,0.0011122596111082436,7.318086987639509,0.004085560608461336,-0.0010818322892301466,-0.019490740740740746,3.459953703703704,0.11337962962962964,0.008525015269499558
2005-04-12,2005-07-12,0.007269012402351181,0.002309395094071682,0.0011122596111082436,7.318086987639509,0.004085560608461336,-0.0010818322892301466,-0.019490740740740746,3.459953703703704,0.11337962962962964,0.008229568032338796
2005-04-18,2005-07-18,0.007269012402351181,0.002309395094071682,0.0011122596111082436,7.318086987639509,0.004085560608461336,-0.0010818322892301466,-0.019490740740740746,3.459953703703704,0.11337962962962964,0.00882232400954011
2005-04-24,2005-07-24,0.007269012402351181,0.003518087561851086,0.0019242400184738156,7.590646149238208,0.005422253316297721,-0.0013582478142455344,0.12246115797440152,2.9764198300863187,0.12579723892176378,0.009496847941638104
2005-05-06,2005-08-06,0.007269012402351181,0.002309395094071682,0.0011122596111082436,7.318086987639509,0.004085560608461336,-0.0010818322892301466,-0.019490740740740746,3.459953703703704,0.11337962962962964,0.009261217111204745
2005-05-12,2005-08-12,0.007269012402351181,0.002309395094071682,0.0011122596111082436,7.318086987639509,0.004085560608461336,-0.0010818322892301466,-0.019490740740740746,3.459953703703704,0.11337962962962964,0.008997149257387444
2005-05-18,2005-08-18,0.007269012402351181,0.002309395094071682,0.0011122596111082436,7.318086987639509,0.004085560608461336,-0.0010818322892301466,-0.019490740740740746,3.459953703703704,0.11337962962962964,0.008905333917837625
2005-05-24,2005-08-24,0.007269012402351181,0.003203881914716271,0.0018094960540464243,7.5897366018337475,0.00519702237359072,-0.000983960056158842,0.11040131629113453,2.788078126500117,0.10329713761456426,0.008369489126863503
2005-06-06,2005-09-06,0.007269012402351181,0.002309395094071682,0.0011122596111082436,7.318086987639509,0.004085560608461336,-0.0010818322892301466,-0.019490740740740746,3.459953703703704,0.11337962962962964,0.008302714725464807
2005-06-12,2005-09-12,0.007269012402351181,0.002309395094071682,0.0011122596111082436,7.318086987639509,0.004085560608461336,-0.0010818322892301466,-0.019490740740740746,3.459953703703704,0.11337962962962964,0.008072362344103738
2005-06-18,2005-09-18,0.007269012402351181,0.002309395094071682,0.0011122596111082436,7.318086987639509,0.004085560608461336,-0.0010818322892301466,-0.019490740740740746,3.459953703703704,0.11337962962962964,0.007755877742031169
2005-06-24,2005-09-24,0.009690120399930861,0.0029706460011011196,0.0017460379159374654,7.593727913339125,0.005057342477547545,-0.0008016845573893947,0.10319241651247998,2.585300235400397,0.08311793501986436,0.008046385915519852
2005-07-06,2005-10-06,0.007269012402351181,0.002309395094071682,0.0011122596111082436,7.318086987639509,0.004085560608461336,-0.0010818322892301466,-0.019490740740740746,3.459953703703704,0.11337962962962964,0.008107447346864742
2005-07-12,2005-10-12,0.007269012402351181,0.002309395094071682,0.0011122596111082436,7.318086987639509,0.004085560608461336,-0.0010818322892301466,-0.019490740740740746,3.459953703703704,0.11337962962962964,0.008320207895647193
2005-07-18,2005-10-18,0.007269012402351181,0.002309395094071682,0.0011122596111082436,7.318086987639509,0.004085560608461336,-0.0010818322892301466,-0.019490740740740746,3.459953703703704,0.11337962962962964,0.008037152101028995
2005-07-24,2005-10-24,0.007269012402351181,0.0031635509629619864,0.0018675047369762314,7.597651279230058,0.0051531543450560584,-0.0006581212131013692,0.11592833168840869,2.4498454183805505,0.09193865191296473,0.007973617052332824
2005-08-06,2005-11-06,0.007269012402351181,0.002309395094071682,0.0011122596111082436,7.318086987639509,0.004085560608461336,-0.0010818322892301466,-0.019490740740740746,3.459953703703704,0.11337962962962964,0.008050990750852215
2005-08-12,2005-11-12,0.007269012402351181,0.002309395094071682,0.0011122596111082436,7.318086987639509,0.004085560608461336,-0.0010818322892301466,-0.019490740740740746,3.459953703703704,0.11337962962962964,0.008173438708782073
2005-08-18,2005-11-18,0.007269012402351181,0.002309395094071682,0.0011122596111082436,7.318086987639509,0.004085560608461336,-0.0010818322892301466,-0.019490740740740746,3.459953703703704,0.11337962962962964,0.00817797564973065
2005-08-24,2005-11-24,0.007269012402351181,0.0029709277323727783,0.0018317115044660095,7.602294471635229,0.005049996889414785,-0.0005548921887024038,0.11085585434624315,2.2268095298426127,0.0729996344041553,0.008044898937872632
2005-09-06,2005-12-06,0.007269012402351181,0.002309395094071682,0.0011122596111082436,7.318086987639509,0.004085560608461336,-0.0010818322892301466,-0.019490740740740746,3.459953703703704,0.11337962962962964,0.008093316513291806
2005-09-12,2005-12-12,0.007269012402351181,0.002309395094071682,0.0011122596111082436,7.318086987639509,0.004085560608461336,-0.0010818322892301466,-0.019490740740740746,3.459953703703704,0.11337962962962964,0.008203096560882023
2005-09-18,2005-12-18,0.007269012402351181,0.002309395094071682,0.0011122596111082436,7.318086987639509,0.004085560608461336,-0.0010818322892301466,-0.019490740740740746,3.459953703703704,0.11337962962962964,0.00817172207407849
2005-09-24,2005-12-24,0.008553178310789725,0.0019418577258563494,0.0013539761392876164,7.624866320389527,0.004576153524607736,-0.000784763569463593,0.06544367790203434,2.270087197589047,0.002448732211045024,0.007851700482449415
2005-10-06,2006-01-06,0.007269012402351181,0.002309395094071682,0.0011122596111082436,7.318086987639509,0.004085560608461336,-0.0010818322892301466,-0.019490740740740746,3.459953703703704,0.11337962962962964,0.008091485698856473
2005-10-12,2006-01-12,0.007269012402351181,0.002309395094071682,0.0011122596111082436,7.318086987639509,0.004085560608461336,-0.0010818322892301466,-0.019490740740740746,3.459953703703704,0.11337962962962964,0.008658728337310313
2005-10-18,2006-01-18,0.007269012402351181,0.002309395094071682,0.0011122596111082436,7.318086987639509,0.004085560608461336,-0.0010818322892301466,-0.019490740740740746,3.459953703703704,0.11337962962962964,0.008544738110621534
2005-10-24,2006-01-24,0.007269012402351181,0.00219430895792768,0.0014696741989915561,7.601472861726749,0.0047116929011291765,-0.00112145423936853,0.06960175351524944,2.2977335772865635,0.020852996028509263,0.009541868419545931
2005-11-06,2006-02-06,0.007269012402351181,0.002309395094071682,0.0011122596111082436,7.318086987639509,0.004085560608461336,-0.0010818322892301466,-0.019490740740740746,3.459953703703704,0.11337962962962964,0.00924353171870956
2005-11-12,2006-02-12,0.007269012402351181,0.002309395094071682,0.0011122596111082436,7.318086987639509,0.004085560608461336,-0.0010818322892301466,-0.019490740740740746,3.459953703703704,0.11337962962962964,0.008682903989839936
2005-11-18,2006-02-18,0.007269012402351181,0.002309395094071682,0.0011122596111082436,7.318086987639509,0.004085560608461336,-0.0010818322892301466,-0.019490740740740746,3.459953703703704,0.11337962962962964,0.008330403625499971
2005-11-24,2006-02-24,0.007269012402351181,0.002924549551402752,0.0018391629698432787,7.615997213568392,0.005065008590870673,-0.0005950443676503196,0.11339277620148289,2.1397910715088715,0.06468395414063033,0.008276859199116797
2005-12-06,2006-03-06,0.007269012402351181,0.002309395094071682,0.0011122596111082436,7.318086987639509,0.004085560608461336,-0.0010818322892301466,-0.019490740740740746,3.459953703703704,0.11337962962962964,0.008197348013571696
2005-12-12,2006-03-12,0.007269012402351181,0.002309395094071682,0.0011122596111082436,7.318086987639509,0.004085560608461336,-0.0010818322892301466,-0.019490740740740746,3.459953703703704,0.11337962962962964,0.008105918455294804
2005-12-18,2006-03-18,0.007269012402351181,0.002309395094071682,0.0011122596111082436,7.318086987639509,0.004085560608461336,-0.0010818322892301466,-0.019490740740740746,3.459953703703704,0.11337962962962964,0.007826198784877744
2005-12-24,2006-03-24,0.009002677363364874,0.0024855795993056285,0.001650676027081513,7.57727709381194,0.004702056676536286,-0.0003286308427789159,0.08382574995741146,1.9678829674136813,0.040514717741810674,0.007866958706474313
2006-01-06,2006-04-06,0.007269012402351181,0.002309395094071682,0.0011122596111082436,7.318086987639509,0.004085560608461336,-0.0010818322892301466,-0.019490740740740746,3.459953703703704,0.11337962962962964,0.008049550856555501
2006-01-12,2006-04-12,0.007269012402351181,0.002309395094071682,0.0011122596111082436,7.318086987639509,0.004085560608461336,-0.0010818322892301466,-0.019490740740740746,3.459953703703704,0.11337962962962964,0.00827865018007452
2006-01-18,2006-04-18,0.007269012402351181,0.002309395094071682,0.0011122596111082436,7.318086987639509,0.004085560608461336,-0.0010818322892301466,-0.019490740740740746,3.459953703703704,0.11337962962962964,0.008071369609753926
2006-01-24,2006-04-24,0.007269012402351181,0.0024536782458727843,0.0017258434062123536,7.634437465748168,0.004843843052118374,-0.0004647783861159333,0.10100644316160867,1.7250578920405943,0.019998829053544845,0.008464128228514051
2006-02-06,2006-05-06,0.007269012402351181,0.002309395094071682,0.0011122596111082436,7.318086987639509,0.004085560608461336,-0.0010818322892301466,-0.019490740740740746,3.459953703703704,0.11337962962962964,0.008278836588315536
2006-02-12,2006-05-12,0.007269012402351181,0.002309395094071682,0.0011122596111082436,7.318086987639509,0.004085560608461336,-0.0010818322892301466,-0.019490740740740746,3.459953703703704,0.11337962962962964,0.008386930693176715
2006-02-18,2006-05-18,0.007269012402351181,0.002309395094071682,0.0011122596111082436,7.318086987639509,0.004085560608461336,-0.0010818322892301466,-0.019490740740740746,3.459953703703704,0.11337962962962964,0.008206345155830946
2006-02-24,2006-05-24,0.007269012402351181,0.0023634729435898514,0.001705012195537003,7.618695297139258,0.004725665522517677,-0.00022128441664818305,0.09472372748991603,1.5789142372818321,0.014671931645093811,0.008052108765592519
2006-03-06,2006-06-06,0.007269012402351181,0.002309395094071682,0.0011122596111082436,7.318086987639509,0.004085560608461336,-0.0010818322892301466,-0.019490740740740746,3.459953703703704,0.11337962962962964,0.008184087372553312
2006-03-12,2006-06-12,0.007269012402351181,0.002309395094071682,0.0011122596111082436,7.318086987639509,0.004085560608461336,-0.0010818322892301466,-0.019490740740740746,3.459953703703704,0.11337962962962964,0.008103323115021129
2006-03-18,2006-06-18,0.007269012402351181,0.002309395094071682,0.0011122596111082436,7.318086987639509,0.004085560608461336,-0.0010818322892301466,-0.019490740740740746,3.459953703703704,0.11337962962962964,0.008052993167210105
2006-03-24,2006-06-24,0.0090207998802599,0.0025014722472045934,0.0017325235483330948,7.572022901162952,0.004670146176187405,-7.611832200319626e-05,0.08807316109886729,1.6307519459152389,0.034533217227658564,0.007945898427125205
2006-04-06,2006-07-06,0.007269012402351181,0.002309395094071682,0.0011122596111082436,7.318086987639509,0.004085560608461336,-0.0010818322892301466,-0.019490740740740746,3.459953703703704,0.11337962962962964,0.007952308729737956
2006-04-12,2006-07-12,0.007269012402351181,0.002309395094071682,0.0011122596111082436,7.318086987639509,0.004085560608461336,-0.0010818322892301466,-0.019490740740740746,3.459953703703704,0.11337962962962964,0.008017607424545778
2006-04-18,2006-07-18,0.007269012402351181,0.002309395094071682,0.0011122596111082436,7.318086987639509,0.004085560608461336,-0.0010818322892301466,-0.019490740740740746,3.459953703703704,0.11337962962962964,0.008140685581762326
2006-04-24,2006-07-24,0.007269012402351181,0.0022611934232292037,0.0015643738320299094,7.509320034302248,0.004396455556687006,-9.981245556000607e-05,0.05683467396119261,1.7519895025720496,0.033681176015200445,0.008217234726341156
2006-05-06,2006-08-06,0.007269012402351181,0.002309395094071682,0.0011122596111082436,7.318086987639509,0.004085560608461336,-0.0010818322892301466,-0.019490740740740746,3.459953703703704,0.11337962962962964,0.007910139623649155
2006-05-12,2006-08-12,0.007269012402351181,0.002309395094071682,0.0011122596111082436,7.318086987639509,0.004085560608461336,-0.0010818322892301466,-0.019490740740740746,3.459953703703704,0.11337962962962964,0.008224091310001942
2006-05-18,2006-08-18,0.007269012402351181,0.002309395094071682,0.0011122596111082436,7.318086987639509,0.004085560608461336,-0.0010818322892301466,-0.019490740740740746,3.459953703703704,0.11337962962962964,0.008767829495330413
2006-05-24,2006-08-24,0.007269012402351181,0.0016613411898635574,0.0012971779555177676,7.515041558845384,0.0041151243681426825,-0.00030042800232528226,0.02854477400965961,1.7318285387220478,-0.008012043925065215,0.008587889130615537
2006-06-06,2006-09-06,0.007269012402351181,0.002309395094071682,0.0011122596111082436,7.318086987639509,0.004085560608461336,-0.0010818322892301466,-0.019490740740740746,3.459953703703704,0.11337962962962964,0.009060304353435538
2006-06-12,2006-09-12,0.007269012402351181,0.002309395094071682,0.0011122596111082436,7.318086987639509,0.004085560608461336,-0.0010818322892301466,-0.019490740740740746,3.459953703703704,0.11337962962962964,0.009207196174535397
2006-06-18,2006-09-18,0.007269012402351181,0.002309395094071682,0.0011122596111082436,7.318086987639509,0.004085560608461336,-0.0010818322892301466,-0.019490740740740746,3.459953703703704,0.11337962962962964,0.00942532136298039
2006-06-24,2006-09-24,0.007127871543785359,0.0014117097714235257,0.001162293459191001,7.475708506592199,0.0039019850020724,-0.00038294606283210833,0.0045317446196120395,1.751164228310088,-0.0171190806439786,0.009126304025070699
2006-07-06,2006-10-06,0.007269012402351181,0.002309395094071682,0.0011122596111082436,7.318086987639509,0.004085560608461336,-0.0010818322892301466,-0.019490740740740746,3.459953703703704,0.11337962962962964,0.00925676187328359
2006-07-12,2006-10-12,0.007269012402351181,0.002309395094071682,0.0011122596111082436,7.318086987639509,0.004085560608461336,-0.0010818322892301466,-0.019490740740740746,3.459953703703704,0.11337962962962964,0.008917722614396646
2006-07-18,2006-10-18,0.007269012402351181,0.002309395094071682,0.0011122596111082436,7.318086987639509,0.004085560608461336,-0.0010818322892301466,-0.019490740740740746,3.459953703703704,0.11337962962962964,0.009095697612507012
2006-07-24,2006-10-24,0.007269012402351181,0.0013864527334039247,0.0011946898342184247,7.4422202823941275,0.0037841872380105362,-0.00015136600906845703,-0.002301916835618461,1.4909220683173916,-0.01861063516451114,0.009348205905295828
2006-08-06,2006-11-06,0.007269012402351181,0.002309395094071682,0.0011122596111082436,7.318086987639509,0.004085560608461336,-0.0010818322892301466,-0.019490740740740746,3.459953703703704,0.11337962962962964,0.008875258731873682
2006-08-12,2006-11-12,0.007269012402351181,0.002309395094071682,0.0011122596111082436,7.318086987639509,0.004085560608461336,-0.0010818322892301466,-0.019490740740740746,3.459953703703704,0.11337962962962964,0.008369873016055117
2006-08-18,2006-11-18,0.007269012402351181,0.002309395094071682,0.0011122596111082436,7.318086987639509,0.004085560608461336,-0.0010818322892301466,-0.019490740740740746,3.459953703703704,0.11337962962962964,0.008455414501393485
2006-08-24,2006-11-24,0.007269012402351181,0.0010835851382624175,0.0010424958468755086,7.394333131245311,0.003437043174467912,0.00034267210523019286,-0.02769822460643586,1.3785834130959378,-0.028802956989791406,0.008057959970705963
2006-09-06,2006-12-06,0.007269012402351181,0.002309395094071682,0.0011122596111082436,7.318086987639509,0.004085560608461336,-0.0010818322892301466,-0.019490740740740746,3.459953703703704,0.11337962962962964,0.007870549022370717
2006-09-12,2006-12-12,0.007269012402351181,0.002309395094071682,0.0011122596111082436,7.318086987639509,0.004085560608461336,-0.0010818322892301466,-0.019490740740740746,3.459953703703704,0.11337962962962964,0.007948997695317752
2006-09-18,2006-12-18,0.007269012402351181,0.002309395094071682,0.0011122596111082436,7.318086987639509,0.004085560608461336,-0.0010818322892301466,-0.019490740740740746,3.459953703703704,0.11337962962962964,0.00796207502437142
2006-09-24,2006-12-24,0.005359153830004382,0.0004340722792637373,0.0007651028595106403,7.3937541901319435,0.0030835407341255347,0.000359274921462544,-0.05830166929456451,1.2639582120288981,-0.0735852065731625,0.00788782266901463
2006-10-06,2007-01-06,0.007269012402351181,0.002309395094071682,0.0011122596111082436,7.318086987639509,0.004085560608461336,-0.0010818322892301466,-0.019490740740740746,3.459953703703704,0.11337962962962964,0.007939080324003537
2006-10-12,2007-01-12,0.007269012402351181,0.002309395094071682,0.0011122596111082436,7.318086987639509,0.004085560608461336,-0.0010818322892301466,-0.019490740740740746,3.459953703703704,0.11337962962962964,0.007956725551030434
2006-10-18,2007-01-18,0.007269012402351181,0.002309395094071682,0.0011122596111082436,7.318086987639509,0.004085560608461336,-0.0010818322892301466,-0.019490740740740746,3.459953703703704,0.11337962962962964,0.007775480749217729
2006-10-24,2007-01-24,0.007269012402351181,-9.853530886583337e-05,0.00046353791170532016,7.319652789535282,0.0026078284229366895,0.00045598156233474,-0.10607222568379082,1.3325473225531264,-0.09172183681457799,0.007764574952591623
2006-11-06,2007-02-06,0.007269012402351181,0.002309395094071682,0.0011122596111082436,7.318086987639509,0.004085560608461336,-0.0010818322892301466,-0.019490740740740746,3.459953703703704,0.11337962962962964,0.007841753994547656
2006-11-12,2007-02-12,0.007269012402351181,0.002309395094071682,0.0011122596111082436,7.318086987639509,0.004085560608461336,-0.0010818322892301466,-0.019490740740740746,3.459953703703704,0.11337962962962964,0.007984602077629693
2006-11-18,2007-02-18,0.007269012402351181,0.002309395094071682,0.0011122596111082436,7.318086987639509,0.004085560608461336,-0.0010818322892301466,-0.019490740740740746,3.459953703703704,0.11337962962962964,0.007683547629463074
2006-11-24,2007-02-24,0.007269012402351181,-0.00011716165428455553,0.0005035675395974319,7.314700965810908,0.0025713295223712554,0.0005978458888840957,-0.10524239385096959,1.112619188378872,-0.09739774612929478,0.007903505117122785
2006-12-06,2007-03-06,0.007269012402351181,0.002309395094071682,0.0011122596111082436,7.318086987639509,0.004085560608461336,-0.0010818322892301466,-0.019490740740740746,3.459953703703704,0.11337962962962964,0.008203016515822212
2006-12-12,2007-03-12,0.007269012402351181,0.002309395094071682,0.0011122596111082436,7.318086987639509,0.004085560608461336,-0.0010818322892301466,-0.019490740740740746,3.459953703703704,0.11337962962962964,0.00792924533822059
2006-12-18,2007-03-18,0.007269012402351181,0.002309395094071682,0.0011122596111082436,7.318086987639509,0.004085560608461336,-0.0010818322892301466,-0.019490740740740746,3.459953703703704,0.11337962962962964,0.007775305150406121
2006-12-24,2007-03-24,0.0048781571399854895,0.0003080583970578089,0.0007165153740622877,7.336200072064424,0.002846157588485874,0.0006371589390160291,-0.07782473423224454,1.090310290143432,-0.07431024379030698,0.007868908791437782
2007-01-06,2007-04-06,0.007269012402351181,0.002309395094071682,0.0011122596111082436,7.318086987639509,0.004085560608461336,-0.0010818322892301466,-0.019490740740740746,3.459953703703704,0.11337962962962964,0.007663941940609004
2007-01-12,2007-04-12,0.007269012402351181,0.002309395094071682,0.0011122596111082436,7.318086987639509,0.004085560608461336,-0.0010818322892301466,-0.019490740740740746,3.459953703703704,0.11337962962962964,0.007639182931070892
2007-01-18,2007-04-18,0.007269012402351181,0.002309395094071682,0.0011122596111082436,7.318086987639509,0.004085560608461336,-0.0010818322892301466,-0.019490740740740746,3.459953703703704,0.11337962962962964,0.007519506693667229
2007-01-24,2007-04-24,0.007269012402351181,0.0001816666781616354,0.0005857598195362068,7.263853027908167,0.002601235119317534,0.000677509481776908,-0.106460486555782,1.2502239140600349,-0.06448010507955751,0.007959582704804829
2007-02-06,2007-05-06,0.007269012402351181,0.002309395094071682,0.0011122596111082436,7.318086987639509,0.004085560608461336,-0.0010818322892301466,-0.019490740740740746,3.459953703703704,0.11337962962962964,0.008000305353770571
2007-02-12,2007-05-12,0.007269012402351181,0.002309395094071682,0.0011122596111082436,7.318086987639509,0.004085560608461336,-0.0010818322892301466,-0.019490740740740746,3.459953703703704,0.11337962962962964,0.007769332421758514
2007-02-18,2007-05-18,0.007269012402351181,0.002309395094071682,0.0011122596111082436,7.318086987639509,0.004085560608461336,-0.0010818322892301466,-0.019490740740740746,3.459953703703704,0.11337962962962964,0.007882543918555527
2007-02-24,2007-05-24,0.007269012402351181,8.807680513187683e-05,0.0005533760655745262,7.253255217320172,0.0025305375051379105,0.0006617890220505451,-0.11341919131873099,1.1905570627109543,-0.07049167013000723,0.00825443141119939
2007-03-06,2007-06-06,0.007269012402351181,0.002309395094071682,0.0011122596111082436,7.318086987639509,0.004085560608461336,-0.0010818322892301466,-0.019490740740740746,3.459953703703704,0.11337962962962964,0.010316419099476726
2007-03-12,2007-06-12,0.007269012402351181,0.002309395094071682,0.0011122596111082436,7.318086987639509,0.004085560608461336,-0.0010818322892301466,-0.019490740740740746,3.459953703703704,0.11337962962962964,0.009440949264781737
2007-03-18,2007-06-18,0.007269012402351181,0.002309395094071682,0.0011122596111082436,7.318086987639509,0.004085560608461336,-0.0010818322892301466,-0.019490740740740746,3.459953703703704,0.11337962962962964,0.0095878782441624
2007-03-24,2007-06-24,0.0044399235422637445,0.00023028370895793442,0.0006345125945468762,7.263763580966728,0.0026726985730640886,0.0003989489350296571,-0.10440546959723274,1.1916779988400563,-0.06536054065446495,0.009271944771920951
2007-04-06,2007-07-06,0.007269012402351181,0.002309395094071682,0.0011122596111082436,7.318086987639509,0.004085560608461336,-0.0010818322892301466,-0.019490740740740746,3.459953703703704,0.11337962962962964,0.008859169689212076
2007-04-12,2007-07-12,0.007269012402351181,0.002309395094071682,0.0011122596111082436,7.318086987639509,0.004085560608461336,-0.0010818322892301466,-0.019490740740740746,3.459953703703704,0.11337962962962964,0.008378856005659404
2007-04-18,2007-07-18,0.007269012402351181,0.002309395094071682,0.0011122596111082436,7.318086987639509,0.004085560608461336,-0.0010818322892301466,-0.019490740740740746,3.459953703703704,0.11337962962962964,0.00824816131373836
2007-04-24,2007-07-24,0.007269012402351181,0.0001477154995456172,0.000556334238105263,7.259028003065559,0.002588651404379061,0.0005561349410963484,-0.11070803512453961,1.3137717949755983,-0.06490547367937888,0.008280695417589178
2007-05-06,2007-08-06,0.007269012402351181,0.002309395094071682,0.0011122596111082436,7.318086987639509,0.004085560608461336,-0.0010818322892301466,-0.019490740740740746,3.459953703703704,0.11337962962962964,0.008100341046586988
2007-05-12,2007-08-12,0.007269012402351181,0.002309395094071682,0.0011122596111082436,7.318086987639509,0.004085560608461336,-0.0010818322892301466,-0.019490740740740746,3.459953703703704,0.11337962962962964,0.008173362301975426
2007-05-18,2007-08-18,0.007269012402351181,0.002309395094071682,0.0011122596111082436,7.318086987639509,0.004085560608461336,-0.0010818322892301466,-0.019490740740740746,3.459953703703704,0.11337962962962964,0.008238824086032335
2007-05-24,2007-08-24,0.007269012402351181,0.00010888217509460443,0.0005167753268079369,7.234316298956545,0.002497058953268615,0.0006406929769855736,-0.11974615512901635,1.3456259163307633,-0.06136665788356582,0.00810267210634367
2007-06-06,2007-09-06,0.007269012402351181,0.002309395094071682,0.0011122596111082436,7.318086987639509,0.004085560608461336,-0.0010818322892301466,-0.019490740740740746,3.459953703703704,0.11337962962962964,0.008079250040670477
2007-06-12,2007-09-12,0.007269012402351181,0.002309395094071682,0.0011122596111082436,7.318086987639509,0.004085560608461336,-0.0010818322892301466,-0.019490740740740746,3.459953703703704,0.11337962962962964,0.008497419519057772
2007-06-18,2007-09-18,0.007269012402351181,0.002309395094071682,0.0011122596111082436,7.318086987639509,0.004085560608461336,-0.0010818322892301466,-0.019490740740740746,3.459953703703704,0.11337962962962964,0.00904858601201496
2007-06-24,2007-09-24,0.004141184425953628,0.0001558398347514321,0.0004804267616787697,7.236618081611339,0.002588521892426296,0.00018941644082398688,-0.12203582596179993,1.6464608689069744,-0.053532994889672975,0.00899605147906923
2007-07-06,2007-10-06,0.007269012402351181,0.002309395094071682,0.0011122596111082436,7.318086987639509,0.004085560608461336,-0.0010818322892301466,-0.019490740740740746,3.459953703703704,0.11337962962962964,0.008716917298641495
2007-07-12,2007-10-12,0.007269012402351181,0.002309395094071682,0.0011122596111082436,7.318086987639509,0.004085560608461336,-0.0010818322892301466,-0.019490740740740746,3.459953703703704,0.11337962962962964,0.008597783218388473
2007-07-18,2007-10-18,0.007269012402351181,0.002309395094071682,0.0011122596111082436,7.318086987639509,0.004085560608461336,-0.0010818322892301466,-0.019490740740740746,3.459953703703704,0.11337962962962964,0.008863369771820406
2007-07-24,2007-10-24,0.007269012402351181,-0.00033782990947248993,0.00024643834085782393,7.200410108624589,0.0022641748795099465,2.344658696457817e-05,-0.15690460887638535,1.621623015593441,-0.08082546218852651,0.009791055149846005
2007-08-06,2007-11-06,0.007269012402351181,0.002309395094071682,0.0011122596111082436,7.318086987639509,0.004085560608461336,-0.0010818322892301466,-0.019490740740740746,3.459953703703704,0.11337962962962964,0.010272576619733532
2007-08-12,2007-11-12,0.007269012402351181,0.002309395094071682,0.0011122596111082436,7.318086987639509,0.004085560608461336,-0.0010818322892301466,-0.019490740740740746,3.459953703703704,0.11337962962962964,0.011340377972538679
2007-08-18,2007-11-18,0.007269012402351181,0.002309395094071682,0.0011122596111082436,7.318086987639509,0.004085560608461336,-0.0010818322892301466,-0.019490740740740746,3.459953703703704,0.11337962962962964,0.01103704210869668
2007-08-24,2007-11-24,0.007269012402351181,-2.0964986154425533e-05,0.00033234092427018695,7.180052253685199,0.002430709184821452,-0.00029114093317203103,-0.15147716207353495,1.8854058633570472,-0.051650403497184,0.010698562037672969
2007-09-06,2007-12-06,0.007269012402351181,0.002309395094071682,0.0011122596111082436,7.318086987639509,0.004085560608461336,-0.0010818322892301466,-0.019490740740740746,3.459953703703704,0.11337962962962964,0.011005032763888464
2007-09-12,2007-12-12,0.007269012402351181,0.002309395094071682,0.0011122596111082436,7.318086987639509,0.004085560608461336,-0.0010818322892301466,-0.019490740740740746,3.459953703703704,0.11337962962962964,0.010240070025259472
2007-09-18,2007-12-18,0.007269012402351181,0.002309395094071682,0.0011122596111082436,7.318086987639509,0.004085560608461336,-0.0010818322892301466,-0.019490740740740746,3.459953703703704,0.11337962962962964,0.010070384972601489
2007-09-24,2007-12-24,0.0037905332743057613,0.00041825977165928533,0.00048821800761592266,7.109275311513334,0.0024380049048087033,0.0001564604701637612,-0.14875953176149034,1.9063371227714436,-0.006647658774589782,0.009970364514313563
2007-10-06,2008-01-06,0.007269012402351181,0.002309395094071682,0.0011122596111082436,7.318086987639509,0.004085560608461336,-0.0010818322892301466,-0.019490740740740746,3.459953703703704,0.11337962962962964,0.009203760441611197
2007-10-12,2008-01-12,0.007269012402351181,0.002309395094071682,0.0011122596111082436,7.318086987639509,0.004085560608461336,-0.0010818322892301466,-0.019490740740740746,3.459953703703704,0.11337962962962964,0.008841033688103121
2007-10-18,2008-01-18,0.007269012402351181,0.002309395094071682,0.0011122596111082436,7.318086987639509,0.004085560608461336,-0.0010818322892301466,-0.019490740740740746,3.459953703703704,0.11337962962962964,0.009008499728720271
2007-10-24,2008-01-24,0.007269012402351181,0.00028788834102793986,0.00040402634761835406,7.110971202386529,0.0023552624170822775,0.00024124397216289547,-0.15531246292952625,1.9850351704219387,-0.012277248213881736,0.009289382385126912
2007-11-06,2008-02-06,0.007269012402351181,0.002309395094071682,0.0011122596111082436,7.318086987639509,0.004085560608461336,-0.0010818322892301466,-0.019490740740740746,3.459953703703704,0.11337962962962964,0.009572094170692675
2007-11-12,2008-02-12,0.007269012402351181,0.002309395094071682,0.0011122596111082436,7.318086987639509,0.004085560608461336,-0.0010818322892301466,-0.019490740740740746,3.459953703703704,0.11337962962962964,0.010613965488900541
2007-11-18,2008-02-18,0.007269012402351181,0.002309395094071682,0.0011122596111082436,7.318086987639509,0.004085560608461336,-0.0010818322892301466,-0.019490740740740746,3.459953703703704,0.11337962962962964,0.011074711996087769
2007-11-24,2008-02-24,0.007269012402351181,0.0006195477708102496,0.0005212930677442025,7.083825168215421,0.0025400621397287148,-0.00022133192378964662,-0.15063339778828505,2.165642636078317,0.015376943579005944,0.011118146575420353
2007-12-06,2008-03-06,0.007269012402351181,0.002309395094071682,0.0011122596111082436,7.318086987639509,0.004085560608461336,-0.0010818322892301466,-0.019490740740740746,3.459953703703704,0.11337962962962964,0.011320941650414171
2007-12-12,2008-03-12,0.007269012402351181,0.002309395094071682,0.0011122596111082436,7.318086987639509,0.004085560608461336,-0.0010818322892301466,-0.019490740740740746,3.459953703703704,0.11337962962962964,0.010649931308662616
2007-12-18,2008-03-18,0.007269012402351181,0.002309395094071682,0.0011122596111082436,7.318086987639509,0.004085560608461336,-0.0010818322892301466,-0.019490740740740746,3.459953703703704,0.11337962962962964,0.010485151157263936
2007-12-24,2008-03-24,0.004446356764560052,0.001446639616384031,0.0007388042969509001,7.000997949580408,0.0027413311752414763,6.103559751919046e-05,-0.13867991629580403,2.6657469974251495,0.1002351996624473,0.010018320677552112
